Date,Time,"VR VCC 전류 (SVID IOUT) [A]","CPU 패키지 전력 소비 [W]","IA 코어 전력 소비 [W]","시스템 에이전트 전력 소비 [W]","PL1 전력 제한 (Static) [W]","PL2 전력 제한 (Static) [W]","GPU 전력 소비 [W]","GPU 라인 전력 소비 (avg) [W]","GPU PCIe +12V 입력 전력 소비 [W]","GPU 12VHPWR 전력 소비 [W]","GPU Unknown Rail (D6) 전력 소비 (sum) [W]","GPU Core (NVVDD) 입력 전력 소비 (sum) [W]","GPU Unknown Rail (D4) 전력 소비 (sum) [W]","GPU Misc0 입력 전력 소비 (sum) [W]","GPU Unknown Rail (D) 전력 소비 (sum) [W]","GPU Unknown Rail (10) 전력 소비 [W]","GPU Core (NVVDD) 출력 전력 소비 [W]","GPU Core (NVVDD) 출력 전력 소비 [W]","PCH 전력 소비 [W]","나머지 칩 전력 소비 [W]","총 전력 소비 [W]","총 전력 소비 [W]","T3 [°C]",
11.11.2025,14:44:45.611,17.672,12.586,3.689,2.733,250.0,250.0,12.936,4.215,3.383,7.698,6.869,4.264,2.605,4.214,4.530,0.471,4.059,4.059,0.000,0.000,0.000,0.000,9.0,
11.11.2025,14:44:46.605,25.829,16.670,7.981,2.863,250.0,250.0,42.495,19.687,9.205,57.894,41.614,25.808,15.806,25.501,7.227,0.637,6.590,6.590,0.000,0.000,0.000,0.000,9.0,
11.11.2025,14:44:47.603,21.750,23.823,16.544,2.842,250.0,250.0,67.203,19.461,9.277,56.917,41.059,25.463,15.596,25.156,7.261,0.640,6.621,6.621,0.000,0.000,0.000,0.000,9.0,
11.11.2025,14:44:48.604,31.266,29.720,22.139,3.166,250.0,250.0,67.628,23.178,9.424,66.791,47.266,29.305,17.961,28.961,12.724,6.053,6.671,6.621,0.000,0.000,0.000,0.000,9.0,
11.11.2025,14:44:49.616,31.266,27.673,19.962,3.199,250.0,250.0,83.291,26.759,9.245,80.131,55.435,34.372,21.063,33.955,11.413,0.855,10.558,10.558,0.000,0.000,0.000,0.500,9.0,
11.11.2025,14:44:50.614,24.469,27.691,20.121,3.141,250.0,250.0,100.874,53.118,9.308,94.863,64.462,39.969,24.493,39.480,29.549,6.390,23.159,199.505,0.000,0.000,0.000,0.000,9.0,
11.11.2025,14:44:51.604,103.314,25.798,18.142,3.183,250.0,250.0,112.484,117.026,9.587,286.849,182.063,112.896,69.167,111.528,192.921,56.900,136.021,12.324,0.000,0.000,0.000,0.000,9.0,
11.11.2025,14:44:52.611,101.955,79.924,71.722,3.598,250.0,250.0,271.601,150.683,9.606,293.802,186.330,115.546,70.784,114.154,202.801,58.455,144.346,311.008,0.000,0.000,0.500,0.375,9.0,
11.11.2025,14:44:53.601,74.767,105.810,97.230,3.842,250.0,250.0,306.297,101.665,9.587,278.545,176.994,109.754,67.240,108.422,126.648,35.252,91.396,12.808,0.000,0.000,0.500,0.000,9.0,
11.11.2025,14:44:54.610,112.830,102.378,93.832,3.874,250.0,250.0,302.587,127.187,9.765,298.707,189.556,117.539,72.017,116.122,227.479,65.565,161.913,13.209,0.000,0.000,0.000,1.000,9.0,
11.11.2025,14:44:55.609,29.907,104.211,95.640,3.823,250.0,250.0,301.100,167.765,13.497,292.390,187.965,116.546,71.419,115.142,203.260,58.451,144.809,474.171,0.000,0.000,0.500,0.000,9.0,
11.11.2025,14:44:56.602,32.625,110.064,101.548,3.843,250.0,250.0,308.496,164.595,12.783,295.417,189.417,117.444,71.973,116.028,178.754,50.503,128.251,485.383,0.000,0.000,0.000,0.000,9.0,
11.11.2025,14:44:57.615,58.454,102.369,93.886,3.806,250.0,250.0,283.387,90.662,12.129,214.635,138.932,86.146,52.786,85.107,152.297,38.970,113.327,12.290,0.000,0.000,2.625,0.000,9.0,
11.11.2025,14:44:58.614,25.829,121.345,112.690,3.884,250.0,250.0,184.740,28.230,12.014,82.017,58.325,36.163,22.162,35.722,12.290,0.919,11.371,11.312,0.000,0.000,0.000,1.125,9.0,
11.11.2025,14:44:59.608,44.860,38.973,31.207,3.228,250.0,250.0,174.847,137.364,12.420,321.816,205.240,127.268,77.972,125.733,244.751,71.791,172.960,13.693,0.000,0.000,0.500,1.500,9.0,
11.11.2025,14:45:0.604,108.752,114.762,106.139,3.905,250.0,250.0,334.288,125.650,12.743,305.691,195.640,121.320,74.320,119.856,206.718,59.177,147.541,13.492,0.000,0.000,0.000,0.000,9.0,
11.11.2025,14:45:1.607,19.032,99.923,91.413,3.824,250.0,250.0,306.264,142.414,13.675,299.990,192.650,119.456,73.194,118.018,179.372,51.112,128.261,248.415,0.000,0.000,0.000,1.250,9.0,
11.11.2025,14:45:2.606,27.188,104.637,96.070,3.847,250.0,250.0,307.680,152.938,14.754,297.467,191.765,118.916,72.849,117.478,172.139,49.062,123.077,371.877,0.000,0.000,0.000,0.000,9.0,
11.11.2025,14:45:3.614,35.344,104.335,95.757,3.874,250.0,250.0,308.813,166.846,15.086,298.516,192.685,119.483,73.202,118.032,188.392,53.939,134.453,474.672,0.000,0.000,0.000,0.375,9.0,
11.11.2025,14:45:4.605,106.033,104.476,95.886,3.841,250.0,250.0,309.047,73.739,13.812,205.762,134.783,83.578,51.205,82.561,76.092,18.239,57.853,13.503,0.000,0.000,2.375,1.250,9.0,
11.11.2025,14:45:5.607,21.750,111.376,102.771,3.881,250.0,250.0,189.750,29.743,12.739,85.496,60.929,37.779,23.150,37.325,13.679,1.024,12.655,12.655,0.000,0.000,0.000,0.000,9.0,
11.11.2025,14:45:6.612,101.955,89.038,80.709,3.664,250.0,250.0,145.464,138.184,12.076,327.436,208.569,129.327,79.242,127.769,243.798,70.985,172.813,9.823,0.000,0.000,0.000,0.000,9.0,
11.11.2025,14:45:7.609,100.595,81.201,73.092,3.552,250.0,250.0,337.837,139.850,12.446,335.128,213.377,132.312,81.065,130.718,239.614,68.743,170.871,14.222,0.000,0.000,1.625,0.000,9.0,
11.11.2025,14:45:8.607,74.767,114.300,105.692,3.911,250.0,250.0,341.090,138.170,12.797,324.570,207.158,128.452,78.706,126.906,244.308,70.616,173.692,14.493,0.000,0.000,0.000,1.125,9.0,
11.11.2025,14:45:9.614,100.595,117.220,108.641,3.879,250.0,250.0,336.962,147.508,13.345,340.559,217.402,134.809,82.593,133.179,266.350,76.189,190.161,20.496,0.000,0.000,1.125,0.000,9.0,
11.11.2025,14:45:10.608,31.266,116.215,107.613,3.919,250.0,250.0,327.614,172.933,13.410,295.949,189.985,117.807,72.178,116.393,181.296,51.405,129.891,561.016,0.000,0.000,0.000,0.375,9.0,
11.11.2025,14:45:11.607,115.549,102.004,93.390,3.867,250.0,250.0,307.255,80.141,13.471,206.399,134.919,83.657,51.262,82.653,107.889,26.996,80.893,13.268,0.000,0.000,0.000,0.750,9.0,
11.11.2025,14:45:12.614,24.469,115.232,106.550,3.915,250.0,250.0,202.196,29.769,13.139,84.866,60.787,37.689,23.098,37.235,14.335,1.067,13.268,12.208,0.000,0.000,1.250,0.000,9.0,
11.11.2025,14:45:13.607,54.376,91.061,82.758,3.635,250.0,250.0,158.574,135.711,12.826,332.681,212.265,131.619,80.646,130.035,221.449,65.633,155.816,14.140,0.000,0.000,1.125,1.625,9.0,
11.11.2025,14:45:14.611,106.033,86.093,77.808,3.682,250.0,250.0,338.445,167.459,12.354,342.257,217.809,135.055,82.754,133.425,263.014,75.734,187.280,224.906,0.000,0.000,0.500,2.625,9.0,
11.11.2025,14:45:15.601,103.314,120.119,111.450,3.902,250.0,250.0,339.998,148.996,12.709,334.705,213.345,132.297,81.048,130.704,285.269,82.468,202.801,14.612,0.000,0.000,1.250,0.000,9.0,
11.11.2025,14:45:16.612,38.063,110.155,101.594,3.904,250.0,250.0,340.955,137.499,13.262,325.069,207.791,128.842,78.949,127.284,231.858,65.777,166.082,30.074,0.000,0.000,0.000,0.375,9.0,
11.11.2025,14:45:17.606,62.532,109.580,100.944,3.881,250.0,250.0,335.035,200.643,13.581,333.803,213.361,132.302,81.059,130.697,224.618,63.107,161.511,652.396,0.000,0.000,2.000,0.000,9.0,
11.11.2025,14:45:18.615,104.673,108.272,99.693,3.866,250.0,250.0,309.340,75.501,13.076,208.669,135.883,84.250,51.633,83.235,82.335,20.152,62.183,13.598,0.000,0.000,0.000,0.500,9.0,
11.11.2025,14:45:19.610,16.313,149.763,141.102,3.933,250.0,250.0,178.449,29.217,12.425,84.127,59.894,37.136,22.758,36.682,13.426,1.006,12.420,12.301,0.000,0.000,0.000,0.000,9.0,
11.11.2025,14:45:20.603,104.673,45.887,38.146,3.245,250.0,250.0,208.055,138.862,12.327,334.227,212.815,131.965,80.850,130.372,235.697,67.559,168.138,14.670,0.000,0.000,0.000,0.000,9.0,
11.11.2025,14:45:21.601,99.236,107.522,98.920,3.886,250.0,250.0,336.304,134.127,12.600,339.869,216.424,134.206,82.218,132.589,204.204,57.742,146.462,14.953,0.000,0.000,0.750,0.000,122.0,
11.11.2025,14:45:22.607,101.955,113.084,104.445,3.900,250.0,250.0,338.239,152.254,12.870,337.448,215.209,133.451,81.758,131.846,235.393,66.248,169.145,139.175,0.000,0.000,0.500,0.000,122.0,
11.11.2025,14:45:23.601,101.955,128.792,120.133,3.906,250.0,250.0,341.941,164.954,13.457,321.333,205.549,127.450,78.099,125.917,201.340,56.006,145.335,375.055,0.000,0.000,0.500,0.000,122.0,
11.11.2025,14:45:24.623,21.750,110.125,101.500,3.925,250.0,250.0,338.068,199.900,14.160,319.424,204.901,127.053,77.848,125.518,173.404,47.926,125.478,783.290,0.000,0.000,0.000,2.000,122.0,
11.11.2025,14:45:25.636,108.752,119.396,110.768,3.936,250.0,250.0,292.879,92.154,14.845,225.092,146.968,91.134,55.834,90.036,141.763,35.568,106.195,14.105,0.000,0.000,0.875,0.000,122.0,
11.11.2025,14:45:26.645,101.955,129.884,121.177,3.941,250.0,250.0,147.783,185.019,14.769,316.842,203.845,126.396,77.449,124.873,201.891,57.244,144.647,582.229,0.000,0.000,2.625,0.000,122.0,
11.11.2025,14:45:27.645,107.392,79.184,70.964,3.598,250.0,250.0,331.616,137.273,13.480,310.831,199.147,123.490,75.657,122.005,203.594,57.526,146.068,120.928,0.000,0.001,1.625,0.000,122.0,
11.11.2025,14:45:28.638,106.033,119.309,110.319,4.212,250.0,250.0,337.313,136.778,12.480,332.800,212.033,131.479,80.554,129.885,226.525,63.640,162.885,15.496,0.000,0.000,2.500,0.000,122.0,
11.11.2025,14:45:29.644,101.955,112.244,103.532,3.937,250.0,250.0,343.600,208.905,12.241,345.234,219.547,136.141,83.406,134.500,233.839,66.477,167.362,690.306,0.000,0.000,1.500,0.375,122.0,
11.11.2025,14:45:30.639,108.752,110.411,101.814,3.895,250.0,250.0,343.291,121.365,12.655,300.234,192.200,119.172,73.028,117.735,191.899,53.865,138.034,14.824,0.000,0.000,1.125,0.750,122.0,
11.11.2025,14:45:31.648,110.111,114.963,106.414,3.839,250.0,250.0,314.314,123.728,12.981,302.022,193.556,120.014,73.542,118.564,200.797,56.582,144.215,15.012,0.000,0.000,1.875,1.375,122.0,
11.11.2025,14:45:32.648,24.469,122.106,113.445,3.904,250.0,250.0,239.696,30.946,13.169,88.280,62.911,39.015,23.896,38.549,14.918,1.108,13.810,13.810,0.000,0.000,0.000,0.500,122.0,
11.11.2025,14:45:33.668,69.329,89.276,81.051,3.598,250.0,250.0,129.014,144.644,13.525,336.735,215.145,133.403,81.742,131.798,235.331,69.354,165.977,63.428,0.000,0.000,0.000,0.000,122.0,
11.11.2025,14:45:34.688,106.033,85.915,77.708,3.586,250.0,250.0,335.247,136.981,13.629,328.233,209.914,130.163,79.751,128.595,232.181,65.778,166.403,15.165,0.000,0.000,0.000,0.500,122.0,
11.11.2025,14:45:35.682,54.376,121.987,113.321,3.911,250.0,250.0,340.458,181.022,13.097,330.531,211.088,130.892,80.196,129.312,210.920,59.492,151.428,493.266,0.000,0.000,1.125,0.000,56.0,
11.11.2025,14:45:36.688,101.955,111.880,103.293,3.898,250.0,250.0,343.752,140.338,12.628,340.650,217.031,134.582,82.449,132.952,233.708,65.325,168.383,15.672,0.000,0.000,2.750,1.375,56.0,
11.11.2025,14:45:37.682,95.158,122.718,114.072,3.908,250.0,250.0,346.369,198.554,12.372,327.747,208.844,129.503,79.341,127.945,197.120,55.537,141.583,705.550,0.000,0.000,0.500,0.000,56.0,
11.11.2025,14:45:38.687,59.813,121.461,112.825,3.931,250.0,250.0,330.573,84.298,12.722,204.989,133.375,82.698,50.677,81.708,131.207,32.715,98.493,14.400,0.000,0.000,0.875,0.500,56.0,
11.11.2025,14:45:39.678,29.907,146.059,137.352,3.972,250.0,250.0,189.592,30.125,13.156,85.986,61.490,38.123,23.367,37.670,14.206,1.056,13.150,13.044,0.000,0.000,0.000,0.000,77.0,
11.11.2025,14:45:40.685,101.955,41.588,33.764,3.237,250.0,250.0,182.469,211.276,13.571,331.436,211.863,131.372,80.491,129.780,257.937,72.373,185.564,698.371,0.000,0.000,0.125,0.000,77.0,
11.11.2025,14:45:41.680,101.955,127.143,118.494,3.896,250.0,250.0,341.332,133.494,13.062,337.285,215.167,133.425,81.742,131.808,203.254,57.051,146.203,15.943,0.000,0.000,0.000,0.000,77.0,
11.11.2025,14:45:42.685,91.080,104.775,96.115,3.918,250.0,250.0,344.629,131.410,12.511,336.673,214.532,133.029,81.503,131.423,194.274,54.287,139.987,15.884,0.000,0.000,0.375,1.750,77.0,
11.11.2025,14:45:43.698,42.141,118.116,109.491,3.902,250.0,250.0,348.208,141.249,12.393,329.344,209.837,130.107,79.730,128.538,253.286,73.369,179.917,15.966,0.000,0.000,0.000,0.375,77.0,
11.11.2025,14:45:44.708,103.314,114.222,105.567,3.915,250.0,250.0,346.908,144.608,12.675,341.376,217.526,134.891,82.635,133.261,253.738,72.920,180.819,16.238,0.000,0.000,1.875,1.125,77.0,
11.11.2025,14:45:45.707,114.189,118.081,109.490,3.926,250.0,250.0,284.710,81.264,12.778,211.114,137.178,85.063,52.115,84.037,107.929,26.189,81.740,14.493,0.000,0.000,2.750,0.500,77.0,
11.11.2025,14:45:46.703,43.501,114.421,105.869,3.793,250.0,250.0,162.648,30.418,13.402,86.719,62.096,38.506,23.590,38.040,14.308,1.075,13.233,13.209,0.000,0.000,0.000,0.000,77.0,
11.11.2025,14:45:47.708,46.219,46.591,38.840,3.253,250.0,250.0,210.258,189.306,14.423,327.509,210.030,130.239,79.791,128.658,219.508,61.092,158.416,563.394,0.000,0.000,1.250,1.750,77.0,
11.11.2025,14:45:48.698,97.876,120.359,111.708,3.942,250.0,250.0,346.320,143.624,15.267,344.390,221.028,137.050,83.978,135.396,241.394,67.251,174.143,16.344,0.000,0.000,1.125,0.000,77.0,
11.11.2025,14:45:49.703,100.595,125.526,116.844,3.934,250.0,250.0,341.669,193.523,14.328,338.943,217.016,134.571,82.445,132.942,225.320,63.182,162.138,564.342,0.000,0.000,1.125,0.000,77.0,
11.11.2025,14:45:50.700,103.314,115.696,107.016,3.938,250.0,250.0,345.123,137.320,13.204,342.054,218.209,135.304,82.905,133.674,215.726,60.333,155.393,16.402,0.000,0.000,2.375,2.500,77.0,
11.11.2025,14:45:51.708,27.188,120.467,111.792,3.959,250.0,250.0,350.290,145.987,12.199,320.270,204.230,126.638,77.592,125.117,167.548,45.066,122.482,258.723,0.000,0.000,0.000,0.000,56.0,
11.11.2025,14:45:52.719,2.719,135.388,126.668,3.986,250.0,250.0,283.156,31.085,12.317,89.080,62.878,38.992,23.886,38.527,15.437,1.144,14.293,14.293,0.000,0.000,0.000,1.000,56.0,
11.11.2025,14:45:53.714,17.672,82.729,74.616,3.489,250.0,250.0,135.272,18.611,12.436,42.441,34.030,21.100,12.930,20.855,14.465,1.080,13.385,13.385,0.000,0.000,0.000,0.000,56.0,
11.11.2025,14:45:54.723,69.329,36.915,29.211,3.237,250.0,250.0,162.549,149.924,13.265,352.260,224.577,139.257,85.320,137.568,265.419,76.161,189.258,16.155,0.000,0.001,0.500,0.375,56.0,
11.11.2025,14:45:55.717,81.564,126.248,117.502,3.951,250.0,250.0,346.410,156.878,13.557,345.367,220.529,136.741,83.788,135.099,234.676,65.606,169.070,164.343,0.000,0.000,0.000,0.000,56.0,
11.11.2025,14:45:56.710,35.344,113.319,104.671,3.939,250.0,250.0,343.539,170.292,13.651,351.839,224.556,139.239,85.317,137.562,254.198,70.977,183.221,242.364,0.000,0.000,1.625,0.500,106.0,
11.11.2025,14:45:57.713,100.595,114.601,105.995,3.929,250.0,250.0,340.097,134.748,13.440,331.678,212.014,131.463,80.551,129.881,216.027,60.159,155.868,16.402,0.000,0.000,1.125,0.000,106.0,
11.11.2025,14:45:58.711,114.189,113.268,104.636,3.933,250.0,250.0,342.675,136.911,13.074,347.900,221.644,137.440,84.204,135.788,206.151,57.445,148.706,16.755,0.000,0.000,1.000,0.000,106.0,
11.11.2025,14:45:59.710,53.016,112.453,103.726,3.982,250.0,250.0,300.203,113.082,12.389,241.057,155.169,96.218,58.951,95.060,228.255,58.682,169.572,15.471,0.000,0.000,1.250,0.000,106.0,
11.11.2025,14:46:0.720,103.314,109.769,101.258,3.777,250.0,250.0,170.389,131.974,12.511,312.082,199.522,123.718,75.804,122.232,229.034,65.733,163.301,15.802,0.000,0.000,0.000,0.000,106.0,
11.11.2025,14:46:1.711,103.314,109.769,101.258,3.777,250.0,250.0,255.605,126.120,13.153,316.526,202.538,125.588,76.950,124.065,193.200,53.926,139.274,15.978,0.000,0.000,0.375,1.125,106.0,
11.11.2025,14:46:2.715,31.266,72.582,64.434,3.542,250.0,250.0,339.094,151.798,13.859,360.488,230.174,142.728,87.446,141.000,262.777,73.814,188.963,16.732,0.000,0.001,0.000,2.000,106.0,
11.11.2025,14:46:3.711,99.236,121.492,112.850,3.944,250.0,250.0,347.932,151.798,13.375,326.566,208.881,129.528,79.353,127.970,232.493,65.521,166.972,16.390,0.000,0.000,0.000,0.000,106.0,
11.11.2025,14:46:4.716,36.704,131.135,122.504,3.910,250.0,250.0,344.277,136.705,12.809,328.215,209.468,129.890,79.578,128.321,203.272,56.880,146.392,368.281,0.000,0.000,0.000,0.500,106.0,
11.11.2025,14:46:5.714,55.735,120.752,112.056,3.947,250.0,250.0,326.104,166.311,12.283,194.992,127.044,78.783,48.261,77.828,79.442,18.136,61.306,15.695,0.000,0.000,0.000,1.625,106.0,
11.11.2025,14:46:6.718,100.595,117.576,108.890,3.937,250.0,250.0,326.104,71.377,12.283,194.992,127.044,78.783,48.261,77.828,79.442,18.136,61.306,15.695,0.000,0.000,0.875,1.125,106.0,
11.11.2025,14:46:7.714,108.752,143.692,134.977,4.027,250.0,250.0,262.514,142.732,12.568,337.256,214.892,133.244,81.648,131.639,174.191,49.399,124.792,167.689,0.000,0.000,1.875,1.000,106.0,
11.11.2025,14:46:8.723,104.673,135.411,126.704,3.945,250.0,250.0,348.127,192.438,12.829,346.394,220.613,136.806,83.807,135.154,255.547,73.042,182.504,477.682,0.000,0.000,0.500,2.500,106.0,
11.11.2025,14:46:9.719,25.829,117.296,108.674,3.885,250.0,250.0,349.308,134.232,13.294,339.121,216.435,134.209,82.226,132.593,203.721,56.837,146.884,17.003,0.000,0.000,1.125,1.375,106.0,
11.11.2025,14:46:10.724,70.689,112.540,103.986,3.894,250.0,250.0,348.591,142.583,14.186,334.879,214.437,132.971,81.466,131.366,240.214,67.639,172.575,36.099,0.003,0.000,0.000,0.000,106.0,
11.11.2025,14:46:11.717,104.673,116.377,107.775,3.904,250.0,250.0,347.037,189.752,14.963,327.771,210.603,130.591,80.012,129.022,248.566,70.735,177.831,507.424,0.000,0.000,1.875,0.000,106.0,
11.11.2025,14:46:12.715,101.955,124.294,115.704,3.886,250.0,250.0,297.693,102.320,15.041,242.141,157.605,97.725,59.880,96.543,169.267,42.332,126.935,15.731,0.000,0.000,0.000,0.000,106.0,
11.11.2025,14:46:13.738,20.391,146.280,137.484,4.027,250.0,250.0,172.051,31.614,13.682,89.880,64.233,39.830,24.403,39.352,15.300,1.136,14.164,14.164,0.000,0.000,0.000,1.375,106.0,
11.11.2025,14:46:14.728,100.595,47.462,39.508,3.347,250.0,250.0,294.051,141.386,12.744,341.348,217.463,134.838,82.625,133.209,237.412,65.808,171.604,16.814,0.000,0.000,0.000,1.625,56.0,
11.11.2025,14:46:15.743,107.392,124.191,115.538,3.947,250.0,250.0,345.657,185.649,12.363,330.584,210.673,130.638,80.035,129.057,247.345,70.277,177.068,468.453,0.000,0.000,0.000,0.000,56.0,
11.11.2025,14:46:16.755,28.547,120.631,111.905,4.001,250.0,250.0,346.193,142.266,12.779,359.540,228.791,141.863,86.928,140.150,217.747,60.776,156.971,17.116,0.000,0.000,1.125,0.000,56.0,
11.11.2025,14:46:17.748,47.579,119.983,111.339,3.891,250.0,250.0,345.910,150.649,12.930,337.767,215.453,133.600,81.853,131.984,271.338,77.432,193.906,50.227,0.000,0.000,0.000,0.375,56.0,
11.11.2025,14:46:18.749,108.752,119.814,111.200,3.916,250.0,250.0,346.434,131.197,13.409,333.562,213.158,132.179,80.979,130.586,179.589,50.366,129.223,48.915,0.000,0.000,0.000,0.625,56.0,
11.11.2025,14:46:19.746,81.564,124.747,116.092,3.947,250.0,250.0,259.363,151.684,13.592,351.484,224.331,139.111,85.220,137.434,274.787,78.786,196.000,16.096,0.000,0.000,0.000,0.000,56.0,
11.11.2025,14:46:20.754,103.314,130.495,121.688,4.027,250.0,250.0,348.128,190.387,13.787,321.657,206.086,127.785,78.301,126.241,183.691,51.104,132.587,662.628,0.000,0.000,0.000,0.000,56.0,
11.11.2025,14:46:21.749,101.955,118.433,109.823,3.932,250.0,250.0,344.374,186.160,13.270,329.445,210.464,130.505,79.959,128.937,220.227,60.268,159.959,528.571,0.000,0.000,0.000,1.500,56.0,
11.11.2025,14:46:22.744,32.625,113.890,105.265,3.948,250.0,250.0,343.340,157.726,12.775,345.204,219.894,136.349,83.545,134.697,267.869,76.331,191.538,109.059,0.000,0.000,0.000,0.000,56.0,
11.11.2025,14:46:23.750,99.236,124.231,115.472,4.002,250.0,250.0,340.326,227.064,12.390,347.777,221.300,137.224,84.076,135.560,266.266,75.391,190.874,799.776,0.000,0.000,2.250,2.375,56.0,
11.11.2025,14:46:24.768,111.470,128.395,119.745,3.958,250.0,250.0,346.784,117.348,12.649,203.205,132.345,82.059,50.286,81.069,171.706,42.620,129.085,268.454,0.000,0.000,1.625,0.000,56.0,
11.11.2025,14:46:25.765,89.720,144.517,135.780,3.994,250.0,250.0,260.180,132.939,13.346,338.918,216.378,134.164,82.214,132.548,196.356,54.117,142.239,19.112,0.000,0.000,1.625,0.000,56.0,
11.11.2025,14:46:26.758,106.033,134.811,126.026,4.015,250.0,250.0,348.415,154.033,13.681,339.789,217.135,134.636,82.499,133.008,192.047,52.614,139.433,235.484,0.000,0.000,0.000,0.125,56.0,
11.11.2025,14:46:27.763,100.595,112.640,103.997,3.937,250.0,250.0,348.583,206.217,13.161,355.809,226.713,140.585,86.128,138.884,238.436,66.063,172.373,624.018,0.000,0.000,2.750,1.000,56.0,
11.11.2025,14:46:28.767,32.625,128.382,119.764,3.909,250.0,250.0,351.081,172.905,12.617,323.570,206.533,128.072,78.461,126.527,203.105,56.004,147.101,447.058,0.000,0.000,0.500,2.375,56.0,
11.11.2025,14:46:29.771,84.283,110.102,101.301,4.059,250.0,250.0,342.078,125.009,12.403,318.037,203.036,125.895,77.141,124.385,185.869,51.208,134.661,17.451,0.000,0.000,0.000,0.375,56.0,
11.11.2025,14:46:30.759,103.314,126.189,117.136,4.239,250.0,250.0,315.049,75.372,12.554,210.159,136.533,84.660,51.873,83.645,79.007,17.877,61.130,16.284,0.000,0.000,0.000,0.000,56.0,
11.11.2025,14:46:31.768,19.032,144.154,135.256,4.073,250.0,250.0,187.708,32.053,12.741,91.675,64.766,40.160,24.606,39.669,16.070,1.188,14.882,14.776,0.000,0.000,0.000,0.000,56.0,
11.11.2025,14:46:32.767,53.016,19.829,12.391,2.976,250.0,250.0,133.645,125.290,13.668,305.636,196.182,121.647,74.535,120.184,202.024,58.122,143.902,17.003,0.000,0.000,0.875,0.000,77.0,
11.11.2025,14:46:33.758,103.314,105.469,97.046,3.744,250.0,250.0,299.315,160.420,14.540,349.964,224.011,138.903,85.108,137.225,249.289,69.396,179.893,155.868,0.000,0.000,1.250,0.000,77.0,
11.11.2025,14:46:34.768,51.657,101.899,93.517,3.715,250.0,250.0,339.388,183.663,15.180,332.911,213.903,132.632,81.271,131.039,205.058,56.638,148.420,519.581,0.000,0.000,1.625,0.000,77.0,
11.11.2025,14:46:35.758,103.314,117.386,108.722,3.965,250.0,250.0,338.511,137.826,14.519,323.636,207.736,128.815,78.921,127.259,239.930,67.970,171.960,17.509,0.000,0.000,2.500,0.375,77.0,
11.11.2025,14:46:36.772,100.595,117.120,108.472,3.897,250.0,250.0,342.026,140.374,13.522,338.494,216.248,134.088,82.160,132.472,234.507,65.971,168.536,17.746,0.000,0.000,0.000,0.000,42.0,
11.11.2025,14:46:37.764,112.830,122.853,114.240,3.938,250.0,250.0,347.534,90.017,12.311,219.295,141.942,88.020,53.922,86.958,140.388,34.346,106.042,16.944,0.000,0.000,0.000,1.125,9.0,
11.11.2025,14:46:38.768,21.750,153.680,144.900,4.068,250.0,250.0,233.987,32.505,12.322,93.592,65.688,40.730,24.958,40.240,16.243,1.207,15.036,15.036,0.000,0.000,0.000,0.000,9.0,
11.11.2025,14:46:39.763,78.845,54.807,46.851,3.355,250.0,250.0,186.450,135.338,12.865,327.903,209.244,129.755,79.489,128.187,224.335,61.964,162.371,17.262,0.000,0.000,0.375,0.500,9.0,
11.11.2025,14:46:40.761,91.080,124.987,116.387,3.896,250.0,250.0,342.137,188.084,13.256,351.980,224.463,139.192,85.271,137.515,259.097,73.402,185.695,410.971,0.000,0.000,1.500,0.000,9.0,
11.11.2025,14:46:41.770,103.314,120.414,111.731,3.956,250.0,250.0,347.088,148.155,13.520,357.493,227.989,141.369,86.620,139.656,248.554,70.673,177.881,17.792,0.000,0.000,0.500,1.000,9.0,
11.11.2025,14:46:42.762,31.266,122.281,113.673,3.898,250.0,250.0,341.904,158.781,13.712,327.313,209.448,129.879,79.569,128.311,250.512,70.840,179.672,198.550,0.000,0.000,0.000,0.875,9.0,
11.11.2025,14:46:43.757,107.392,119.610,111.009,3.924,250.0,250.0,340.515,140.553,13.762,347.033,221.644,137.436,84.208,135.772,223.630,61.511,162.119,18.417,0.000,0.000,0.375,0.000,9.0,
11.11.2025,14:46:44.767,73.407,118.105,109.399,3.935,250.0,250.0,302.789,90.631,12.973,221.962,143.954,89.257,54.697,88.183,139.322,33.508,105.814,16.638,0.000,0.000,0.750,0.000,9.0,
11.11.2025,14:46:45.764,106.033,138.631,129.957,4.002,250.0,250.0,279.803,139.783,12.677,339.146,216.112,134.002,82.110,132.386,231.448,63.867,167.581,18.499,0.000,0.000,1.250,0.375,9.0,
11.11.2025,14:46:46.758,35.344,115.938,107.279,3.896,250.0,250.0,343.846,138.850,12.577,339.382,216.213,134.075,82.138,132.460,205.647,56.672,148.975,60.362,0.000,0.000,1.500,1.500,9.0,
11.11.2025,14:46:47.767,21.750,123.620,115.032,3.924,250.0,250.0,347.546,140.195,13.103,331.096,211.424,131.106,80.318,129.526,243.613,69.276,174.337,18.146,0.000,0.000,0.000,0.000,9.0,
11.11.2025,14:46:48.762,107.392,123.149,114.495,3.914,250.0,250.0,346.111,130.809,13.647,327.916,209.810,130.106,79.704,128.537,200.067,55.206,144.861,18.241,0.000,0.000,0.000,0.375,9.0,
11.11.2025,14:46:49.758,103.314,121.789,113.173,3.930,250.0,250.0,346.281,189.574,13.696,343.751,219.567,136.141,83.426,134.500,214.032,58.735,155.297,536.598,0.000,0.000,0.000,1.875,9.0,
11.11.2025,14:46:50.756,16.313,125.253,116.576,3.928,250.0,250.0,292.097,45.839,12.835,142.697,95.750,59.371,36.379,58.666,18.308,1.416,16.892,16.072,0.000,0.000,0.000,0.000,76.0,
11.11.2025,14:46:51.777,95.158,97.191,88.793,3.682,250.0,250.0,159.056,142.161,12.435,335.641,213.968,132.680,81.288,131.074,248.338,71.216,177.122,17.852,0.000,0.000,1.125,1.500,76.0,
11.11.2025,14:46:52.780,35.344,85.603,77.307,3.683,250.0,250.0,294.662,180.234,12.536,342.287,217.962,135.153,82.809,133.525,264.277,75.188,189.089,349.515,0.000,0.001,2.250,0.000,76.0,
11.11.2025,14:46:53.779,87.001,121.353,112.399,4.139,250.0,250.0,337.628,134.277,12.783,328.410,209.565,129.940,79.625,128.372,217.923,60.524,157.399,18.228,0.000,0.000,0.000,0.375,76.0,
11.11.2025,14:46:54.779,21.750,128.934,120.014,4.092,250.0,250.0,339.244,146.888,13.105,356.219,226.944,140.728,86.216,139.028,239.942,68.415,171.528,26.760,0.000,0.000,0.000,0.000,76.0,
11.11.2025,14:46:55.775,104.673,119.445,110.768,3.993,250.0,250.0,344.974,141.789,13.888,349.452,223.247,138.428,84.819,136.752,226.319,62.763,163.556,18.665,0.000,0.000,1.250,0.000,76.0,
11.11.2025,14:46:56.789,95.158,117.819,109.146,3.914,250.0,250.0,347.844,76.542,14.724,212.207,139.130,86.268,52.862,85.230,79.093,17.824,61.269,16.814,0.000,0.000,1.125,2.000,76.0,
11.11.2025,14:46:57.789,24.469,138.804,130.077,4.019,250.0,250.0,264.330,33.082,15.101,92.411,66.681,41.352,25.329,40.849,16.783,1.252,15.531,15.531,0.000,0.000,0.000,0.000,76.0,
11.11.2025,14:46:58.796,103.314,60.127,52.057,3.438,250.0,250.0,185.965,172.816,14.101,352.729,225.390,139.756,85.634,138.079,261.038,73.822,187.216,250.393,0.000,0.000,0.000,0.500,76.0,
11.11.2025,14:46:59.793,106.033,127.791,119.170,3.916,250.0,250.0,349.980,133.763,13.044,340.573,217.222,134.690,82.532,133.061,198.897,55.016,143.882,18.711,0.000,0.000,0.000,1.500,76.0,
11.11.2025,14:47:0.799,33.985,123.793,115.175,3.878,250.0,250.0,345.120,189.166,12.451,344.010,218.931,135.754,83.177,134.114,236.403,65.427,170.976,490.418,0.000,0.000,0.500,0.000,76.0,
11.11.2025,14:47:1.805,42.141,125.492,116.868,3.891,250.0,250.0,349.731,148.088,12.723,349.803,222.787,138.140,84.647,136.475,258.634,72.823,185.811,19.042,0.000,0.000,0.000,0.000,76.0,
11.11.2025,14:47:2.804,59.813,115.267,106.669,3.931,250.0,250.0,341.687,151.762,13.093,333.251,212.781,131.945,80.836,130.352,245.381,69.817,175.564,124.595,0.000,0.000,0.000,1.125,76.0,
11.11.2025,14:47:3.818,25.829,122.928,114.244,3.972,250.0,250.0,254.702,115.033,13.268,239.619,154.885,96.034,58.851,94.877,170.101,41.653,128.448,152.589,0.000,0.000,1.250,0.000,76.0,
11.11.2025,14:47:4.813,103.314,112.815,104.284,3.766,250.0,250.0,156.212,138.118,13.611,336.131,214.968,133.303,81.665,131.696,159.890,43.855,116.035,150.026,0.000,0.000,1.625,0.875,76.0,
11.11.2025,14:47:5.814,110.111,85.462,77.209,3.613,250.0,250.0,348.126,193.136,13.932,332.028,212.536,131.790,80.746,130.197,235.101,64.654,170.447,559.925,0.000,0.000,0.000,0.000,76.0,
11.11.2025,14:47:6.805,19.032,116.381,107.792,3.929,250.0,250.0,348.315,139.191,13.491,347.858,221.923,137.612,84.311,135.948,215.969,58.896,157.073,18.830,0.000,0.001,1.500,0.000,76.0,
11.11.2025,14:47:7.809,100.595,119.545,110.902,3.889,250.0,250.0,340.878,219.648,12.893,334.104,213.189,132.188,81.001,130.596,237.137,62.422,174.715,818.235,0.000,0.000,1.125,1.500,76.0,
11.11.2025,14:47:8.811,43.501,108.538,99.949,3.883,250.0,250.0,344.532,228.406,12.519,350.165,222.800,138.153,84.647,136.489,223.882,61.670,162.212,891.521,0.000,0.000,1.125,0.500,76.0,
11.11.2025,14:47:9.806,88.361,116.399,107.786,3.926,250.0,250.0,325.483,85.429,12.713,224.145,145.158,90.001,55.157,88.915,110.393,25.807,84.586,17.416,0.000,0.000,0.000,0.000,76.0,
11.11.2025,14:47:10.816,31.266,149.907,141.188,3.992,250.0,250.0,189.687,32.779,13.224,92.795,65.749,40.771,24.978,40.281,17.125,1.265,15.860,15.743,0.000,0.000,0.000,0.000,9.0,
11.11.2025,14:47:11.808,31.266,67.228,59.152,3.466,250.0,250.0,310.490,165.273,13.871,325.891,208.722,129.427,79.295,127.869,196.969,54.225,142.744,373.717,0.000,0.000,0.000,0.000,9.0,
11.11.2025,14:47:12.810,47.579,118.353,109.671,3.934,250.0,250.0,318.811,133.305,13.447,319.573,204.634,126.896,77.738,125.362,203.735,56.163,147.572,57.931,0.000,0.000,0.500,2.625,9.0,
11.11.2025,14:47:13.807,111.470,105.488,96.825,3.890,250.0,250.0,313.094,151.497,12.943,296.402,190.031,117.837,72.194,116.412,176.088,46.474,129.614,356.974,0.000,0.000,0.000,0.000,9.0,
11.11.2025,14:47:14.808,93.798,108.275,99.754,3.873,250.0,250.0,313.987,124.704,12.427,303.604,194.117,120.370,73.747,118.909,202.562,55.651,146.911,18.747,0.000,0.000,0.000,0.500,9.0,
11.11.2025,14:47:15.815,28.547,112.313,103.693,3.877,250.0,250.0,314.820,119.852,12.709,304.256,194.710,120.742,73.968,119.281,177.022,48.358,128.665,18.807,0.000,0.000,0.000,0.000,9.0,
11.11.2025,14:47:16.814,107.392,103.734,95.226,3.796,250.0,250.0,291.765,74.246,12.905,200.553,130.959,81.196,49.763,80.217,84.575,18.915,65.660,17.721,0.000,0.000,0.500,0.000,9.0,
11.11.2025,14:47:17.812,23.110,128.559,119.869,3.950,250.0,250.0,183.851,32.945,13.260,93.288,66.082,40.969,25.113,40.478,17.216,1.273,15.943,15.824,0.000,0.000,0.000,1.000,9.0,
11.11.2025,14:47:18.805,101.955,45.097,37.280,3.310,250.0,250.0,256.229,117.935,14.355,313.835,201.674,125.053,76.621,123.543,152.993,42.247,110.746,18.287,0.000,0.000,0.000,0.000,9.0,
11.11.2025,14:47:19.813,100.595,130.128,121.500,3.886,250.0,250.0,350.687,163.937,15.164,342.390,219.637,136.192,83.445,134.539,267.625,75.103,192.522,172.757,0.000,0.000,2.375,2.250,9.0,
11.11.2025,14:47:20.807,36.704,124.528,115.963,3.846,250.0,250.0,348.451,132.953,14.858,332.566,213.405,132.325,81.080,130.733,203.045,55.817,147.228,18.472,0.000,0.000,0.125,0.375,9.0,
11.11.2025,14:47:21.813,96.517,116.228,107.749,3.866,250.0,250.0,346.012,200.913,13.730,329.644,210.909,130.775,80.134,129.195,260.956,73.380,187.576,592.831,0.000,0.000,1.125,1.125,9.0,
11.11.2025,14:47:22.811,96.517,124.134,115.513,3.866,250.0,250.0,347.373,202.358,12.612,353.716,225.056,139.554,85.502,137.866,203.421,55.766,147.656,662.435,0.000,0.000,0.625,0.000,9.0,
11.11.2025,14:47:23.811,24.469,124.491,115.933,3.867,250.0,250.0,277.591,50.561,12.426,159.819,105.876,65.651,40.225,64.850,19.425,1.514,17.911,17.911,0.000,0.000,0.000,0.000,9.0,
11.11.2025,14:47:24.818,38.063,100.338,91.882,3.715,250.0,250.0,156.533,142.530,12.873,324.407,207.215,128.487,78.728,126.930,264.137,74.609,189.528,18.383,0.000,0.000,0.500,0.000,9.0,
11.11.2025,14:47:25.815,80.204,101.122,92.831,3.668,250.0,250.0,346.748,130.040,13.314,334.535,213.721,132.525,81.196,130.932,187.356,51.909,135.447,19.466,0.000,0.000,0.000,0.000,9.0,
11.11.2025,14:47:26.811,93.798,121.264,112.704,3.877,250.0,250.0,352.252,126.908,13.511,333.766,213.314,132.277,81.037,130.685,172.553,45.307,127.246,19.383,0.000,0.001,0.000,0.000,9.0,
11.11.2025,14:47:27.806,19.032,122.238,113.676,3.864,250.0,250.0,346.998,197.809,13.772,347.290,221.830,137.554,84.276,135.891,218.917,60.386,158.531,599.646,0.000,0.000,0.500,0.000,9.0,
11.11.2025,14:47:28.804,51.657,126.074,117.445,3.901,250.0,250.0,353.153,167.365,13.907,352.625,225.173,139.626,85.547,137.938,259.490,71.031,188.459,199.858,0.000,0.001,0.500,1.125,9.0,
11.11.2025,14:47:29.809,85.642,121.862,113.213,3.927,250.0,250.0,323.953,88.921,12.915,226.292,146.609,90.908,55.701,89.821,124.716,30.108,94.608,17.529,0.000,0.000,1.500,1.125,9.0,
11.11.2025,14:47:30.808,31.266,138.358,129.548,4.105,250.0,250.0,188.511,31.500,12.747,89.014,63.107,39.132,23.975,38.666,16.589,1.280,15.308,15.182,0.000,0.000,0.000,1.125,9.0,
11.11.2025,14:47:31.805,99.236,35.542,27.540,3.401,250.0,250.0,101.359,147.281,12.529,316.709,202.289,125.430,76.859,123.922,192.473,54.980,137.493,230.123,0.000,0.000,1.500,0.000,9.0,
11.11.2025,14:47:32.811,85.642,87.384,79.146,3.660,250.0,250.0,326.616,143.466,13.159,349.428,222.712,138.103,84.609,136.439,235.642,65.746,169.895,18.923,0.000,0.001,0.625,1.000,9.0,
11.11.2025,14:47:33.809,107.392,123.400,114.721,3.909,250.0,250.0,353.177,131.778,13.740,327.271,209.439,129.875,79.564,128.307,204.714,56.108,148.606,20.152,0.000,0.000,0.500,1.875,9.0,
11.11.2025,14:47:34.805,101.955,128.810,120.189,3.929,250.0,250.0,345.327,138.564,13.741,307.542,197.329,122.354,74.975,120.882,199.372,54.492,144.879,150.076,0.000,0.000,0.000,1.375,106.0,
11.11.2025,14:47:35.807,107.392,131.054,122.406,3.956,250.0,250.0,350.824,122.856,13.400,327.697,209.565,129.944,79.621,128.375,160.559,41.478,119.081,18.842,0.000,0.000,0.000,0.375,106.0,
11.11.2025,14:47:36.816,112.830,121.325,112.699,3.931,250.0,250.0,340.774,97.605,12.733,225.285,145.850,90.443,55.407,89.345,169.487,41.449,128.038,18.016,0.000,0.000,0.750,0.000,106.0,
11.11.2025,14:47:37.808,23.110,145.589,136.752,4.052,250.0,250.0,199.710,32.811,12.449,93.338,65.609,40.682,24.927,40.192,17.421,1.349,16.072,16.072,0.000,0.000,0.000,0.000,106.0,
11.11.2025,14:47:38.810,104.673,20.027,12.572,2.979,250.0,250.0,91.747,191.988,12.873,329.508,210.334,130.429,79.905,128.849,249.892,72.936,176.956,528.201,0.000,0.000,0.000,0.000,106.0,
11.11.2025,14:47:39.806,99.236,80.082,71.852,3.611,250.0,250.0,329.081,213.541,13.302,353.242,225.208,139.650,85.558,137.963,264.689,74.498,190.191,651.108,0.000,0.000,1.875,0.000,106.0,
11.11.2025,14:47:40.810,33.985,130.951,122.357,3.918,250.0,250.0,354.046,157.786,14.159,351.737,224.750,139.360,85.390,137.674,249.049,68.338,180.711,126.693,0.000,0.001,2.625,0.375,106.0,
11.11.2025,14:47:41.811,103.314,123.116,114.509,3.914,250.0,250.0,348.152,182.073,14.730,339.050,217.259,134.722,82.537,133.096,271.579,76.747,194.832,356.178,0.000,0.000,0.000,0.500,106.0,
11.11.2025,14:47:42.804,43.501,115.972,107.337,3.914,250.0,250.0,346.647,183.099,15.531,327.325,210.605,130.594,80.011,129.014,223.237,62.630,160.607,491.439,0.000,0.000,0.500,0.375,106.0,
11.11.2025,14:47:43.814,95.158,111.173,102.582,3.903,250.0,250.0,348.326,79.180,14.477,198.006,130.285,80.789,49.496,79.811,110.487,25.871,84.616,17.958,0.000,0.000,1.125,0.375,106.0,
11.11.2025,14:47:44.815,51.657,140.107,131.306,4.024,250.0,250.0,216.432,33.222,13.205,94.001,66.491,41.233,25.258,40.730,17.532,1.294,16.238,16.238,0.000,0.000,0.000,0.375,106.0,
11.11.2025,14:47:45.815,101.955,60.241,52.129,3.480,250.0,250.0,212.145,171.869,12.460,334.538,213.138,132.164,80.974,130.572,230.495,62.648,167.848,353.858,0.000,0.000,0.500,0.000,106.0,
11.11.2025,14:47:46.806,39.422,127.518,118.923,3.904,250.0,250.0,352.846,140.154,12.807,348.514,221.922,137.603,84.319,135.940,220.645,60.712,159.933,19.148,0.000,0.000,1.625,0.500,106.0,
11.11.2025,14:47:47.806,43.501,120.991,112.410,3.920,250.0,250.0,354.854,149.687,13.260,345.485,220.411,136.667,83.744,135.016,203.220,55.648,147.572,155.850,0.000,0.000,0.000,0.000,106.0,
11.11.2025,14:47:48.813,19.032,125.539,116.905,3.906,250.0,250.0,354.568,135.423,13.559,332.458,212.544,131.799,80.745,130.207,216.563,58.916,157.647,19.788,0.000,0.000,2.500,0.000,106.0,
11.11.2025,14:47:49.810,108.752,121.226,112.627,3.923,250.0,250.0,339.475,96.160,13.668,293.653,188.728,117.019,71.709,115.607,70.810,15.193,55.617,19.595,0.000,0.000,0.000,0.000,106.0,
11.11.2025,14:47:50.809,19.032,135.055,126.384,3.981,250.0,250.0,282.034,34.024,13.764,94.879,67.377,41.784,25.593,41.281,19.493,1.441,18.052,16.579,0.000,0.000,0.000,0.750,106.0,
11.11.2025,14:47:51.810,111.470,88.026,79.803,3.585,250.0,250.0,153.881,133.586,13.758,311.172,199.580,123.752,75.828,122.268,235.256,65.854,169.402,18.994,0.000,0.000,0.000,0.000,106.0,
11.11.2025,14:47:52.804,111.470,88.026,79.803,3.585,250.0,250.0,297.014,191.716,13.156,326.274,208.528,129.307,79.221,127.752,185.820,50.302,135.518,661.280,0.000,0.000,0.000,0.000,106.0,
11.11.2025,14:47:53.814,62.532,95.581,87.180,3.749,250.0,250.0,342.547,147.615,12.770,339.674,216.497,134.247,82.250,132.620,247.131,67.586,179.545,63.835,0.000,0.000,0.000,0.000,106.0,
11.11.2025,14:47:54.813,110.111,121.395,112.792,3.910,250.0,250.0,348.890,154.152,12.919,341.404,217.602,134.929,82.673,133.302,257.129,70.653,186.476,104.430,0.000,0.000,0.750,1.750,77.0,
11.11.2025,14:47:55.807,40.782,115.224,106.643,3.902,250.0,250.0,346.942,140.464,13.457,338.165,215.986,133.923,82.063,132.307,234.735,63.832,170.903,19.266,0.000,0.000,0.500,0.000,77.0,
11.11.2025,14:47:56.805,100.595,123.356,114.670,3.956,250.0,250.0,300.854,88.265,13.873,236.217,153.274,95.044,58.230,93.898,106.597,24.788,81.809,18.923,0.000,0.000,0.000,2.250,77.0,
11.11.2025,14:47:57.804,119.627,106.300,97.708,3.905,250.0,250.0,176.816,84.555,13.421,98.698,69.451,43.069,26.382,42.542,17.679,1.395,16.284,516.633,0.000,0.000,0.000,0.000,77.0,
11.11.2025,14:47:58.816,104.673,147.227,138.464,4.049,250.0,250.0,320.161,138.285,13.047,352.924,224.857,139.431,85.426,137.743,204.670,55.856,148.814,20.079,0.000,0.000,0.000,0.000,19.0,
11.11.2025,14:47:59.816,104.673,60.675,52.601,3.458,250.0,250.0,348.135,136.397,12.604,346.863,220.814,136.924,83.890,135.261,204.000,55.696,148.304,19.619,0.000,0.000,1.750,1.125,19.0,
11.11.2025,14:48:0.808,77.486,127.524,118.892,3.935,250.0,250.0,350.564,136.397,12.728,315.796,201.743,125.098,76.645,123.590,204.245,55.649,148.596,20.067,0.000,0.000,1.125,0.000,19.0,
11.11.2025,14:48:1.806,25.829,116.593,107.974,3.921,250.0,250.0,350.564,128.416,12.728,315.796,201.743,125.098,76.645,123.590,204.245,55.649,148.596,20.067,0.000,0.000,0.000,0.000,20.0,
11.11.2025,14:48:2.818,43.501,125.260,116.583,3.960,250.0,250.0,343.933,144.031,13.151,342.256,218.376,135.413,82.963,133.773,247.495,69.520,177.975,19.383,0.000,0.000,1.250,0.125,20.0,
11.11.2025,14:48:3.811,115.549,118.214,109.580,3.958,250.0,250.0,346.459,136.820,13.655,347.469,221.836,137.551,84.285,135.899,203.896,55.656,148.240,19.714,0.000,0.000,0.000,0.000,20.0,
11.11.2025,14:48:4.806,21.750,138.168,129.418,4.022,250.0,250.0,234.432,34.273,14.334,95.726,68.259,42.323,25.936,41.821,18.669,1.678,16.991,16.991,0.000,0.001,1.750,0.000,20.0,
11.11.2025,14:48:5.811,99.236,79.851,71.666,3.581,250.0,250.0,193.226,134.472,15.142,329.257,211.559,131.183,80.376,129.603,214.319,59.110,155.209,18.959,0.000,0.000,1.125,0.750,20.0,
11.11.2025,14:48:6.808,100.595,108.012,99.438,3.855,250.0,250.0,345.036,140.036,15.375,327.411,210.577,130.576,80.001,128.996,244.184,68.734,175.450,19.054,0.000,0.000,0.000,0.375,20.0,
11.11.2025,14:48:7.807,107.392,122.454,113.863,3.929,250.0,250.0,354.305,130.706,14.192,331.675,212.398,131.698,80.700,130.107,193.112,51.714,141.398,20.067,0.000,0.000,0.000,0.000,20.0,
11.11.2025,14:48:8.805,67.970,124.322,115.643,3.943,250.0,250.0,358.136,168.514,13.125,337.658,215.487,133.617,81.870,132.001,178.595,48.569,130.027,414.189,0.000,0.000,1.625,0.000,20.0,
11.11.2025,14:48:9.806,40.782,121.170,112.578,3.935,250.0,250.0,348.346,193.769,12.660,341.234,217.389,134.799,82.590,133.172,204.907,56.088,148.819,606.030,0.000,0.000,1.000,0.000,20.0,
11.11.2025,14:48:10.810,110.111,130.052,121.475,3.912,250.0,250.0,305.030,84.007,12.901,217.971,141.501,87.738,53.763,86.689,110.640,25.443,85.197,18.228,0.000,0.000,0.500,0.000,20.0,
11.11.2025,14:48:11.812,103.314,136.174,127.460,3.904,250.0,250.0,157.165,185.740,13.357,309.000,198.175,122.892,75.283,121.407,257.501,73.595,183.906,502.287,0.000,0.000,0.000,0.000,20.0,
11.11.2025,14:48:12.812,23.110,73.649,65.549,3.536,250.0,250.0,295.585,218.821,13.639,322.868,206.727,128.192,78.535,126.648,216.628,59.561,157.067,878.350,0.000,0.000,0.000,0.000,20.0,
11.11.2025,14:48:13.810,111.470,106.031,97.430,3.870,250.0,250.0,318.392,125.652,13.761,305.597,196.197,121.657,74.540,120.185,202.781,55.451,147.330,19.019,0.000,0.000,1.250,0.375,20.0,
11.11.2025,14:48:14.807,24.469,101.720,93.179,3.849,250.0,250.0,320.419,123.873,14.023,308.796,198.370,123.000,75.370,121.515,189.106,51.648,137.457,19.443,0.000,0.000,0.500,1.375,20.0,
11.11.2025,14:48:15.809,20.391,112.322,103.743,3.859,250.0,250.0,315.699,131.473,13.626,319.552,204.665,126.907,77.758,125.376,213.553,58.210,155.343,19.737,0.000,0.000,1.625,1.125,20.0,
11.11.2025,14:48:16.816,91.080,99.879,91.397,3.841,250.0,250.0,319.334,176.680,12.944,313.810,200.704,124.448,76.256,122.941,203.995,55.649,148.346,507.703,0.000,0.000,0.375,0.000,20.0,
11.11.2025,14:48:17.808,111.470,103.181,94.592,3.847,250.0,250.0,290.122,131.853,12.578,228.180,147.532,91.479,56.053,90.370,109.525,24.896,84.629,473.293,0.000,0.000,0.375,0.000,20.0,
11.11.2025,14:48:18.811,65.251,149.127,140.383,4.050,250.0,250.0,295.808,144.122,13.110,333.747,213.031,132.088,80.943,130.497,259.086,70.846,188.240,19.630,0.000,0.000,0.000,1.250,20.0,
11.11.2025,14:48:19.811,103.314,127.448,118.823,3.920,250.0,250.0,345.095,148.480,13.687,338.020,216.121,134.007,82.114,132.392,237.877,67.002,170.875,92.702,0.000,0.000,1.250,0.500,20.0,
11.11.2025,14:48:20.805,84.283,117.042,108.371,3.930,250.0,250.0,352.069,132.868,13.976,336.808,215.534,133.653,81.881,132.038,197.231,54.502,142.729,20.326,0.000,0.000,0.000,1.750,20.0,
11.11.2025,14:48:21.810,100.595,117.468,108.860,3.926,250.0,250.0,348.701,153.225,13.394,340.346,217.266,134.721,82.545,133.095,227.545,62.169,165.376,155.787,0.000,0.000,0.375,0.000,20.0,
11.11.2025,14:48:22.807,28.547,128.034,119.464,3.897,250.0,250.0,350.508,149.425,12.822,340.860,217.205,134.678,82.527,133.053,248.966,67.826,181.140,75.176,0.000,0.000,0.500,1.000,20.0,
11.11.2025,14:48:23.808,20.391,130.230,121.520,3.971,250.0,250.0,292.338,35.985,12.487,101.939,70.899,43.965,26.934,43.426,20.574,1.520,19.054,19.054,0.000,0.000,0.000,0.000,20.0,
11.11.2025,14:48:24.816,39.422,102.648,94.229,3.704,250.0,250.0,149.318,118.057,12.884,319.852,204.369,126.722,77.647,125.202,147.208,39.686,107.522,19.478,0.000,0.000,0.000,0.000,20.0,
11.11.2025,14:48:25.814,101.955,84.549,76.213,3.663,250.0,250.0,340.711,132.656,13.197,331.330,211.665,131.241,80.424,129.661,204.366,55.457,148.909,20.314,0.000,0.000,0.000,0.000,20.0,
11.11.2025,14:48:26.807,110.111,122.906,114.304,3.915,250.0,250.0,350.730,150.334,13.960,331.774,212.415,131.712,80.703,130.132,265.167,74.541,190.626,72.313,0.000,0.000,0.000,1.250,76.0,
11.11.2025,14:48:27.813,46.219,110.730,102.137,3.904,250.0,250.0,355.095,194.341,14.652,316.860,203.543,126.216,77.327,124.697,205.891,55.976,149.915,668.338,0.000,0.000,1.375,0.375,76.0,
11.11.2025,14:48:28.813,28.547,117.126,108.579,3.881,250.0,250.0,345.460,179.522,15.510,332.317,213.683,132.500,81.183,130.896,176.213,47.841,128.371,536.706,0.000,0.000,0.000,0.375,76.0,
11.11.2025,14:48:29.811,112.830,124.273,115.704,3.906,250.0,250.0,349.146,125.819,14.691,224.973,146.917,91.096,55.821,89.999,114.378,26.371,88.007,405.936,0.000,0.000,0.000,0.000,76.0,
11.11.2025,14:48:30.808,16.313,151.490,142.610,4.083,250.0,250.0,209.189,33.818,13.601,95.248,67.517,41.869,25.648,41.354,18.135,1.382,16.753,16.673,0.000,0.000,0.000,0.000,76.0,
11.11.2025,14:48:31.808,104.673,20.485,12.996,3.024,250.0,250.0,99.195,129.718,12.820,333.716,212.941,132.032,80.909,130.439,192.548,54.794,137.754,9.230,0.000,0.000,0.000,0.000,76.0,
11.11.2025,14:48:32.804,103.314,95.282,86.617,3.916,250.0,250.0,323.401,129.303,12.740,318.105,203.222,126.006,77.216,124.486,205.712,56.173,149.539,19.831,0.000,0.000,0.000,1.625,76.0,
11.11.2025,14:48:33.811,108.752,119.648,110.796,4.117,250.0,250.0,340.480,165.495,13.206,336.588,214.896,133.255,81.641,131.639,204.165,55.501,148.665,335.395,0.000,0.000,1.625,0.000,76.0,
11.11.2025,14:48:34.808,97.876,124.349,115.627,3.970,250.0,250.0,350.499,193.756,13.477,326.102,208.625,129.363,79.262,127.795,225.574,62.555,163.019,601.788,0.000,0.000,0.250,2.000,76.0,
11.11.2025,14:48:35.805,97.876,115.289,106.655,3.924,250.0,250.0,346.080,151.815,13.788,359.697,229.501,142.310,87.191,140.598,262.271,74.428,187.843,20.526,0.000,0.000,0.625,0.000,76.0,
11.11.2025,14:48:36.808,108.752,123.754,115.207,3.894,250.0,250.0,352.680,137.888,13.759,210.446,137.463,85.237,52.226,84.211,171.345,41.915,129.430,452.844,0.000,0.000,0.375,1.000,76.0,
11.11.2025,14:48:37.808,88.361,156.272,147.535,3.975,250.0,250.0,230.137,33.882,13.743,95.379,67.686,41.973,25.713,41.458,18.126,1.335,16.791,16.614,0.000,0.000,0.000,0.000,76.0,
11.11.2025,14:48:38.816,21.750,64.914,56.897,3.409,250.0,250.0,201.219,130.757,13.318,331.394,211.667,131.254,80.413,129.664,194.928,52.851,142.077,20.009,0.000,0.000,1.125,0.000,76.0,
11.11.2025,14:48:39.813,77.486,106.895,98.354,3.874,250.0,250.0,346.188,136.483,13.046,346.516,220.851,136.941,83.910,135.290,204.299,55.731,148.568,19.678,0.000,0.000,0.000,0.000,76.0,
11.11.2025,14:48:40.811,38.063,133.076,124.474,3.902,250.0,250.0,344.546,213.913,12.884,347.775,221.517,137.356,84.161,135.705,260.292,70.856,189.436,679.150,0.000,0.000,1.250,0.000,76.0,
11.11.2025,14:48:41.805,39.422,126.829,118.214,3.908,250.0,250.0,353.094,169.841,13.269,337.169,215.212,133.444,81.768,131.842,204.825,55.939,148.887,376.056,0.000,0.000,0.000,0.500,76.0,
11.11.2025,14:48:42.818,119.627,117.528,108.953,3.874,250.0,250.0,348.941,132.944,13.901,348.659,222.766,138.132,84.634,136.469,182.130,49.840,132.290,20.620,0.000,0.000,1.125,1.250,76.0,
11.11.2025,14:48:43.808,23.110,126.262,117.619,3.938,250.0,250.0,295.825,142.303,13.884,331.402,212.083,131.504,80.579,129.925,252.620,69.523,183.097,18.417,0.000,0.000,0.375,0.375,76.0,
11.11.2025,14:48:44.814,104.673,158.208,149.486,4.026,250.0,250.0,302.552,143.584,13.323,340.456,217.361,134.781,82.580,133.154,243.592,66.376,177.216,27.000,0.000,0.000,0.000,0.875,76.0,
11.11.2025,14:48:45.808,106.033,115.162,106.509,3.916,250.0,250.0,352.142,201.493,12.705,346.983,220.951,137.014,83.937,135.363,244.506,68.746,175.760,588.966,0.000,0.000,0.000,0.625,30.0,
11.11.2025,14:48:46.819,106.033,130.217,121.619,3.889,250.0,250.0,354.068,195.507,12.797,329.078,209.986,130.212,79.774,128.632,197.868,54.155,143.713,668.850,0.000,0.000,0.000,0.625,30.0,
11.11.2025,14:48:47.816,106.033,122.047,113.442,3.892,250.0,250.0,355.435,139.188,13.108,330.779,211.206,130.970,80.236,129.390,238.151,64.713,173.438,19.890,0.000,0.000,0.875,0.000,30.0,
11.11.2025,14:48:48.809,110.111,111.965,103.440,3.892,250.0,250.0,349.916,93.480,13.278,206.578,134.772,83.570,51.202,82.568,171.948,41.969,129.979,18.935,0.000,0.000,1.875,0.000,56.0,
11.11.2025,14:48:49.811,24.469,148.659,139.891,3.990,250.0,250.0,192.829,34.154,14.127,95.681,68.109,42.238,25.871,41.723,18.380,1.354,17.026,17.026,0.000,0.000,0.000,0.000,56.0,
11.11.2025,14:48:50.818,95.158,55.618,47.617,3.399,250.0,250.0,217.110,169.279,15.166,334.792,214.993,133.317,81.676,131.700,217.296,59.589,157.707,346.555,0.000,0.000,0.000,0.000,56.0,
11.11.2025,14:48:51.809,50.298,107.166,98.595,3.842,250.0,250.0,353.414,160.518,15.454,348.789,223.746,138.734,85.012,137.059,230.524,63.203,167.321,195.334,0.000,0.000,1.125,1.125,56.0,
11.11.2025,14:48:52.806,28.547,116.772,108.186,3.908,250.0,250.0,352.231,194.754,14.479,353.976,226.360,140.364,85.996,138.676,273.681,76.193,197.488,440.323,0.000,0.000,0.000,0.375,56.0,
11.11.2025,14:48:53.815,104.673,129.768,121.119,3.933,250.0,250.0,354.449,152.218,13.134,359.509,229.001,142.001,87.000,140.276,265.357,74.510,190.847,20.549,0.000,0.000,0.500,1.125,56.0,
11.11.2025,14:48:54.810,82.923,124.065,115.440,3.936,250.0,250.0,351.045,180.161,12.530,318.025,203.055,125.903,77.152,124.382,225.282,61.693,163.588,490.004,0.000,0.000,1.000,1.500,56.0,
11.11.2025,14:48:55.816,69.329,118.822,110.179,3.911,250.0,250.0,283.926,113.401,12.814,253.105,162.902,101.006,61.896,99.789,211.665,52.268,159.397,19.171,0.000,0.000,1.000,1.250,56.0,
11.11.2025,14:48:56.816,111.470,151.869,143.063,4.060,250.0,250.0,321.074,164.413,13.317,344.186,219.613,136.183,83.430,134.544,234.578,65.150,169.428,243.698,0.000,0.000,0.000,0.000,56.0,
11.11.2025,14:48:57.810,31.266,121.131,112.483,3.892,250.0,250.0,351.059,137.565,13.622,349.222,222.972,138.261,84.711,136.597,205.045,55.843,149.202,20.173,0.000,0.000,0.500,1.375,56.0,
11.11.2025,14:48:58.819,110.111,119.377,110.807,3.891,250.0,250.0,352.662,162.459,13.886,336.746,215.349,133.534,81.815,131.919,239.152,64.639,174.513,233.037,0.000,0.000,0.000,0.000,56.0,
11.11.2025,14:48:59.815,40.782,126.812,118.259,3.875,250.0,250.0,349.881,143.375,14.045,346.647,221.535,137.372,84.163,135.722,236.811,64.301,172.510,20.645,0.000,0.000,1.125,0.000,56.0,
11.11.2025,14:49:0.813,116.908,126.060,117.413,3.889,250.0,250.0,354.634,130.008,13.798,320.676,205.397,127.360,78.037,125.829,204.355,55.444,148.911,20.275,0.000,0.000,0.000,1.250,56.0,
11.11.2025,14:49:1.808,4.078,114.236,105.582,3.965,250.0,250.0,255.823,34.632,13.035,96.944,68.207,42.292,25.915,41.789,20.333,1.503,18.830,17.474,0.000,0.000,0.000,0.875,56.0,
11.11.2025,14:49:2.816,101.955,84.289,76.101,3.496,250.0,250.0,234.900,169.714,12.748,328.544,209.566,129.939,79.627,128.373,197.432,53.972,143.460,413.474,0.000,0.000,0.000,0.000,56.0,
11.11.2025,14:49:3.811,100.595,115.300,106.664,3.941,250.0,250.0,349.935,185.905,13.116,327.560,209.296,129.776,79.520,128.209,256.803,69.928,186.875,457.962,0.000,0.000,0.875,1.625,56.0,
11.11.2025,14:49:4.804,104.673,127.610,118.974,3.946,250.0,250.0,307.396,134.067,13.759,321.759,206.307,127.926,78.381,126.381,160.933,42.290,118.643,144.287,0.000,0.000,0.000,0.375,56.0,
11.11.2025,14:49:5.815,20.391,101.622,93.180,3.764,250.0,250.0,338.876,175.580,14.182,350.173,223.874,138.818,85.056,137.141,223.338,61.019,162.319,359.880,0.000,0.000,0.125,0.000,56.0,
11.11.2025,14:49:6.811,106.033,120.804,112.179,3.900,250.0,250.0,350.325,150.384,13.659,348.080,222.273,137.831,84.442,136.168,270.479,75.901,194.577,20.433,0.000,0.000,0.000,1.000,56.0,
11.11.2025,14:49:7.805,103.314,121.220,112.623,3.899,250.0,250.0,309.093,87.930,12.919,225.671,146.182,90.642,55.540,89.544,119.968,28.221,91.747,18.864,0.000,0.000,0.000,0.000,56.0,
11.11.2025,14:49:8.807,33.985,129.883,121.228,3.951,250.0,250.0,171.298,33.394,12.436,94.781,66.507,41.236,25.271,40.733,18.103,1.335,16.768,16.768,0.000,0.000,0.000,0.500,56.0,
11.11.2025,14:49:9.805,108.752,62.073,53.984,3.505,250.0,250.0,299.589,137.911,12.862,329.276,210.145,130.309,79.836,128.729,234.049,64.993,169.056,19.855,0.000,0.000,0.000,0.000,56.0,
11.11.2025,14:49:10.810,62.532,130.560,121.924,3.948,250.0,250.0,349.827,131.912,13.284,328.321,209.870,130.130,79.740,128.561,204.440,55.649,148.791,20.337,0.000,0.000,1.500,0.375,56.0,
11.11.2025,14:49:11.809,42.141,123.804,115.156,3.929,250.0,250.0,349.497,128.804,13.795,313.606,201.215,124.763,76.452,123.254,197.697,53.914,143.783,39.559,0.000,0.000,0.000,0.000,56.0,
11.11.2025,14:49:12.805,81.564,119.329,110.680,3.948,250.0,250.0,322.694,127.352,14.608,293.688,189.467,117.478,71.989,116.065,184.443,49.934,134.509,101.340,0.000,0.000,1.375,0.000,20.0,
11.11.2025,14:49:13.817,111.470,105.460,96.932,3.844,250.0,250.0,319.043,126.092,15.374,304.575,196.602,121.908,74.694,120.435,203.823,55.460,148.363,19.690,0.000,0.000,1.500,0.375,20.0,
11.11.2025,14:49:14.812,2.719,115.324,106.679,3.950,250.0,250.0,271.436,85.178,15.062,218.370,143.067,88.711,54.356,87.649,113.150,26.158,86.992,18.264,0.000,0.000,0.000,0.500,20.0,
11.11.2025,14:49:15.805,23.110,100.958,92.543,3.696,250.0,250.0,155.922,33.799,13.715,95.173,67.542,41.881,25.661,41.366,18.006,1.333,16.673,16.638,0.000,0.000,0.000,0.000,20.0,
11.11.2025,14:49:16.803,103.314,30.290,22.523,3.255,250.0,250.0,179.917,159.680,12.964,353.182,224.932,139.482,85.450,137.795,221.111,60.652,160.459,200.778,0.000,0.001,2.500,0.000,20.0,
11.11.2025,14:49:17.811,54.376,115.740,107.125,3.959,250.0,250.0,347.384,173.195,12.766,331.837,211.632,131.231,80.401,129.640,263.050,73.955,189.095,308.347,0.000,0.000,2.375,0.000,20.0,
11.11.2025,14:49:18.820,104.673,111.065,102.420,3.960,250.0,250.0,346.269,140.756,13.080,341.879,218.176,135.282,82.894,133.653,231.078,63.952,167.126,20.444,0.000,0.000,1.250,0.000,20.0,
11.11.2025,14:49:19.820,99.236,124.535,115.886,3.929,250.0,250.0,345.812,164.796,13.443,319.608,204.556,126.840,77.716,125.320,204.025,55.385,148.640,372.424,0.000,0.000,0.000,0.000,20.0,
11.11.2025,14:49:20.824,111.470,121.526,112.932,3.930,250.0,250.0,352.449,133.726,13.762,315.139,202.037,125.271,76.766,123.763,230.377,62.745,167.632,19.772,0.000,0.000,1.250,0.000,20.0,
11.11.2025,14:49:21.838,76.126,124.775,116.094,3.947,250.0,250.0,295.626,134.474,13.949,223.234,145.304,90.097,55.207,89.011,109.873,25.180,84.693,508.191,0.000,0.000,1.000,0.000,20.0,
11.11.2025,14:49:22.847,24.469,137.977,129.197,4.073,250.0,250.0,280.642,142.404,14.116,342.337,219.063,135.836,83.227,134.196,237.342,65.936,171.406,20.585,0.000,0.000,0.500,1.000,20.0,
11.11.2025,14:49:23.857,58.454,122.152,113.465,3.950,250.0,250.0,347.708,138.753,13.706,351.314,224.314,139.084,85.230,137.407,208.218,57.671,150.547,20.043,0.000,0.000,0.500,0.375,20.0,
11.11.2025,14:49:24.852,111.470,120.440,111.789,3.961,250.0,250.0,350.390,220.100,13.093,353.305,225.046,139.544,85.502,137.869,234.404,63.453,170.951,777.831,0.000,0.000,1.000,0.000,20.0,
11.11.2025,14:49:25.853,85.642,126.885,118.223,3.954,250.0,250.0,353.389,174.211,12.743,340.138,216.770,134.410,82.360,132.795,258.881,70.702,188.179,305.136,0.000,0.000,1.875,0.000,56.0,
11.11.2025,14:49:26.852,54.376,114.425,105.811,3.940,250.0,250.0,354.148,140.237,13.411,346.699,221.276,137.208,84.068,135.544,222.013,60.703,161.310,20.138,0.000,0.000,0.000,0.375,56.0,
11.11.2025,14:49:27.858,101.955,138.183,129.464,3.988,250.0,250.0,290.160,142.726,13.957,327.791,209.975,130.194,79.781,128.626,258.598,70.561,188.037,19.737,0.000,0.000,0.500,0.125,56.0,
11.11.2025,14:49:28.860,107.392,140.809,132.010,3.992,250.0,250.0,316.663,138.781,14.012,357.034,228.018,141.394,86.624,139.682,200.141,54.002,146.139,20.761,0.000,0.000,0.000,0.375,56.0,
11.11.2025,14:49:29.854,107.392,127.369,118.728,3.929,250.0,250.0,352.532,126.477,13.405,334.961,213.977,132.681,81.296,131.091,167.602,45.574,122.028,22.154,0.000,0.000,0.000,1.875,56.0,
11.11.2025,14:49:30.866,36.704,117.043,108.394,3.934,250.0,250.0,353.016,183.049,12.962,332.528,212.203,131.583,80.620,129.992,232.459,64.122,168.337,465.688,0.000,0.000,0.125,0.000,56.0,
11.11.2025,14:49:31.860,100.595,109.988,101.406,3.915,250.0,250.0,350.494,144.944,12.805,348.852,222.197,137.780,84.417,136.117,243.162,67.823,175.339,20.951,0.000,0.000,0.000,0.500,56.0,
11.11.2025,14:49:32.855,96.517,131.280,122.589,3.970,250.0,250.0,348.924,81.269,12.961,206.466,134.549,83.428,51.121,82.426,111.295,25.647,85.648,19.148,0.000,0.001,1.750,1.375,56.0,
11.11.2025,14:49:33.858,106.033,134.404,125.169,4.315,250.0,250.0,248.189,134.507,13.421,334.289,213.605,132.452,81.153,130.861,209.560,57.261,152.299,20.173,0.000,0.000,0.500,0.000,56.0,
11.11.2025,14:49:34.865,112.830,128.659,119.693,4.149,250.0,250.0,329.980,136.874,14.304,327.427,209.920,130.164,79.756,128.597,229.052,62.342,166.710,20.468,0.000,0.000,0.000,0.500,56.0,
11.11.2025,14:49:35.860,97.876,122.219,113.499,3.990,250.0,250.0,351.013,151.288,14.868,326.750,209.862,130.130,79.732,128.563,204.380,55.477,148.903,214.216,0.000,0.000,0.000,0.000,56.0,
11.11.2025,14:49:36.854,108.752,125.430,116.821,3.962,250.0,250.0,352.584,159.224,15.658,339.330,218.158,135.276,82.882,133.636,231.483,63.317,168.166,204.330,0.000,0.000,0.500,0.000,56.0,
11.11.2025,14:49:37.864,97.876,120.718,112.076,3.934,250.0,250.0,349.349,176.704,14.766,340.289,218.108,135.242,82.866,133.615,261.266,73.493,187.773,319.623,0.000,0.000,0.375,2.500,56.0,
11.11.2025,14:49:38.863,97.876,120.718,112.076,3.934,250.0,250.0,351.704,166.833,13.510,252.746,163.105,101.131,61.974,99.914,170.747,41.069,129.678,634.462,0.000,0.000,2.500,1.000,56.0,
11.11.2025,14:49:39.858,108.752,123.943,115.314,3.952,250.0,250.0,266.885,200.801,12.581,333.387,212.508,131.771,80.737,130.180,223.482,60.834,162.648,659.883,0.000,0.000,0.000,0.000,56.0,
11.11.2025,14:49:40.855,31.266,144.954,136.033,4.099,250.0,250.0,354.276,143.573,13.059,342.453,218.393,135.423,82.970,133.784,244.424,67.567,176.859,20.797,0.000,0.000,2.625,0.000,56.0,
11.11.2025,14:49:41.866,28.547,121.912,113.233,3.983,250.0,250.0,350.157,139.939,13.459,350.301,223.484,138.575,84.909,136.901,215.539,58.383,157.156,20.680,0.000,0.000,0.000,0.500,56.0,
11.11.2025,14:49:42.863,91.080,118.853,110.183,3.977,250.0,250.0,350.391,138.513,13.803,337.684,215.974,133.920,82.054,132.305,224.355,61.141,163.214,20.680,0.000,0.000,0.000,1.125,56.0,
11.11.2025,14:49:43.859,103.314,123.085,114.310,4.002,250.0,250.0,350.487,147.855,14.059,360.039,229.866,142.542,87.324,140.819,241.582,67.613,173.969,20.738,0.000,0.000,0.500,0.000,56.0,
11.11.2025,14:49:44.858,101.955,128.735,120.141,3.936,250.0,250.0,248.504,92.968,14.053,212.544,138.858,86.109,52.749,85.071,160.726,37.908,122.818,18.842,0.000,0.000,0.375,1.250,56.0,
11.11.2025,14:49:45.853,103.314,127.797,119.078,4.004,250.0,250.0,339.297,142.602,13.993,341.481,218.369,135.404,82.965,133.765,239.651,66.980,172.670,20.738,0.000,0.000,0.000,0.000,56.0,
11.11.2025,14:49:46.851,100.595,148.848,140.071,4.024,250.0,250.0,352.674,165.275,13.454,338.331,216.207,134.072,82.135,132.456,284.938,79.508,205.430,166.220,0.000,0.000,0.000,1.375,56.0,
11.11.2025,14:49:47.861,95.158,120.737,112.078,3.980,250.0,250.0,347.390,178.495,12.898,349.073,222.424,137.912,84.512,136.248,229.934,62.720,167.214,382.015,0.000,0.000,1.625,0.500,56.0,
11.11.2025,14:49:48.854,107.392,122.964,114.324,3.923,250.0,250.0,350.017,143.337,13.087,342.545,218.470,135.465,83.005,133.827,242.911,67.712,175.199,21.151,0.000,0.000,0.000,0.000,52.0,
11.11.2025,14:49:49.853,88.361,129.030,120.381,3.945,250.0,250.0,348.089,132.583,13.590,329.453,210.747,130.674,80.073,129.094,205.987,56.635,149.352,20.221,0.000,0.000,0.375,0.500,52.0,
11.11.2025,14:49:50.864,58.454,120.959,112.342,3.921,250.0,250.0,266.348,146.108,14.177,326.997,209.578,129.953,79.625,128.396,174.815,47.560,127.255,222.723,0.000,0.000,1.875,0.750,52.0,
11.11.2025,14:49:51.860,100.595,133.574,124.854,3.987,250.0,250.0,354.184,157.154,13.707,327.413,209.635,129.983,79.652,128.416,206.540,55.998,150.542,269.653,0.000,0.000,1.375,0.000,52.0,
11.11.2025,14:49:52.852,62.532,149.450,140.693,4.031,250.0,250.0,351.207,139.498,13.178,334.152,213.295,132.260,81.035,130.669,234.816,63.441,171.375,20.761,0.000,0.000,0.000,0.000,52.0,
11.11.2025,14:49:53.860,87.001,129.548,120.836,3.972,250.0,250.0,353.006,146.670,12.751,342.974,218.502,135.484,83.018,133.858,259.716,72.834,186.882,20.680,0.000,0.000,0.000,0.000,52.0,
11.11.2025,14:49:54.853,104.673,127.435,118.767,3.950,250.0,250.0,347.623,146.670,12.887,327.935,209.429,129.855,79.574,128.287,176.036,47.916,128.120,20.337,0.000,0.000,0.000,0.375,52.0,
11.11.2025,14:49:55.862,33.985,123.226,114.520,3.988,250.0,250.0,326.712,126.038,13.053,200.436,130.939,81.195,49.744,80.205,141.576,33.634,107.942,19.418,0.000,0.000,0.000,0.000,52.0,
11.11.2025,14:49:56.854,85.642,122.467,113.827,3.973,250.0,250.0,326.712,85.814,13.053,200.436,130.939,81.195,49.744,80.205,141.576,33.634,107.942,19.418,0.000,0.000,0.000,2.250,52.0,
11.11.2025,14:49:57.857,106.033,143.594,134.810,4.025,250.0,250.0,256.260,135.303,13.778,328.015,209.988,130.215,79.773,128.647,220.986,60.175,160.811,20.645,0.000,0.000,0.375,0.000,52.0,
11.11.2025,14:49:58.858,104.673,129.457,120.779,3.962,250.0,250.0,353.060,203.634,14.639,342.492,219.379,136.035,83.344,134.385,204.741,55.507,149.234,696.588,0.000,0.000,0.000,0.000,52.0,
11.11.2025,14:49:59.853,61.173,121.238,112.602,3.944,250.0,250.0,352.274,167.680,15.345,321.905,207.173,128.462,78.711,126.906,204.351,55.378,148.973,389.598,0.000,0.000,0.000,0.000,52.0,
11.11.2025,14:50:0.851,44.860,117.066,108.423,3.942,250.0,250.0,358.842,148.907,15.281,356.586,228.491,141.676,86.815,139.965,249.625,69.505,180.120,21.009,0.000,0.000,0.250,1.000,52.0,
11.11.2025,14:50:1.865,104.673,128.212,119.541,3.971,250.0,250.0,353.511,133.758,14.322,334.479,214.210,132.834,81.376,131.232,204.194,55.426,148.768,20.738,0.000,0.000,0.500,0.000,52.0,
11.11.2025,14:50:2.860,21.750,111.411,102.741,3.969,250.0,250.0,304.201,96.804,13.180,242.739,156.870,97.274,59.596,96.104,141.428,33.157,108.271,19.418,0.000,0.000,0.000,0.000,52.0,
11.11.2025,14:50:3.858,20.391,145.352,136.477,3.994,250.0,250.0,172.868,33.700,12.624,95.355,66.969,41.523,25.446,41.032,18.510,1.365,17.145,17.026,0.000,0.000,0.000,0.000,52.0,
11.11.2025,14:50:4.853,100.595,61.427,53.410,3.473,250.0,250.0,281.222,140.136,13.233,340.804,217.523,134.881,82.642,133.253,229.205,62.542,166.663,20.609,0.000,0.001,0.000,0.000,52.0,
11.11.2025,14:50:5.866,104.673,120.942,112.231,3.988,250.0,250.0,346.823,141.734,13.669,342.091,218.542,135.513,83.029,133.885,234.937,63.642,171.295,20.738,0.000,0.000,0.000,0.375,52.0,
11.11.2025,14:50:6.865,40.782,118.855,110.235,3.932,250.0,250.0,348.131,140.108,13.951,348.538,222.780,138.142,84.638,136.466,218.196,58.695,159.501,20.173,0.000,0.000,0.250,2.250,52.0,
11.11.2025,14:50:7.860,100.595,121.801,113.120,3.938,250.0,250.0,344.243,208.932,13.974,351.140,224.325,139.096,85.229,137.422,252.674,70.489,182.185,632.784,0.000,0.000,0.000,0.000,52.0,
11.11.2025,14:50:8.857,72.048,117.942,109.158,4.056,250.0,250.0,347.939,150.615,14.327,332.450,212.984,132.068,80.916,130.478,220.720,60.458,160.262,161.483,0.000,0.000,0.750,0.500,52.0,
11.11.2025,14:50:9.851,23.110,133.454,124.650,4.017,250.0,250.0,264.763,138.929,13.743,328.971,210.624,130.598,80.026,129.018,238.752,65.265,173.487,18.807,0.000,0.000,0.375,0.000,52.0,
11.11.2025,14:50:10.851,33.985,129.980,121.208,4.005,250.0,250.0,327.591,146.901,13.236,339.832,216.906,134.500,82.406,132.873,210.954,57.230,153.724,127.350,0.000,0.000,0.125,0.000,52.0,
11.11.2025,14:50:11.853,25.829,114.141,105.375,3.988,250.0,250.0,349.371,206.827,12.834,347.506,221.424,137.306,84.118,135.643,223.587,59.938,163.650,682.269,0.000,0.000,2.125,0.000,52.0,
11.11.2025,14:50:12.852,27.188,117.649,109.016,3.944,250.0,250.0,333.301,184.336,13.209,305.144,195.688,121.338,74.350,119.878,180.765,49.350,131.415,652.219,0.000,0.000,1.125,0.500,52.0,
11.11.2025,14:50:13.862,110.111,113.627,104.958,3.942,250.0,250.0,318.002,159.018,13.862,300.324,193.087,119.729,73.358,118.281,203.628,55.172,148.456,364.279,0.000,0.000,0.250,0.125,52.0,
11.11.2025,14:50:14.855,53.016,117.015,108.355,3.934,250.0,250.0,320.407,168.027,14.181,300.740,193.507,119.986,73.521,118.538,168.148,43.820,124.328,523.504,0.000,0.000,0.500,1.000,52.0,
11.11.2025,14:50:15.853,24.469,108.032,99.433,3.914,250.0,250.0,287.284,56.336,13.418,179.971,118.751,73.635,45.116,72.752,20.736,1.601,19.135,18.241,0.000,0.000,0.500,0.000,52.0,
11.11.2025,14:50:16.862,24.469,106.200,97.509,3.823,250.0,250.0,160.843,152.269,12.952,312.440,199.968,124.005,75.963,122.509,199.578,54.802,144.776,275.695,0.000,0.000,0.000,1.500,52.0,
11.11.2025,14:50:17.855,99.236,93.013,84.768,3.643,250.0,250.0,299.054,193.967,12.856,333.721,212.892,132.010,80.882,130.420,263.679,74.306,189.373,509.536,0.000,0.000,1.750,0.000,52.0,
11.11.2025,14:50:18.864,59.813,129.079,120.445,3.944,250.0,250.0,347.354,146.577,13.085,336.081,214.467,132.988,81.479,131.373,267.808,74.106,193.702,20.680,0.000,0.000,1.000,0.375,52.0,
11.11.2025,14:50:19.854,80.204,122.575,113.932,3.946,250.0,250.0,349.660,133.626,13.360,342.227,218.515,135.501,83.014,133.862,194.667,52.518,142.149,20.444,0.000,0.000,1.625,0.500,52.0,
11.11.2025,14:50:20.866,40.782,125.844,117.173,3.931,250.0,250.0,329.263,211.040,14.162,360.680,230.472,142.913,87.559,141.191,233.913,64.586,169.327,665.599,0.000,0.000,0.000,0.000,52.0,
11.11.2025,14:50:21.866,112.830,94.588,86.252,3.639,250.0,250.0,297.441,132.368,14.947,328.713,211.122,130.915,80.207,129.325,203.918,55.389,148.529,20.609,0.000,0.000,0.000,0.000,52.0,
11.11.2025,14:50:22.879,17.672,101.810,93.281,3.830,250.0,250.0,271.176,58.394,15.600,185.859,123.642,76.672,46.970,75.753,20.570,1.589,18.981,18.299,0.000,0.001,0.000,0.000,52.0,
11.11.2025,14:50:23.868,88.361,98.348,89.833,3.772,250.0,250.0,170.279,140.959,14.835,353.902,226.518,140.457,86.061,138.759,219.377,61.377,158.000,10.306,0.000,0.000,0.000,0.000,52.0,
11.11.2025,14:50:24.892,106.033,96.166,87.758,3.743,250.0,250.0,295.128,211.500,13.647,330.293,211.248,130.986,80.262,129.408,205.024,55.949,149.075,809.106,0.000,0.000,1.250,2.750,52.0,
11.11.2025,14:50:25.892,66.610,121.282,112.633,3.956,250.0,250.0,353.563,141.991,12.744,343.398,218.771,135.651,83.120,134.012,236.115,66.193,169.922,19.984,0.000,0.000,0.000,0.000,52.0,
11.11.2025,14:50:26.888,53.016,122.919,114.250,3.971,250.0,250.0,352.672,149.069,12.935,314.883,201.295,124.817,76.478,123.310,235.326,64.156,171.170,166.319,0.000,0.000,0.000,0.000,52.0,
11.11.2025,14:50:27.901,107.392,118.522,109.853,3.940,250.0,250.0,344.267,150.624,13.361,356.053,226.998,140.765,86.233,139.067,261.619,72.085,189.534,20.526,0.000,0.000,0.500,0.375,52.0,
11.11.2025,14:50:28.908,111.470,109.906,101.223,3.952,250.0,250.0,348.787,99.589,13.390,218.897,142.296,88.238,54.058,87.177,186.436,45.893,140.543,18.959,0.000,0.000,0.000,0.500,42.0,
11.11.2025,14:50:29.901,100.595,137.459,128.691,4.015,250.0,250.0,238.530,188.918,14.038,314.203,201.637,125.026,76.611,123.518,186.466,50.148,136.318,661.213,0.000,0.000,0.000,0.000,42.0,
11.11.2025,14:50:30.911,29.907,129.462,120.747,3.966,250.0,250.0,345.544,134.633,14.235,338.467,216.688,134.366,82.322,132.738,203.560,55.109,148.451,20.397,0.000,0.000,0.000,0.000,42.0,
11.11.2025,14:50:31.917,28.547,132.655,124.016,3.961,250.0,250.0,352.777,150.430,14.205,359.911,229.801,142.494,87.307,140.784,254.815,69.235,185.580,20.173,0.000,0.000,0.000,0.000,42.0,
11.11.2025,14:50:32.939,107.392,131.012,122.310,3.962,250.0,250.0,348.687,133.938,13.616,341.081,217.987,135.170,82.817,133.531,197.238,53.136,144.102,20.704,0.000,0.000,0.375,0.000,42.0,
11.11.2025,14:50:33.931,108.752,118.885,110.145,3.997,250.0,250.0,349.612,154.833,13.112,363.032,231.170,143.344,87.826,141.608,273.813,77.048,196.765,20.609,0.000,0.000,0.875,1.125,42.0,
11.11.2025,14:50:34.934,81.564,120.450,111.749,4.002,250.0,250.0,291.596,86.379,12.902,226.899,146.978,91.141,55.837,90.044,110.468,24.934,85.534,19.054,0.000,0.000,2.500,0.375,42.0,
11.11.2025,14:50:35.936,72.048,144.191,134.881,4.330,250.0,250.0,293.569,144.034,13.715,347.991,222.236,137.807,84.429,136.145,238.602,67.065,171.537,20.810,0.000,0.000,1.125,0.000,42.0,
11.11.2025,14:50:36.931,101.955,120.313,111.433,4.083,250.0,250.0,351.202,150.064,14.338,351.187,224.595,139.270,85.325,137.585,237.025,66.203,170.822,74.287,0.000,0.000,0.500,2.375,42.0,
11.11.2025,14:50:37.940,100.595,119.603,110.910,3.962,250.0,250.0,351.349,148.206,13.983,350.196,223.813,138.788,85.025,137.113,256.036,69.889,186.147,21.069,0.000,0.000,1.625,0.750,42.0,
11.11.2025,14:50:38.934,104.673,122.655,113.996,3.954,250.0,250.0,351.836,148.155,13.446,345.174,220.290,136.595,83.695,134.957,215.463,58.499,156.964,116.469,0.000,0.000,0.000,0.000,42.0,
11.11.2025,14:50:39.936,106.033,110.834,102.165,3.946,250.0,250.0,347.721,132.336,12.770,330.048,210.599,130.585,80.014,129.007,204.632,55.526,149.106,21.069,0.000,0.001,0.500,0.375,42.0,
11.11.2025,14:50:40.930,31.266,111.920,103.223,3.967,250.0,250.0,278.949,82.870,12.740,212.858,138.278,85.742,52.536,84.717,111.367,25.255,86.112,19.100,0.000,0.000,0.500,2.625,42.0,
11.11.2025,14:50:41.941,110.111,152.174,143.237,4.076,250.0,250.0,325.883,152.470,13.230,346.842,221.233,137.183,84.050,135.521,221.878,60.684,161.194,142.885,0.000,0.000,0.500,0.000,42.0,
11.11.2025,14:50:42.932,76.126,117.767,109.083,3.972,250.0,250.0,347.447,190.531,13.573,338.495,216.324,134.142,82.182,132.516,226.354,61.806,164.548,535.365,0.000,0.000,0.000,0.000,42.0,
11.11.2025,14:50:43.939,39.422,133.615,124.887,3.991,250.0,250.0,351.664,132.714,14.312,333.231,213.517,132.398,81.119,130.795,200.334,54.049,146.285,21.104,0.000,0.000,1.625,0.000,42.0,
11.11.2025,14:50:44.934,93.798,112.447,103.754,3.999,250.0,250.0,346.909,163.980,15.308,341.537,219.147,135.883,83.264,134.244,251.627,69.879,181.748,207.167,0.000,0.000,0.000,1.125,42.0,
11.11.2025,14:50:45.944,59.813,122.974,114.331,3.965,250.0,250.0,349.143,143.549,15.695,342.207,219.893,136.350,83.543,134.699,204.919,55.723,149.196,93.264,0.000,0.000,0.000,0.000,42.0,
11.11.2025,14:50:46.940,101.955,138.409,129.600,4.034,250.0,250.0,267.676,150.906,14.457,348.393,223.000,138.274,84.726,136.611,271.555,76.291,195.265,20.484,0.001,0.000,0.500,0.875,42.0,
11.11.2025,14:50:47.949,48.938,159.344,150.384,4.075,250.0,250.0,346.887,140.125,13.256,348.235,222.131,137.737,84.394,136.075,203.958,55.369,148.589,51.505,0.000,0.000,0.000,2.375,42.0,
11.11.2025,14:50:48.954,29.907,124.483,115.856,3.972,250.0,250.0,347.585,132.530,12.674,328.905,209.802,130.090,79.712,128.524,207.552,55.960,151.592,20.492,0.000,0.000,0.000,0.375,42.0,
11.11.2025,14:50:49.951,80.204,126.293,117.568,3.986,250.0,250.0,353.356,137.033,13.126,329.098,210.293,130.395,79.898,128.827,228.873,61.775,167.098,20.951,0.000,0.000,0.000,0.000,42.0,
11.11.2025,14:50:50.956,92.439,124.904,116.231,3.996,250.0,250.0,350.238,199.304,13.402,337.619,215.656,133.728,81.928,132.113,202.153,54.741,147.412,674.284,0.000,0.000,0.000,0.375,42.0,
11.11.2025,14:50:51.950,110.111,127.902,119.201,3.986,250.0,250.0,354.567,64.112,13.611,174.195,115.343,71.515,43.828,70.656,66.098,12.840,53.258,19.772,0.000,0.000,0.000,2.125,42.0,
11.11.2025,14:50:52.955,101.955,135.445,126.631,4.018,250.0,250.0,242.376,139.065,13.932,334.979,214.372,132.924,81.448,131.322,230.531,62.823,167.708,20.609,0.000,0.000,0.375,0.000,42.0,
11.11.2025,14:50:53.949,96.517,139.759,130.969,3.998,250.0,250.0,346.614,140.763,14.240,340.934,218.200,135.301,82.899,133.663,230.858,63.073,167.785,20.680,0.000,0.000,0.000,0.000,42.0,
11.11.2025,14:50:54.958,76.126,129.675,120.943,3.988,250.0,250.0,356.088,150.926,13.849,345.691,220.921,136.991,83.930,135.328,231.326,62.803,168.524,109.902,0.000,0.000,0.375,0.000,42.0,
11.11.2025,14:50:55.955,107.392,133.361,124.683,3.964,250.0,250.0,349.914,180.102,13.352,340.289,217.321,134.758,82.563,133.132,220.100,59.668,160.432,439.402,0.000,0.000,0.000,0.375,42.0,
11.11.2025,14:50:56.949,92.439,130.540,121.904,3.931,250.0,250.0,348.247,146.595,12.882,356.129,226.692,140.574,86.118,138.875,241.929,66.607,175.322,20.821,0.000,0.000,0.375,0.000,42.0,
11.11.2025,14:50:57.949,108.752,122.332,113.623,3.985,250.0,250.0,335.543,110.987,13.137,251.859,162.304,100.642,61.662,99.426,200.671,48.223,152.449,19.502,0.000,0.000,2.500,0.000,42.0,
11.11.2025,14:50:58.946,92.439,143.966,135.024,4.068,250.0,250.0,197.541,142.937,13.864,339.694,217.435,134.831,82.604,133.204,243.953,68.870,175.083,19.831,0.000,0.000,0.500,0.000,42.0,
11.11.2025,14:50:59.953,84.283,62.942,54.994,3.336,250.0,250.0,303.446,152.448,14.414,364.462,232.798,144.349,88.449,142.615,258.209,72.218,185.990,20.973,0.000,0.000,0.000,0.375,42.0,
11.11.2025,14:51:0.958,70.689,128.830,120.155,3.986,250.0,250.0,351.783,169.692,13.739,337.711,215.925,133.900,82.025,132.284,250.008,69.897,180.111,281.318,0.000,0.000,0.000,1.375,42.0,
11.11.2025,14:51:1.967,96.517,124.886,116.149,3.987,250.0,250.0,353.378,134.563,13.247,328.613,210.006,130.216,79.790,128.649,203.932,55.322,148.610,47.242,0.000,0.000,2.500,0.000,42.0,
11.11.2025,14:51:2.973,89.720,127.922,119.180,4.012,250.0,250.0,346.047,131.136,12.825,325.963,208.073,129.020,79.053,127.465,204.063,55.332,148.731,20.832,0.000,0.000,0.875,0.000,42.0,
11.11.2025,14:51:3.961,118.267,115.180,106.541,3.958,250.0,250.0,342.756,81.730,12.954,207.509,135.284,83.883,51.401,82.880,112.090,25.466,86.623,19.206,0.000,0.001,2.500,0.000,42.0,
11.11.2025,14:51:4.962,108.752,145.316,136.446,4.041,250.0,250.0,251.375,195.834,13.420,332.740,212.650,131.868,80.782,130.276,215.191,58.024,157.167,626.225,0.000,0.000,2.375,1.125,42.0,
11.11.2025,14:51:5.988,35.344,132.150,123.329,4.021,250.0,250.0,335.562,136.260,14.002,313.356,201.053,124.673,76.380,123.166,244.614,66.309,178.305,20.738,0.000,0.000,1.250,0.500,42.0,
11.11.2025,14:51:6.976,87.001,116.461,107.775,3.987,250.0,250.0,345.817,134.530,14.800,336.830,216.072,133.983,82.089,132.368,204.272,55.252,149.020,20.609,0.000,0.000,0.000,0.000,42.0,
11.11.2025,14:51:7.983,103.314,121.594,112.912,3.972,250.0,250.0,352.945,183.821,15.564,350.807,225.114,139.583,85.531,137.896,202.133,55.003,147.131,479.452,0.000,0.000,1.875,0.000,42.0,
11.11.2025,14:51:8.978,33.985,115.593,106.897,3.945,250.0,250.0,351.520,133.935,15.254,332.125,213.482,132.377,81.105,130.774,206.583,55.993,150.590,21.069,0.000,0.000,0.750,1.375,42.0,
11.11.2025,14:51:9.990,110.111,124.139,115.462,3.963,250.0,250.0,346.989,90.219,13.863,202.017,132.414,82.109,50.305,81.119,81.696,17.793,63.903,176.971,0.000,0.000,0.000,1.750,42.0,
11.11.2025,14:51:10.977,46.219,136.869,128.098,4.000,250.0,250.0,235.495,127.862,12.830,327.384,208.938,129.556,79.382,128.001,185.778,51.036,134.742,20.973,0.000,0.000,0.500,0.000,42.0,
11.11.2025,14:51:11.992,55.735,136.187,127.379,3.999,250.0,250.0,349.359,128.289,12.948,315.522,201.856,125.172,76.684,123.664,203.425,55.271,148.155,20.196,0.000,0.000,0.000,0.000,42.0,
11.11.2025,14:51:12.999,43.501,109.431,100.795,3.951,250.0,250.0,321.141,127.346,13.299,300.922,193.058,119.705,73.353,118.258,217.361,59.665,157.695,20.140,0.000,0.000,0.000,1.375,42.0,
11.11.2025,14:51:14.018,28.547,107.634,99.073,3.870,250.0,250.0,314.587,162.259,13.548,296.683,190.569,118.162,72.407,116.739,210.295,57.056,153.239,393.891,0.000,0.000,0.000,1.375,42.0,
11.11.2025,14:51:15.009,23.110,100.702,92.045,3.904,250.0,250.0,313.991,126.431,13.893,306.792,197.029,122.169,74.860,120.697,204.182,55.488,148.694,20.503,0.000,0.000,1.750,0.000,42.0,
11.11.2025,14:51:16.016,99.236,114.558,105.922,3.953,250.0,250.0,317.008,170.332,14.127,301.008,193.616,120.051,73.565,118.604,186.868,49.660,137.208,508.614,0.000,0.000,0.000,0.375,42.0,
11.11.2025,14:51:17.012,29.907,122.561,113.921,3.949,250.0,250.0,282.898,85.524,14.030,220.793,143.991,89.288,54.703,88.214,112.429,28.956,83.473,19.360,0.000,0.000,1.250,1.125,42.0,
11.11.2025,14:51:18.021,31.266,137.759,128.754,4.131,250.0,250.0,296.110,156.952,13.727,342.606,218.928,135.754,83.174,134.116,203.692,55.265,148.427,233.831,0.000,0.000,1.500,0.000,9.0,
11.11.2025,14:51:19.015,20.391,116.538,107.796,4.030,250.0,250.0,346.339,146.284,13.127,338.458,215.990,133.934,82.056,132.321,209.209,57.066,152.143,128.538,0.000,0.000,2.000,0.000,9.0,
11.11.2025,14:51:20.009,103.314,115.722,107.003,3.998,250.0,250.0,349.188,139.194,12.793,349.432,222.506,137.964,84.542,136.302,213.698,58.332,155.366,21.009,0.000,0.000,0.000,0.875,9.0,
11.11.2025,14:51:21.020,106.033,119.463,110.726,4.018,250.0,250.0,354.125,188.016,13.459,346.739,221.267,137.199,84.068,135.550,231.583,62.394,169.190,478.714,0.000,0.000,0.000,1.500,9.0,
11.11.2025,14:51:22.010,108.752,120.484,111.740,3.998,250.0,250.0,351.244,78.709,13.847,194.593,127.846,79.278,48.568,78.312,112.496,25.389,87.107,19.655,0.000,0.000,0.500,1.500,9.0,
11.11.2025,14:51:23.022,21.750,135.843,126.924,4.106,250.0,250.0,283.682,34.416,13.800,96.279,68.277,42.339,25.938,41.825,19.167,1.410,17.757,17.368,0.000,0.000,0.000,1.000,9.0,
11.11.2025,14:51:24.022,14.953,68.771,60.630,3.519,250.0,250.0,146.290,18.738,12.927,41.383,33.679,20.881,12.798,20.636,18.447,1.399,17.048,8.180,0.000,0.000,0.000,0.000,9.0,
11.11.2025,14:51:25.020,16.313,28.620,20.552,3.490,250.0,250.0,74.882,16.217,12.467,40.739,33.000,20.457,12.543,20.212,7.892,0.779,7.113,6.972,0.000,0.000,0.000,0.000,9.0,
Date,Time,"VR VCC 전류 (SVID IOUT) [A]","CPU 패키지 전력 소비 [W]","IA 코어 전력 소비 [W]","시스템 에이전트 전력 소비 [W]","PL1 전력 제한 (Static) [W]","PL2 전력 제한 (Static) [W]","GPU 전력 소비 [W]","GPU 라인 전력 소비 (avg) [W]","GPU PCIe +12V 입력 전력 소비 [W]","GPU 12VHPWR 전력 소비 [W]","GPU Unknown Rail (D6) 전력 소비 (sum) [W]","GPU Core (NVVDD) 입력 전력 소비 (sum) [W]","GPU Unknown Rail (D4) 전력 소비 (sum) [W]","GPU Misc0 입력 전력 소비 (sum) [W]","GPU Unknown Rail (D) 전력 소비 (sum) [W]","GPU Unknown Rail (10) 전력 소비 [W]","GPU Core (NVVDD) 출력 전력 소비 [W]","GPU Core (NVVDD) 출력 전력 소비 [W]","PCH 전력 소비 [W]","나머지 칩 전력 소비 [W]","총 전력 소비 [W]","총 전력 소비 [W]","T3 [°C]",
,,CPU [#0]: Intel Core Ultra 7 265KF: Enhanced,CPU [#0]: Intel Core Ultra 7 265KF: Enhanced,CPU [#0]: Intel Core Ultra 7 265KF: Enhanced,CPU [#0]: Intel Core Ultra 7 265KF: Enhanced,CPU [#0]: Intel Core Ultra 7 265KF: Enhanced,CPU [#0]: Intel Core Ultra 7 265KF: Enhanced,GPU [#1]: NVIDIA GeForce RTX 5090: GIGABYTE GeForce RTX 5090 GAMING OC 32G (GV-N5090GAMING OC-32GD),GPU [#1]: NVIDIA GeForce RTX 5090: GIGABYTE GeForce RTX 5090 GAMING OC 32G (GV-N5090GAMING OC-32GD),GPU [#1]: NVIDIA GeForce RTX 5090: GIGABYTE GeForce RTX 5090 GAMING OC 32G (GV-N5090GAMING OC-32GD),GPU [#1]: NVIDIA GeForce RTX 5090: GIGABYTE GeForce RTX 5090 GAMING OC 32G (GV-N5090GAMING OC-32GD),GPU [#1]: NVIDIA GeForce RTX 5090: GIGABYTE GeForce RTX 5090 GAMING OC 32G (GV-N5090GAMING OC-32GD),GPU [#1]: NVIDIA GeForce RTX 5090: GIGABYTE GeForce RTX 5090 GAMING OC 32G (GV-N5090GAMING OC-32GD),GPU [#1]: NVIDIA GeForce RTX 5090: GIGABYTE GeForce RTX 5090 GAMING OC 32G (GV-N5090GAMING OC-32GD),GPU [#1]: NVIDIA GeForce RTX 5090: GIGABYTE GeForce RTX 5090 GAMING OC 32G (GV-N5090GAMING OC-32GD),GPU [#1]: NVIDIA GeForce RTX 5090: GIGABYTE GeForce RTX 5090 GAMING OC 32G (GV-N5090GAMING OC-32GD),GPU [#1]: NVIDIA GeForce RTX 5090: GIGABYTE GeForce RTX 5090 GAMING OC 32G (GV-N5090GAMING OC-32GD),GPU [#1]: NVIDIA GeForce RTX 5090: GIGABYTE GeForce RTX 5090 GAMING OC 32G (GV-N5090GAMING OC-32GD),GPU [#1]: NVIDIA GeForce RTX 5090: GIGABYTE GeForce RTX 5090 GAMING OC 32G (GV-N5090GAMING OC-32GD),CPU [#0]: Intel Core Ultra 7 265KF: Enhanced,CPU [#0]: Intel Core Ultra 7 265KF: Enhanced,DDR5 DIMM [#3]: Micron CP32G64C40U5B.M8B1 (BANK 0/DIMMA2),DDR5 DIMM [#1]: Micron CP32G64C40U5B.M8B1 (BANK 1/DIMMB2),NUC126,
