Date,Time,"VR VCC 전류 (SVID IOUT) [A]","CPU 패키지 전력 소비 [W]","IA 코어 전력 소비 [W]","시스템 에이전트 전력 소비 [W]","나머지 칩 전력 소비 [W]","PL1 전력 제한 (Static) [W]","PL2 전력 제한 (Static) [W]","GPU 전력 소비 [W]","GPU 라인 전력 소비 (avg) [W]","GPU PCIe +12V 입력 전력 소비 [W]","GPU 12VHPWR 전력 소비 [W]","GPU Unknown Rail (D6) 전력 소비 (sum) [W]","GPU Core (NVVDD) 입력 전력 소비 (sum) [W]","GPU Unknown Rail (D4) 전력 소비 (sum) [W]","GPU Misc0 입력 전력 소비 (sum) [W]","GPU Unknown Rail (D) 전력 소비 (sum) [W]","GPU Unknown Rail (10) 전력 소비 [W]","GPU Core (NVVDD) 출력 전력 소비 [W]","GPU Core (NVVDD) 출력 전력 소비 [W]","PCH 전력 소비 [W]","총 전력 소비 [W]","총 전력 소비 [W]","T3 [°C]",
16.11.2025,17:53:56.842,8.156,12.430,3.303,3.003,0.000,250.0,250.0,18.960,6.112,7.204,10.051,10.712,6.646,4.066,6.560,5.481,0.563,4.918,4.918,0.001,0.000,0.000,28.0,
16.11.2025,17:53:57.835,19.032,17.442,8.034,3.155,0.000,250.0,250.0,22.826,12.284,9.002,31.795,25.303,15.695,9.608,15.498,5.518,0.602,4.916,4.909,0.000,0.000,0.000,28.0,
16.11.2025,17:53:58.848,40.782,27.016,17.662,3.152,0.000,250.0,250.0,28.663,6.843,8.449,11.627,12.459,7.721,4.738,7.635,5.459,0.559,4.900,4.883,0.000,0.000,0.000,28.0,
16.11.2025,17:53:59.843,32.625,34.337,24.614,3.490,0.000,250.0,250.0,30.016,22.064,13.505,61.093,46.267,28.695,17.572,28.351,8.635,0.759,7.876,7.884,0.000,0.000,0.000,28.0,
16.11.2025,17:54:0.840,29.907,30.460,21.748,3.423,0.000,250.0,250.0,85.673,25.142,12.482,73.783,53.504,33.180,20.324,32.775,8.699,0.764,7.935,7.975,0.000,0.000,0.000,28.0,
16.11.2025,17:54:1.839,27.188,29.834,21.909,3.454,0.000,250.0,250.0,74.370,25.142,11.852,60.715,45.008,27.908,17.100,27.577,8.655,0.760,7.895,7.895,0.000,0.000,0.000,28.0,
16.11.2025,17:54:2.839,44.860,26.106,18.456,3.241,0.000,250.0,250.0,74.370,21.536,11.852,60.715,45.008,27.908,17.100,27.577,8.655,0.760,7.895,7.895,0.000,0.000,0.000,28.0,
16.11.2025,17:54:3.844,13.594,24.866,17.206,3.294,0.000,250.0,250.0,73.893,21.614,12.268,60.613,45.198,28.026,17.172,27.695,8.644,0.760,7.884,7.876,0.000,0.000,0.000,28.0,
16.11.2025,17:54:4.844,24.469,27.646,19.967,3.253,0.000,250.0,250.0,73.764,22.234,12.565,62.680,46.674,28.944,17.730,28.589,8.641,0.757,7.884,7.876,0.000,0.000,0.000,28.0,
16.11.2025,17:54:5.843,19.032,30.649,22.739,3.473,0.000,250.0,250.0,74.277,22.110,12.915,61.907,46.401,28.775,17.626,28.432,8.599,0.754,7.845,7.845,0.000,0.000,0.000,28.0,
16.11.2025,17:54:6.837,24.469,36.253,27.683,3.667,0.000,250.0,250.0,70.207,11.980,8.048,29.167,23.077,14.317,8.760,14.146,8.699,0.864,7.835,4.883,0.002,2.125,0.500,28.0,
16.11.2025,17:54:7.838,20.391,96.620,85.501,4.151,0.000,250.0,250.0,36.016,6.727,7.237,12.466,12.222,7.584,4.638,7.486,5.403,0.554,4.849,4.832,0.000,0.000,0.000,28.0,
16.11.2025,17:54:8.837,23.110,35.899,25.634,3.830,0.000,250.0,250.0,23.086,6.692,6.787,12.840,12.183,7.553,4.630,7.455,5.339,0.549,4.790,4.790,0.000,0.375,0.000,28.0,
16.11.2025,17:54:9.840,23.110,33.400,23.683,3.579,0.000,250.0,250.0,27.886,36.273,11.879,90.222,63.119,39.141,23.978,38.676,45.426,11.456,33.970,4.866,0.000,0.000,0.000,28.0,
16.11.2025,17:54:10.839,24.469,35.511,27.326,3.638,0.000,250.0,250.0,170.970,153.361,12.289,396.268,252.230,156.402,95.828,154.523,155.257,46.001,109.256,155.553,0.000,0.000,0.000,28.0,
16.11.2025,17:54:11.840,20.391,33.440,25.414,3.494,0.000,250.0,250.0,291.627,50.450,12.424,151.077,101.057,62.660,38.397,61.904,31.438,7.310,24.128,14.105,0.000,0.125,0.000,28.0,
16.11.2025,17:54:12.836,36.704,37.300,29.315,3.502,0.000,250.0,250.0,246.509,56.079,12.896,163.818,109.500,67.894,41.606,67.073,42.146,5.785,36.361,13.715,0.000,0.000,0.000,28.0,
16.11.2025,17:54:13.836,42.141,50.235,41.985,3.668,0.000,250.0,250.0,170.896,63.623,13.339,198.407,131.116,81.308,49.808,80.330,34.165,5.111,29.054,13.588,0.000,0.000,0.000,28.0,
16.11.2025,17:54:14.837,23.110,53.498,44.966,3.886,0.000,250.0,250.0,176.243,85.331,12.836,207.694,136.456,84.610,51.846,83.585,131.480,8.694,122.786,13.327,0.000,0.000,0.000,28.0,
16.11.2025,17:54:15.840,24.469,29.909,22.170,3.355,0.000,250.0,250.0,162.469,46.067,12.342,131.457,89.180,55.297,33.883,54.635,35.337,5.493,29.843,13.206,0.000,0.000,0.000,28.0,
16.11.2025,17:54:16.840,40.782,38.705,30.699,3.458,0.000,250.0,250.0,157.578,74.146,11.914,154.611,102.694,63.675,39.019,62.908,50.137,5.113,45.024,206.360,0.000,0.000,0.000,28.0,
16.11.2025,17:54:17.841,32.625,39.278,31.309,3.472,0.000,250.0,250.0,140.969,48.103,12.252,134.671,91.039,56.456,34.583,55.770,23.156,1.914,21.242,49.945,0.000,0.000,0.000,28.0,
16.11.2025,17:54:18.850,42.141,32.600,24.804,3.375,0.000,250.0,250.0,136.266,106.099,12.548,131.154,89.018,55.199,33.819,54.538,49.870,6.847,43.023,584.979,0.000,0.000,0.000,28.0,
16.11.2025,17:54:19.843,19.032,31.105,23.215,3.395,0.000,250.0,250.0,133.853,42.053,13.025,118.554,81.601,50.596,31.005,49.995,31.424,2.836,28.589,12.903,0.000,0.000,0.000,28.0,
16.11.2025,17:54:20.841,33.985,27.859,19.876,3.512,0.000,250.0,250.0,153.933,30.084,13.836,85.667,61.706,38.264,23.442,37.810,13.730,1.071,12.660,12.655,0.000,0.000,0.000,28.0,
16.11.2025,17:54:21.843,27.188,28.240,20.272,3.478,0.000,250.0,250.0,100.140,30.024,14.736,84.750,61.701,38.261,23.440,37.796,13.523,1.009,12.514,12.514,0.000,0.000,0.000,28.0,
16.11.2025,17:54:22.842,25.829,29.520,21.624,3.483,0.000,250.0,250.0,69.796,14.201,14.025,34.169,29.895,18.538,11.357,18.305,5.429,0.555,4.874,4.866,0.000,0.000,0.000,28.0,
16.11.2025,17:54:23.845,111.470,78.791,69.517,3.835,0.000,250.0,250.0,107.965,114.287,13.587,383.299,244.599,151.675,92.924,149.839,46.089,10.191,35.899,14.764,0.000,2.125,2.625,28.0,
16.11.2025,17:54:24.849,106.033,177.320,167.811,4.560,0.000,250.0,250.0,320.595,135.406,12.133,177.548,116.884,72.486,44.398,71.610,212.029,97.139,114.891,434.947,0.000,0.000,0.000,28.0,
16.11.2025,17:54:25.841,115.549,177.544,167.968,4.523,0.000,250.0,250.0,278.503,179.200,12.260,347.598,221.611,137.416,84.195,135.761,418.908,116.629,302.279,15.344,0.000,1.375,2.375,28.0,
16.11.2025,17:54:26.848,107.392,172.563,162.926,4.564,0.000,250.0,250.0,287.968,97.111,12.544,341.957,218.387,135.423,82.964,133.791,15.788,1.222,14.567,14.470,0.000,2.500,0.000,28.0,
16.11.2025,17:54:27.840,116.908,189.638,180.132,4.503,0.000,250.0,250.0,284.956,73.762,12.828,252.750,163.427,101.345,62.082,100.122,15.605,1.280,14.325,13.857,0.000,1.375,1.750,28.0,
16.11.2025,17:54:28.845,112.830,178.412,168.918,4.479,0.000,250.0,250.0,285.996,133.563,13.094,181.091,119.675,74.203,45.472,73.304,326.907,149.050,177.857,174.981,0.000,1.125,0.000,28.0,
16.11.2025,17:54:29.846,110.111,175.112,165.564,4.497,0.000,250.0,250.0,281.635,175.049,13.473,344.902,220.740,136.882,83.858,135.227,399.710,109.190,290.520,15.986,0.000,2.500,0.875,9.0,
16.11.2025,17:54:30.847,114.189,174.730,165.250,4.484,0.000,250.0,250.0,289.676,89.187,13.484,309.703,199.010,123.405,75.605,121.905,17.297,1.330,15.967,14.164,0.000,0.375,2.000,9.0,
16.11.2025,17:54:31.836,59.813,182.599,173.105,4.454,0.000,250.0,250.0,286.021,95.110,12.863,188.319,123.784,76.754,47.030,75.833,24.135,8.677,15.458,378.244,0.000,0.375,2.125,9.0,
16.11.2025,17:54:32.840,25.829,88.874,80.303,3.918,0.000,250.0,250.0,169.594,29.963,12.339,86.318,61.184,37.937,23.247,37.483,14.067,1.047,13.020,12.986,0.000,0.375,0.000,9.0,
16.11.2025,17:54:33.836,107.392,94.542,85.656,4.132,0.000,250.0,250.0,99.250,15.703,11.783,35.485,29.322,18.182,11.140,17.962,13.912,1.033,12.879,5.329,0.000,2.125,1.125,9.0,
16.11.2025,17:54:34.844,27.188,56.557,48.528,3.503,0.000,250.0,250.0,51.828,13.652,12.362,33.534,28.468,17.650,10.818,17.442,5.632,0.602,5.030,4.977,0.000,0.000,0.000,9.0,
16.11.2025,17:54:35.838,112.830,48.890,40.964,3.459,0.000,250.0,250.0,49.939,132.193,13.253,339.033,217.684,134.973,82.711,133.345,165.803,69.496,96.307,69.324,0.000,1.375,0.500,9.0,
16.11.2025,17:54:36.846,118.267,139.140,130.140,4.160,0.000,250.0,250.0,302.192,87.777,13.321,123.630,84.572,52.438,32.134,51.804,114.034,47.092,66.942,291.802,0.000,0.000,1.125,39.0,
16.11.2025,17:54:37.836,110.111,171.574,162.199,4.477,0.000,250.0,250.0,331.624,138.021,12.849,174.220,115.325,71.513,43.812,70.649,233.616,106.858,126.758,424.607,0.000,2.500,1.125,39.0,
16.11.2025,17:54:38.837,115.549,177.871,168.362,4.451,0.000,250.0,250.0,282.051,129.025,12.254,184.758,121.467,75.320,46.147,74.420,293.633,132.461,161.172,188.621,0.000,0.000,2.500,39.0,
16.11.2025,17:54:39.840,110.111,178.226,168.791,4.453,0.000,250.0,250.0,291.570,179.789,12.237,309.818,198.407,123.033,75.374,121.545,413.282,133.894,279.388,130.912,0.000,0.500,1.750,39.0,
16.11.2025,17:54:40.839,106.033,165.966,156.540,4.431,0.000,250.0,250.0,287.426,98.624,12.581,348.234,222.274,137.826,84.448,136.170,15.303,1.195,14.108,14.105,0.000,0.375,2.250,39.0,
16.11.2025,17:54:41.835,114.189,175.467,166.003,4.468,0.000,250.0,250.0,281.074,72.843,12.758,248.263,160.630,99.596,61.034,98.396,16.324,1.217,15.107,15.107,0.000,0.500,1.000,39.0,
16.11.2025,17:54:42.846,112.830,182.871,173.404,4.445,0.000,250.0,250.0,283.031,174.233,13.660,212.090,139.115,86.264,52.851,85.220,369.461,172.172,197.289,414.207,0.000,1.125,0.000,39.0,
16.11.2025,17:54:43.835,107.392,170.124,160.691,4.415,0.000,250.0,250.0,287.947,139.665,14.545,345.739,222.007,137.665,84.342,135.996,220.915,56.231,164.684,14.529,0.000,1.000,1.500,39.0,
16.11.2025,17:54:44.844,110.111,175.852,166.382,4.443,0.000,250.0,250.0,291.676,92.195,15.099,320.964,207.066,128.398,78.668,126.849,15.364,1.186,14.178,14.175,0.000,0.375,0.000,39.0,
16.11.2025,17:54:45.843,108.752,171.819,162.130,4.570,0.000,250.0,250.0,240.552,174.244,14.200,230.469,150.785,93.491,57.294,92.362,375.656,162.551,213.104,352.525,0.000,1.125,1.250,39.0,
16.11.2025,17:54:46.839,112.830,185.778,175.975,4.622,0.000,250.0,250.0,206.109,87.325,13.068,304.793,195.585,121.272,74.313,119.809,15.181,1.135,14.046,14.046,0.000,0.000,0.000,39.0,
16.11.2025,17:54:47.845,110.111,135.411,126.313,4.227,0.000,250.0,250.0,260.209,277.507,12.288,492.444,311.740,193.304,118.436,190.974,414.405,134.499,279.906,627.069,0.000,2.500,0.000,39.0,
16.11.2025,17:54:48.848,106.033,171.557,162.075,4.471,0.000,250.0,250.0,381.074,247.982,12.297,315.241,201.765,125.108,76.657,123.607,419.750,135.846,283.904,785.648,0.000,2.375,1.750,39.0,
16.11.2025,17:54:49.836,110.111,171.622,162.194,4.442,0.000,250.0,250.0,288.347,98.104,12.792,345.476,220.684,136.846,83.838,135.190,15.815,1.225,14.590,14.588,0.000,1.000,1.125,39.0,
16.11.2025,17:54:50.838,119.627,168.736,159.253,4.414,0.000,250.0,250.0,289.225,74.694,13.077,254.535,164.668,102.107,62.561,100.872,16.800,1.280,15.519,15.519,0.000,0.000,1.750,39.0,
16.11.2025,17:54:51.841,107.392,184.934,175.522,4.413,0.000,250.0,250.0,289.887,99.911,13.225,165.274,110.098,68.276,41.822,67.448,211.056,95.802,115.254,110.852,0.000,0.000,0.125,39.0,
16.11.2025,17:54:52.848,101.955,194.557,185.141,4.452,0.000,250.0,250.0,293.227,183.941,13.535,351.090,224.622,139.292,85.330,137.612,436.364,125.151,311.213,15.200,0.000,0.000,2.375,39.0,
16.11.2025,17:54:53.843,114.189,176.456,166.971,4.421,0.000,250.0,250.0,289.574,99.277,13.405,349.294,223.449,138.558,84.891,136.890,15.837,1.222,14.615,14.612,0.000,2.375,0.250,39.0,
16.11.2025,17:54:54.844,118.267,179.961,170.534,4.450,0.000,250.0,250.0,282.427,89.651,12.755,313.187,200.781,124.508,76.273,123.007,15.540,1.381,14.159,14.917,0.000,0.375,2.500,39.0,
16.11.2025,17:54:55.834,116.908,181.058,171.408,4.535,0.000,250.0,250.0,284.560,31.245,12.206,88.988,62.765,38.921,23.844,38.443,16.668,1.232,15.436,13.950,0.000,2.250,2.875,39.0,
16.11.2025,17:54:56.847,108.752,165.455,155.645,4.641,0.000,250.0,250.0,186.279,31.506,12.215,90.968,64.000,39.683,24.317,39.205,15.247,1.142,14.105,14.175,0.000,1.000,2.625,39.0,
16.11.2025,17:54:57.847,23.110,85.021,76.461,3.886,0.000,250.0,250.0,155.704,17.112,12.709,43.820,35.066,21.741,13.325,21.483,7.914,0.608,7.306,7.152,0.000,0.000,0.000,39.0,
16.11.2025,17:54:58.842,28.547,23.820,15.705,3.577,0.000,250.0,250.0,55.922,15.435,13.012,38.419,31.901,19.780,12.121,19.535,6.790,0.630,6.160,6.001,0.000,0.500,0.000,39.0,
16.11.2025,17:54:59.847,108.752,126.373,117.317,4.248,0.000,250.0,250.0,114.875,31.007,12.924,88.889,63.140,39.151,23.989,38.685,14.885,1.111,13.774,13.526,0.000,0.000,0.000,39.0,
16.11.2025,17:55:0.840,120.986,159.366,149.804,4.606,0.000,250.0,250.0,305.021,269.500,12.896,468.438,297.183,184.279,112.904,182.057,375.582,148.879,226.703,686.081,0.000,2.125,1.000,39.0,
16.11.2025,17:55:1.843,115.549,187.136,177.519,4.499,0.000,250.0,250.0,425.130,71.674,12.072,147.148,98.202,60.894,37.308,60.163,23.856,8.491,15.365,253.243,0.000,0.000,1.125,39.0,
16.11.2025,17:55:2.836,115.549,169.838,160.430,4.442,0.000,250.0,250.0,287.191,226.687,12.290,258.868,166.993,103.547,63.446,102.299,376.308,153.630,222.678,806.808,0.000,1.250,0.000,39.0,
16.11.2025,17:55:3.842,116.908,181.045,171.516,4.467,0.000,250.0,250.0,284.680,173.389,12.632,346.751,221.379,137.280,84.099,135.625,389.576,107.552,282.024,16.971,0.000,0.000,0.500,39.0,
16.11.2025,17:55:4.837,114.189,163.159,153.688,4.459,0.000,250.0,250.0,288.325,96.948,13.155,338.812,216.815,134.448,82.367,132.827,17.929,1.403,16.526,15.200,0.000,0.000,1.625,39.0,
16.11.2025,17:55:5.840,112.830,168.759,159.303,4.455,0.000,250.0,250.0,286.258,99.459,14.083,349.175,223.769,138.752,85.017,137.072,15.971,1.195,14.776,14.776,0.000,0.375,1.250,39.0,
16.11.2025,17:55:6.845,114.189,169.605,160.043,4.480,0.000,250.0,250.0,290.598,68.538,14.559,228.600,149.605,92.770,56.835,91.656,17.554,1.305,16.249,16.249,0.000,2.500,1.500,39.0,
16.11.2025,17:55:7.844,115.549,182.633,173.066,4.547,0.000,250.0,250.0,291.419,91.658,15.065,319.041,205.805,127.616,78.189,126.080,15.311,1.147,14.164,14.164,0.000,2.500,2.500,39.0,
16.11.2025,17:55:8.837,110.111,164.195,154.238,4.705,0.000,250.0,250.0,214.437,32.253,13.660,90.870,64.843,40.205,24.638,39.714,16.976,2.330,14.646,14.646,0.000,0.250,2.375,39.0,
16.11.2025,17:55:9.842,112.830,168.125,158.104,4.811,0.000,250.0,250.0,209.423,37.955,12.427,121.494,82.405,51.102,31.303,50.482,10.361,0.751,9.610,9.610,0.000,1.750,2.375,39.0,
16.11.2025,17:55:10.850,114.189,162.592,152.975,4.526,0.000,250.0,250.0,64.278,84.926,11.840,104.443,71.849,44.553,27.296,44.016,225.068,95.299,129.769,95.125,0.000,1.250,1.250,39.0,
16.11.2025,17:55:11.849,108.752,182.409,172.684,4.630,0.000,250.0,250.0,446.406,267.198,12.645,462.324,293.187,181.801,111.386,179.603,407.478,139.568,267.910,616.081,0.000,1.000,2.375,39.0,
16.11.2025,17:55:12.835,114.189,179.869,170.144,4.604,0.000,250.0,250.0,458.320,274.631,12.927,462.171,293.358,181.907,111.451,179.710,388.497,153.237,235.260,727.791,0.000,1.250,0.500,39.0,
16.11.2025,17:55:13.844,111.470,178.779,169.309,4.472,0.000,250.0,250.0,319.423,222.785,13.292,327.557,209.968,130.191,79.777,128.619,434.498,124.542,309.958,469.452,0.000,0.000,2.500,39.0,
16.11.2025,17:55:14.835,118.267,179.948,170.456,4.466,0.000,250.0,250.0,290.872,99.549,13.319,349.844,223.640,138.675,84.965,136.997,16.424,1.224,15.200,15.200,0.000,2.500,1.250,39.0,
16.11.2025,17:55:15.839,114.189,168.576,159.088,4.482,0.000,250.0,250.0,290.147,79.343,13.374,271.294,175.150,108.608,66.542,107.290,17.489,1.298,16.190,16.190,0.000,0.500,1.625,39.0,
16.11.2025,17:55:16.848,114.189,163.413,153.943,4.445,0.000,250.0,250.0,289.236,119.749,12.903,167.649,111.335,69.041,42.294,68.202,237.594,109.565,128.029,250.879,0.000,0.000,0.000,39.0,
16.11.2025,17:55:17.839,119.627,162.546,153.065,4.447,0.000,250.0,250.0,269.073,32.421,12.451,91.899,64.713,40.123,24.590,39.645,17.359,1.287,16.072,16.072,0.000,1.750,0.625,39.0,
16.11.2025,17:55:18.846,115.549,176.157,166.329,4.617,0.000,250.0,250.0,205.510,98.569,12.180,316.640,202.484,125.555,76.929,124.044,56.615,10.306,46.309,14.623,0.000,1.000,2.625,39.0,
16.11.2025,17:55:19.841,123.705,184.707,174.857,4.644,0.000,250.0,250.0,198.406,21.301,12.302,57.878,43.538,26.993,16.545,26.662,9.955,0.774,9.181,9.181,0.000,1.125,0.875,39.0,
16.11.2025,17:55:20.837,112.830,146.668,137.642,4.239,0.000,250.0,250.0,85.626,16.849,12.886,42.573,34.395,21.336,13.059,21.079,7.929,0.630,7.299,7.299,0.000,0.500,1.250,39.0,
16.11.2025,17:55:21.835,17.672,84.948,76.189,3.978,0.000,250.0,250.0,52.848,15.664,13.069,39.133,32.387,20.080,12.307,19.835,6.813,0.615,6.198,6.198,0.000,0.000,0.000,39.0,
16.11.2025,17:55:22.835,19.032,26.306,18.182,3.557,0.000,250.0,250.0,49.687,14.543,12.382,36.342,30.220,18.733,11.487,18.512,6.197,0.642,5.555,5.358,0.000,0.000,0.000,39.0,
16.11.2025,17:55:23.841,40.782,26.325,18.301,3.554,0.000,250.0,250.0,46.630,13.478,11.937,32.939,27.833,17.264,10.569,17.056,5.927,0.603,5.324,5.324,0.000,0.000,0.000,39.0,
16.11.2025,17:55:24.837,27.188,28.299,20.172,3.594,0.000,250.0,250.0,45.203,13.621,11.723,33.673,28.165,17.456,10.709,17.248,5.976,0.694,5.282,5.282,0.000,0.000,0.375,39.0,
16.11.2025,17:55:25.846,99.236,28.299,20.172,3.594,0.000,250.0,250.0,275.607,156.470,12.643,420.685,267.376,165.791,101.585,163.785,159.274,69.210,90.064,114.283,0.000,2.500,2.375,39.0,
16.11.2025,17:55:26.850,115.549,173.111,163.371,4.590,0.000,250.0,250.0,464.524,212.082,12.790,456.183,289.266,179.362,109.904,177.202,438.779,118.696,320.083,18.559,0.000,2.250,1.625,39.0,
16.11.2025,17:55:27.858,115.549,172.767,163.177,4.544,0.000,250.0,250.0,434.089,99.118,13.519,346.605,221.774,137.522,84.252,135.867,17.754,1.362,16.392,16.132,0.000,1.000,0.500,42.0,
16.11.2025,17:55:28.859,119.627,189.913,180.458,4.436,0.000,250.0,250.0,291.082,95.966,14.353,334.977,215.127,133.388,81.739,131.781,16.387,1.437,14.949,15.519,0.000,0.000,0.000,42.0,
16.11.2025,17:55:29.851,115.549,180.474,171.030,4.470,0.000,250.0,250.0,290.311,55.999,14.952,180.389,120.301,74.602,45.699,73.704,17.619,1.311,16.308,15.107,0.000,2.375,2.250,42.0,
16.11.2025,17:55:30.861,111.470,186.920,177.443,4.457,0.000,250.0,250.0,287.291,184.432,14.074,222.022,145.464,90.195,55.269,89.103,380.536,153.223,227.312,467.126,0.000,1.000,0.125,19.0,
16.11.2025,17:55:31.857,110.111,193.376,183.862,4.510,0.000,250.0,250.0,292.457,31.919,12.712,90.922,64.278,39.861,24.417,39.371,16.565,1.223,15.342,14.493,0.000,2.125,2.625,19.0,
16.11.2025,17:55:32.865,108.752,193.376,183.862,4.510,0.000,250.0,250.0,188.840,176.534,12.215,321.428,205.458,127.393,78.065,125.857,438.573,129.900,308.673,17.781,0.000,1.000,2.500,19.0,
16.11.2025,17:55:33.858,115.549,168.979,159.111,4.679,0.001,250.0,250.0,208.323,157.085,12.299,256.422,165.364,102.540,62.824,101.293,383.592,147.213,236.379,102.928,0.000,2.250,0.500,19.0,
16.11.2025,17:55:34.853,58.454,187.426,177.628,4.632,0.000,250.0,250.0,111.255,15.787,12.235,39.311,31.978,19.827,12.151,19.581,7.929,0.630,7.299,6.926,0.000,0.875,0.000,19.0,
16.11.2025,17:55:35.864,118.267,171.455,162.165,4.337,0.000,250.0,250.0,248.424,214.745,13.274,491.391,311.619,193.232,118.387,190.892,405.338,133.561,271.777,17.982,0.000,0.000,0.000,19.0,
16.11.2025,17:55:36.856,110.111,175.825,166.214,4.531,0.000,250.0,250.0,462.124,265.630,13.431,460.213,292.424,181.326,111.098,179.141,368.429,157.538,210.891,681.811,0.000,0.000,1.125,19.0,
16.11.2025,17:55:37.860,112.830,176.434,166.749,4.564,0.000,250.0,250.0,427.964,57.622,13.224,187.845,123.766,76.747,47.019,75.812,18.155,1.400,16.755,15.496,0.000,0.000,2.500,19.0,
16.11.2025,17:55:38.860,119.627,181.023,171.416,4.510,0.000,250.0,250.0,287.067,152.303,13.328,239.652,155.787,96.600,59.187,95.425,374.101,169.223,204.878,114.846,0.000,0.000,0.000,19.0,
16.11.2025,17:55:39.851,111.470,178.122,168.682,4.461,0.000,250.0,250.0,301.732,182.770,12.868,350.024,223.492,138.585,84.907,136.907,431.767,123.754,308.013,17.381,0.000,1.125,2.750,19.0,
16.11.2025,17:55:40.861,112.830,173.246,163.703,4.525,0.000,250.0,250.0,290.021,98.782,12.335,345.888,220.639,136.809,83.830,135.155,18.544,1.420,17.124,16.072,0.000,2.250,1.125,19.0,
16.11.2025,17:55:41.852,104.673,185.369,175.902,4.434,0.000,250.0,250.0,283.813,32.416,12.103,92.881,65.117,40.379,24.738,39.889,16.765,1.246,15.519,15.519,0.000,1.500,1.625,19.0,
16.11.2025,17:55:42.865,112.830,185.321,175.801,4.460,0.000,250.0,250.0,201.610,32.624,12.699,92.788,65.426,40.570,24.856,40.080,17.025,1.259,15.766,15.766,0.000,1.125,1.250,19.0,
16.11.2025,17:55:43.853,116.908,184.233,174.369,4.670,0.001,250.0,250.0,204.153,66.376,13.433,230.030,149.718,92.832,56.886,91.718,9.960,0.740,9.220,9.220,0.000,2.125,2.375,19.0,
16.11.2025,17:55:44.856,119.627,179.761,170.008,4.625,0.000,250.0,250.0,137.505,16.330,12.832,40.490,33.070,20.509,12.561,20.264,8.072,0.641,7.431,7.431,0.000,0.000,1.750,19.0,
16.11.2025,17:55:45.852,116.908,174.817,165.458,4.398,0.000,250.0,250.0,114.843,218.699,12.824,477.318,302.654,187.668,114.986,185.411,412.079,142.984,269.095,81.968,0.000,1.500,2.625,19.0,
16.11.2025,17:55:46.855,118.267,164.561,154.982,4.511,0.000,250.0,250.0,457.509,219.316,12.306,491.297,311.000,192.852,118.148,190.524,419.436,138.583,280.853,38.163,0.000,1.375,2.125,19.0,
16.11.2025,17:55:47.864,118.267,162.085,152.403,4.615,0.000,250.0,250.0,467.016,57.929,12.065,181.962,119.443,74.065,45.378,73.166,27.328,8.769,18.559,18.559,0.000,2.250,0.750,19.0,
16.11.2025,17:55:48.856,114.189,179.523,169.940,4.498,0.000,250.0,250.0,333.933,151.115,12.444,206.443,134.841,83.619,51.222,82.611,378.838,169.577,209.261,182.289,0.000,0.375,0.000,19.0,
16.11.2025,17:55:49.851,111.470,177.169,167.704,4.407,0.000,250.0,250.0,290.149,182.471,12.855,353.149,225.426,139.780,85.646,138.102,426.757,120.618,306.139,16.238,0.000,0.500,0.125,19.0,
16.11.2025,17:55:50.857,104.673,167.515,158.137,4.413,0.000,250.0,250.0,292.383,99.070,13.784,346.710,222.070,137.706,84.364,136.039,17.101,1.277,15.824,15.824,0.000,1.125,2.250,19.0,
16.11.2025,17:55:51.861,101.955,185.488,176.025,4.415,0.000,250.0,250.0,291.964,82.650,14.481,282.384,182.639,113.247,69.392,111.881,17.936,1.333,16.602,16.602,0.000,0.375,1.000,19.0,
16.11.2025,17:55:52.858,118.267,172.981,163.559,4.423,0.000,250.0,250.0,244.122,33.942,14.778,93.495,67.161,41.637,25.524,41.134,20.429,4.875,15.554,14.835,0.000,1.250,0.500,19.0,
16.11.2025,17:55:53.867,106.033,178.153,168.386,4.588,0.000,250.0,250.0,209.095,149.731,13.781,310.927,199.920,123.971,75.949,122.472,317.641,85.938,231.703,15.012,0.000,1.625,0.000,19.0,
16.11.2025,17:55:54.877,104.673,175.213,165.502,4.605,0.000,250.0,250.0,195.784,160.239,12.740,406.050,258.304,160.169,98.135,158.238,197.529,91.470,106.059,113.695,0.000,1.375,2.750,19.0,
16.11.2025,17:55:55.867,114.189,170.225,160.621,4.535,0.000,250.0,250.0,436.227,108.423,12.213,380.963,242.168,150.168,92.000,148.357,20.289,1.541,18.748,17.781,0.000,2.375,1.125,20.0,
16.11.2025,17:55:56.873,118.267,176.328,166.628,4.578,0.000,250.0,250.0,369.491,94.128,12.425,326.934,208.981,129.586,79.395,128.014,19.854,1.471,18.383,16.238,0.000,1.000,1.250,20.0,
16.11.2025,17:55:57.880,100.595,175.264,165.811,4.434,0.000,250.0,250.0,288.571,87.276,12.676,175.607,115.985,71.921,44.064,71.047,104.272,42.779,61.492,172.920,0.000,0.000,0.500,20.0,
16.11.2025,17:55:58.872,116.908,188.724,179.283,4.451,0.000,250.0,250.0,285.913,159.197,13.142,255.176,165.206,102.432,62.774,101.196,389.763,153.501,236.262,112.514,0.000,1.125,0.000,19.0,
16.11.2025,17:55:59.876,115.549,170.727,161.279,4.419,0.000,250.0,250.0,294.571,166.039,13.416,349.284,223.377,138.513,84.864,136.847,347.460,90.670,256.790,19.171,0.000,0.500,0.000,19.0,
16.11.2025,17:56:0.866,115.549,176.257,166.841,4.432,0.000,250.0,250.0,291.848,100.068,13.617,348.518,223.074,138.325,84.749,136.646,19.574,1.451,18.123,16.602,0.000,2.625,0.000,19.0,
16.11.2025,17:56:1.875,110.111,166.736,157.250,4.455,0.000,250.0,250.0,292.848,82.759,13.161,284.282,183.022,113.491,69.531,112.112,17.920,1.491,16.429,16.155,0.000,1.000,2.625,19.0,
16.11.2025,17:56:2.877,118.267,199.544,190.121,4.459,0.000,250.0,250.0,207.928,33.199,12.575,94.692,66.530,41.252,25.278,40.749,17.828,2.604,15.224,15.259,0.000,0.250,1.125,19.0,
16.11.2025,17:56:3.875,112.830,168.710,158.971,4.605,0.001,250.0,250.0,219.961,47.783,12.091,111.442,76.413,47.375,29.038,46.801,23.062,7.755,15.307,108.549,0.000,2.500,2.500,19.0,
16.11.2025,17:56:4.886,110.111,182.793,172.979,4.636,0.000,250.0,250.0,145.623,47.783,12.403,91.597,64.505,39.993,24.512,39.515,16.023,1.188,14.835,14.776,0.000,0.000,1.375,19.0,
16.11.2025,17:56:5.885,108.752,167.554,158.107,4.425,0.000,250.0,250.0,387.919,31.935,13.286,466.004,295.736,183.374,112.362,181.166,380.603,103.236,277.368,20.291,0.000,0.000,0.000,19.0,
16.11.2025,17:56:6.889,115.549,173.285,163.634,4.562,0.000,250.0,250.0,467.964,203.343,13.745,441.916,280.923,174.197,106.726,172.099,197.421,53.925,143.496,120.144,0.000,0.125,1.625,19.0,
16.11.2025,17:56:7.894,107.392,187.669,177.995,4.596,0.001,250.0,250.0,323.951,170.459,13.088,323.480,207.341,128.568,78.773,127.008,427.395,138.595,288.800,428.792,0.000,1.125,0.125,19.0,
16.11.2025,17:56:8.896,114.189,169.514,160.015,4.476,0.000,250.0,250.0,285.658,216.184,12.598,346.355,221.109,137.103,84.006,135.447,17.485,1.295,16.190,16.190,0.000,1.500,1.125,19.0,
16.11.2025,17:56:9.887,112.830,180.819,171.375,4.423,0.000,250.0,250.0,285.658,98.778,12.598,346.355,221.109,137.103,84.006,135.447,17.485,1.295,16.190,16.190,0.000,2.250,1.500,19.0,
16.11.2025,17:56:10.891,110.111,177.746,168.293,4.426,0.000,250.0,250.0,292.168,80.134,12.132,274.287,176.148,109.230,66.918,107.912,18.702,1.393,17.309,17.309,0.000,2.000,1.125,19.0,
16.11.2025,17:56:11.896,119.627,193.692,183.947,4.612,0.000,250.0,250.0,273.104,88.520,12.463,307.532,196.975,122.142,74.833,120.667,17.292,1.290,16.002,16.002,0.003,1.000,0.000,19.0,
16.11.2025,17:56:12.884,111.470,197.632,187.914,4.587,0.000,250.0,250.0,282.077,96.087,12.831,335.925,214.773,133.171,81.602,131.564,17.435,1.303,16.132,16.132,0.000,1.125,0.000,19.0,
16.11.2025,17:56:13.885,118.267,174.347,164.683,4.564,0.000,250.0,250.0,225.651,176.542,13.438,289.808,186.717,115.778,70.939,114.387,404.447,146.080,258.367,165.458,0.000,1.500,1.875,19.0,
16.11.2025,17:56:14.884,118.267,170.378,160.527,4.655,0.000,250.0,250.0,218.874,25.056,13.863,62.119,47.125,29.222,17.903,28.866,17.592,1.308,16.284,16.284,0.000,0.375,0.000,19.0,
16.11.2025,17:56:15.886,112.830,166.522,156.847,4.579,0.000,250.0,250.0,183.141,240.480,15.156,458.856,292.867,181.601,111.266,179.401,367.937,161.792,206.145,429.781,0.000,2.250,1.250,19.0,
16.11.2025,17:56:16.885,114.189,180.066,170.424,4.572,0.000,250.0,250.0,460.761,217.495,14.955,458.855,292.434,181.335,111.099,179.140,382.558,155.257,227.301,172.012,0.000,1.125,0.000,19.0,
16.11.2025,17:56:17.894,110.111,193.685,184.171,4.461,0.001,250.0,250.0,343.539,100.073,13.537,350.285,224.077,138.952,85.125,137.273,17.597,1.313,16.284,16.284,0.000,0.500,1.750,19.0,
16.11.2025,17:56:18.887,110.111,193.685,184.171,4.461,0.001,250.0,250.0,300.940,77.455,12.191,187.303,122.803,76.153,46.650,75.230,24.378,5.607,18.771,205.468,0.000,1.125,1.750,19.0,
16.11.2025,17:56:19.896,114.189,173.216,163.685,4.470,0.000,250.0,250.0,291.822,175.142,12.188,244.802,158.218,98.111,60.107,96.925,381.255,162.064,219.191,318.557,0.000,2.375,1.125,19.0,
16.11.2025,17:56:20.881,107.392,173.718,164.316,4.458,0.000,250.0,250.0,293.017,186.802,12.657,354.830,226.321,140.332,85.989,138.642,446.182,125.169,321.013,16.885,0.000,0.000,0.500,19.0,
16.11.2025,17:56:21.885,115.549,175.590,166.131,4.447,0.000,250.0,250.0,284.937,99.515,12.985,348.640,222.710,138.093,84.617,136.427,17.665,1.321,16.344,16.344,0.000,0.500,2.375,19.0,
16.11.2025,17:56:22.887,116.908,187.224,177.703,4.470,0.000,250.0,250.0,294.153,79.250,13.253,270.038,174.253,108.054,66.199,106.748,18.455,1.406,17.049,17.049,0.000,1.375,1.125,19.0,
16.11.2025,17:56:23.890,108.752,186.396,176.970,4.440,0.000,250.0,250.0,241.272,33.915,13.339,94.586,66.941,41.510,25.431,41.007,19.266,1.459,17.807,17.807,0.000,1.000,0.000,19.0,
16.11.2025,17:56:24.884,112.830,171.870,162.145,4.575,0.000,250.0,250.0,220.416,34.375,13.366,95.327,67.409,41.806,25.603,41.303,20.142,1.490,18.652,18.652,0.000,1.625,1.250,19.0,
16.11.2025,17:56:25.889,111.470,192.126,182.337,4.658,0.000,250.0,250.0,167.205,19.669,12.864,51.832,40.123,24.881,15.242,24.586,9.443,0.691,8.752,8.274,0.000,2.500,1.750,19.0,
16.11.2025,17:56:26.890,106.033,163.532,153.942,4.493,0.000,250.0,250.0,183.190,208.118,12.807,441.646,280.195,173.742,106.453,171.657,437.125,120.960,316.165,20.433,0.000,2.375,1.750,19.0,
16.11.2025,17:56:27.896,111.470,174.479,164.998,4.472,0.000,250.0,250.0,461.262,269.161,12.503,477.142,302.180,187.378,114.802,185.113,433.457,134.809,298.648,545.578,0.000,0.000,1.250,19.0,
16.11.2025,17:56:28.882,114.189,174.217,164.517,4.602,0.000,250.0,250.0,410.218,146.931,12.802,179.498,118.522,73.492,45.030,72.605,203.756,91.268,112.489,559.847,0.000,1.000,2.375,19.0,
16.11.2025,17:56:29.889,112.830,192.288,182.682,4.520,0.000,250.0,250.0,286.090,220.939,13.378,276.125,178.298,110.559,67.739,109.227,408.444,138.235,270.209,637.181,0.000,0.000,2.250,19.0,
16.11.2025,17:56:30.891,119.627,181.382,171.941,4.437,0.000,250.0,250.0,290.796,116.944,13.493,346.884,221.949,137.624,84.325,135.970,105.537,24.507,81.030,18.123,0.000,0.000,1.125,19.0,
16.11.2025,17:56:31.882,115.549,168.080,158.630,4.432,0.000,250.0,250.0,299.692,92.043,12.992,319.873,204.919,127.070,77.849,125.536,17.669,1.517,16.152,16.850,0.000,1.000,0.000,19.0,
16.11.2025,17:56:32.888,114.189,183.620,174.171,4.416,0.000,250.0,250.0,291.162,59.925,12.308,196.301,128.350,79.590,48.760,78.632,19.393,1.435,17.958,16.520,0.000,2.250,0.500,19.0,
16.11.2025,17:56:33.896,110.111,173.029,163.614,4.443,0.000,250.0,250.0,245.905,32.782,11.983,94.132,65.818,40.810,25.008,40.320,16.962,1.254,15.708,15.824,0.000,2.500,1.875,19.0,
16.11.2025,17:56:34.882,108.752,189.788,180.129,4.533,0.000,250.0,250.0,214.240,151.025,12.479,236.540,153.248,95.025,58.223,93.888,373.448,169.624,203.824,113.948,0.000,1.125,0.250,19.0,
16.11.2025,17:56:35.888,116.908,181.013,171.274,4.602,0.000,250.0,250.0,182.665,187.131,12.865,379.738,241.738,149.899,91.839,148.090,418.161,123.435,294.726,10.824,0.000,0.250,0.500,19.0,
16.11.2025,17:56:36.890,120.986,165.952,156.180,4.641,0.000,250.0,250.0,426.409,219.767,13.638,478.568,303.774,188.362,115.412,186.086,445.289,136.814,308.475,21.256,0.000,0.000,2.625,19.0,
16.11.2025,17:56:37.883,110.111,170.792,161.052,4.598,0.000,250.0,250.0,369.126,69.991,14.229,192.998,127.443,79.031,48.412,78.075,24.703,7.063,17.640,110.311,0.000,1.000,0.000,19.0,
16.11.2025,17:56:38.887,104.673,187.659,178.202,4.481,0.000,250.0,250.0,292.767,156.876,15.237,231.065,151.715,94.072,57.643,92.932,370.711,171.981,198.730,184.671,0.000,1.625,1.250,19.0,
16.11.2025,17:56:39.894,118.267,171.253,161.760,4.472,0.000,250.0,250.0,287.076,163.109,14.282,265.148,172.052,106.690,65.362,105.395,401.573,138.559,263.014,99.012,0.000,2.125,2.000,19.0,
16.11.2025,17:56:40.885,118.267,165.627,156.138,4.448,0.000,250.0,250.0,287.005,186.492,13.206,352.846,225.416,139.776,85.640,138.098,444.960,136.510,308.450,20.020,0.000,0.500,1.125,19.0,
16.11.2025,17:56:41.886,122.346,175.346,165.909,4.448,0.000,250.0,250.0,288.612,119.386,12.416,349.998,223.173,138.388,84.785,136.722,115.329,27.049,88.281,17.721,0.000,2.125,0.000,19.0,
16.11.2025,17:56:42.894,115.549,190.578,181.102,4.462,0.000,250.0,250.0,300.214,83.398,12.359,285.328,183.086,113.532,69.554,112.155,20.501,1.594,18.907,16.969,0.000,1.125,2.375,19.0,
16.11.2025,17:56:43.886,119.627,157.814,148.349,4.459,0.000,250.0,250.0,269.210,90.112,12.772,312.866,200.516,124.338,76.178,122.827,17.480,1.302,16.178,16.661,0.000,1.625,0.000,19.0,
16.11.2025,17:56:44.897,116.908,174.225,164.635,4.535,0.000,250.0,250.0,211.999,33.332,12.930,92.930,65.643,40.712,24.931,40.222,20.023,1.488,18.535,15.907,0.000,2.250,0.375,19.0,
16.11.2025,17:56:45.900,125.064,172.081,162.246,4.651,0.000,250.0,250.0,200.651,116.118,13.527,380.162,242.565,150.410,92.155,148.588,20.667,8.435,12.232,92.435,0.000,1.375,1.875,19.0,
16.11.2025,17:56:46.902,111.470,184.458,174.626,4.642,0.000,250.0,250.0,455.357,101.462,13.765,353.959,226.390,140.381,86.009,138.693,18.955,1.443,17.512,17.509,0.000,2.500,0.000,17.0,
16.11.2025,17:56:47.911,114.189,194.061,184.366,4.597,0.000,250.0,250.0,325.470,71.095,13.291,236.917,153.869,95.409,58.460,94.260,20.088,1.517,18.571,18.570,0.000,0.375,2.375,17.0,
16.11.2025,17:56:48.901,123.705,166.819,157.322,4.449,0.000,250.0,250.0,286.520,129.246,12.961,182.257,120.277,74.577,45.700,73.678,332.427,149.496,182.931,118.158,0.003,0.875,2.500,17.0,
16.11.2025,17:56:49.911,114.189,162.386,152.900,4.457,0.000,250.0,250.0,298.962,223.587,12.535,331.549,211.786,131.317,80.469,129.737,442.047,129.095,312.952,454.377,0.000,1.000,2.000,17.0,
16.11.2025,17:56:50.900,122.346,191.512,182.062,4.433,0.000,250.0,250.0,289.399,122.762,12.549,354.990,226.298,140.326,85.972,138.624,125.870,30.157,95.713,17.121,0.000,1.500,1.250,17.0,
16.11.2025,17:56:51.899,115.549,189.593,180.131,4.463,0.000,250.0,250.0,293.016,94.202,12.986,327.787,209.767,130.078,79.689,128.509,18.194,1.379,16.815,16.814,0.000,0.000,0.000,17.0,
16.11.2025,17:56:52.903,116.908,177.082,167.607,4.487,0.000,250.0,250.0,285.134,76.135,13.478,256.374,165.987,102.923,63.064,101.677,19.780,1.491,18.289,18.287,0.000,1.125,0.000,17.0,
16.11.2025,17:56:53.919,118.267,173.858,164.403,4.453,0.000,250.0,250.0,289.922,71.544,13.335,239.861,155.818,96.620,59.198,95.458,18.849,1.398,17.451,17.451,0.000,0.750,1.625,17.0,
16.11.2025,17:56:54.929,111.470,182.809,173.219,4.509,0.000,250.0,250.0,196.066,87.008,12.744,134.876,91.127,56.503,34.624,55.833,153.394,65.440,87.954,177.583,0.000,0.875,2.375,17.0,
16.11.2025,17:56:55.939,78.845,198.068,188.237,4.648,0.000,250.0,250.0,195.646,72.967,12.247,256.530,165.229,102.456,62.773,101.211,10.002,0.766,9.236,9.218,0.000,1.000,2.000,17.0,
16.11.2025,17:56:56.931,112.830,168.984,159.314,4.530,0.000,250.0,250.0,106.630,153.444,12.243,299.937,192.831,119.577,73.254,118.133,315.359,96.599,218.760,87.752,0.000,1.750,0.000,17.0,
16.11.2025,17:56:57.937,106.033,176.439,167.082,4.386,0.000,250.0,250.0,350.098,132.909,12.767,383.731,244.250,151.452,92.798,149.619,91.522,33.698,57.824,111.432,0.000,0.000,2.375,17.0,
16.11.2025,17:56:58.932,114.189,183.441,173.804,4.564,0.000,250.0,250.0,466.022,146.988,13.212,406.922,258.901,160.541,98.360,158.612,129.699,44.846,84.852,113.937,0.000,0.375,1.125,17.0,
16.11.2025,17:56:59.938,118.267,174.622,164.952,4.576,0.000,250.0,250.0,373.282,100.201,13.989,347.073,222.334,137.863,84.471,136.209,21.271,1.613,19.658,17.534,0.000,2.500,0.500,17.0,
16.11.2025,17:57:0.942,118.267,176.344,166.934,4.399,0.000,250.0,250.0,288.769,71.070,14.744,235.087,153.686,95.296,58.390,94.146,21.132,1.630,19.502,17.085,0.000,0.500,1.625,17.0,
16.11.2025,17:57:1.930,123.705,183.686,174.299,4.385,0.000,250.0,250.0,301.675,143.948,15.081,174.352,116.795,72.423,44.372,71.548,252.390,114.289,138.101,440.133,0.000,0.000,0.500,17.0,
16.11.2025,17:57:2.933,116.908,173.082,163.639,4.389,0.000,250.0,250.0,294.603,233.815,14.049,294.964,190.331,118.024,72.307,116.596,408.621,140.228,268.393,714.640,0.000,0.000,0.000,17.0,
16.11.2025,17:57:3.939,110.111,174.800,165.449,4.407,0.000,250.0,250.0,294.094,137.402,12.729,168.311,111.645,69.227,42.418,68.388,246.883,110.519,136.363,407.536,0.000,1.500,2.750,17.0,
16.11.2025,17:57:4.934,114.189,167.269,157.711,4.461,0.001,250.0,250.0,206.221,94.764,12.134,100.019,69.478,43.084,26.394,42.558,23.252,7.003,16.249,607.472,0.000,1.500,1.625,17.0,
16.11.2025,17:57:5.939,126.424,175.097,165.279,4.664,0.000,250.0,250.0,205.260,47.274,12.459,156.787,104.001,64.484,39.517,63.709,10.866,0.861,10.005,10.054,0.000,1.000,0.500,17.0,
16.11.2025,17:57:6.931,108.752,185.689,176.024,4.592,0.000,250.0,250.0,237.465,216.353,13.087,475.477,301.398,186.888,114.510,184.636,433.529,120.359,313.170,20.481,0.000,0.500,2.250,17.0,
16.11.2025,17:57:7.938,116.908,192.014,182.407,4.526,0.000,250.0,250.0,462.150,122.661,13.353,354.009,226.170,140.236,85.934,138.548,124.823,29.759,95.063,18.711,0.000,0.000,0.000,17.0,
16.11.2025,17:57:8.943,119.627,184.023,174.443,4.525,0.000,250.0,250.0,306.309,100.450,13.508,349.164,223.374,138.509,84.865,136.831,20.207,1.553,18.654,17.840,0.000,0.375,0.000,30.0,
16.11.2025,17:57:9.938,110.111,188.710,179.234,4.472,0.000,250.0,250.0,286.805,76.710,13.605,258.571,167.415,103.815,63.600,102.558,20.150,1.624,18.526,17.238,0.000,2.375,2.750,30.0,
16.11.2025,17:57:10.940,122.346,203.133,193.665,4.467,0.000,250.0,250.0,301.500,112.051,13.205,171.909,114.091,70.739,43.352,69.889,188.983,83.638,105.345,259.357,0.000,1.125,1.250,30.0,
16.11.2025,17:57:11.943,92.439,181.513,172.017,4.458,0.000,250.0,250.0,294.329,176.271,12.930,322.345,206.471,128.025,78.446,126.491,434.969,140.977,293.992,18.068,0.000,0.000,1.125,19.0,
16.11.2025,17:57:12.943,119.627,177.889,168.458,4.453,0.000,250.0,250.0,286.937,178.748,12.405,352.384,224.658,139.308,85.350,137.617,407.986,111.121,296.865,19.783,0.000,1.500,2.500,19.0,
16.11.2025,17:57:13.934,111.470,184.799,175.181,4.562,0.000,250.0,250.0,286.315,33.782,12.496,96.122,67.365,41.780,25.585,41.277,18.296,1.351,16.944,16.602,0.000,2.250,2.375,19.0,
16.11.2025,17:57:14.930,118.267,165.580,155.824,4.617,0.000,250.0,250.0,206.378,131.629,13.105,171.125,113.597,70.436,43.161,69.585,266.553,118.850,147.703,302.173,0.000,2.250,2.375,19.0,
16.11.2025,17:57:15.940,111.470,176.646,166.780,4.665,0.000,250.0,250.0,206.236,113.723,13.560,160.833,107.306,66.540,40.766,65.727,269.778,125.095,144.683,142.946,0.000,1.625,2.375,19.0,
16.11.2025,17:57:16.936,118.267,163.702,153.829,4.652,0.000,250.0,250.0,316.951,158.560,13.230,422.786,268.740,166.647,102.093,164.635,102.889,29.107,73.782,241.692,0.000,0.500,2.750,19.0,
16.11.2025,17:57:17.937,112.830,177.446,167.774,4.610,0.000,250.0,250.0,404.303,73.044,12.645,244.620,158.266,98.131,60.135,96.944,20.418,1.552,18.866,18.864,0.000,1.500,0.000,19.0,
16.11.2025,17:57:18.931,115.549,174.889,165.421,4.459,0.000,250.0,250.0,293.956,97.795,12.172,154.410,102.770,63.726,39.044,62.947,134.903,56.602,78.301,273.072,0.000,0.000,0.750,19.0,
16.11.2025,17:57:19.933,111.470,168.136,158.650,4.449,0.000,250.0,250.0,288.968,190.772,12.571,295.308,189.564,117.550,72.014,116.135,405.661,145.151,260.510,293.252,0.000,1.125,0.000,19.0,
16.11.2025,17:57:20.941,115.549,190.282,180.842,4.454,0.000,250.0,250.0,291.044,160.174,12.899,351.243,224.268,139.055,85.213,137.376,317.119,83.655,233.464,17.451,0.000,0.000,0.500,19.0,
16.11.2025,17:57:21.945,120.986,199.130,189.683,4.453,0.000,250.0,250.0,287.659,100.989,13.602,352.800,225.586,139.886,85.700,138.196,18.514,1.415,17.100,17.097,0.000,0.375,0.000,19.0,
16.11.2025,17:57:22.961,115.549,193.253,183.768,4.454,0.002,250.0,250.0,294.653,65.780,14.162,214.746,140.826,87.318,53.508,86.265,20.871,1.598,19.272,19.231,0.000,1.000,2.250,19.0,
16.11.2025,17:57:23.974,120.986,182.427,172.951,4.445,0.000,250.0,250.0,287.261,35.532,14.771,97.417,69.581,43.148,26.433,42.621,20.966,1.548,19.418,19.418,0.000,1.125,1.500,19.0,
16.11.2025,17:57:24.962,116.908,164.027,154.202,4.649,0.000,250.0,250.0,191.942,34.306,14.506,95.611,68.292,42.350,25.942,41.836,18.654,1.436,17.218,17.216,0.000,1.125,2.375,19.0,
16.11.2025,17:57:25.965,115.549,164.027,154.202,4.649,0.000,250.0,250.0,234.949,197.708,13.598,277.235,178.994,110.985,68.009,109.643,390.785,135.700,255.085,437.041,0.000,1.750,0.000,19.0,
16.11.2025,17:57:26.976,116.908,168.282,158.610,4.587,0.000,250.0,250.0,422.317,101.332,12.551,351.953,224.437,139.167,85.270,137.490,21.358,1.619,19.739,19.737,0.000,1.250,1.750,42.0,
16.11.2025,17:57:27.979,116.908,186.602,177.135,4.439,0.000,250.0,250.0,288.657,94.141,12.451,327.697,209.371,129.832,79.539,128.262,18.344,1.604,16.740,17.569,0.000,0.000,0.000,42.0,
16.11.2025,17:57:28.978,114.189,186.602,177.135,4.439,0.000,250.0,250.0,290.208,79.004,12.651,196.289,128.537,79.708,48.829,78.751,67.088,23.015,44.073,111.097,0.000,2.625,1.250,42.0,
16.11.2025,17:57:29.985,125.064,174.401,164.893,4.492,0.000,250.0,250.0,295.283,151.648,13.007,241.455,156.661,97.150,59.511,95.975,374.103,170.209,203.894,104.515,0.000,0.000,1.250,42.0,
16.11.2025,17:57:30.978,122.346,183.370,173.852,4.484,0.000,250.0,250.0,293.666,130.351,13.341,351.169,224.496,139.214,85.282,137.535,166.565,42.151,124.414,19.347,0.000,0.000,1.625,42.0,
16.11.2025,17:57:31.989,118.267,175.921,166.465,4.448,0.000,250.0,250.0,287.551,100.818,13.604,351.902,225.065,139.560,85.505,137.883,18.442,1.658,16.784,17.781,0.000,0.375,1.125,42.0,
16.11.2025,17:57:32.978,112.830,186.645,177.165,4.457,0.000,250.0,250.0,291.945,56.485,13.534,180.802,119.685,74.211,45.474,73.325,20.333,1.503,18.830,17.156,0.000,0.000,2.750,42.0,
16.11.2025,17:57:33.982,114.189,181.349,171.854,4.472,0.000,250.0,250.0,295.189,34.378,12.888,97.334,68.355,42.388,25.967,41.873,19.016,1.411,17.605,16.944,0.000,1.125,2.375,42.0,
16.11.2025,17:57:34.977,118.267,176.860,167.037,4.645,0.000,250.0,250.0,198.820,33.820,12.514,96.546,67.641,41.940,25.701,41.437,17.920,1.318,16.602,16.579,0.000,1.500,1.125,42.0,
16.11.2025,17:57:35.986,116.908,173.656,163.929,4.626,0.001,250.0,250.0,219.895,22.851,12.196,62.635,46.408,28.777,17.631,28.433,11.164,0.926,10.238,10.105,0.000,2.375,1.875,42.0,
16.11.2025,17:57:36.975,116.908,173.656,163.929,4.626,0.001,250.0,250.0,112.879,175.677,13.087,328.654,210.313,130.410,79.903,128.841,427.563,125.647,301.916,10.440,0.000,1.500,0.750,42.0,
16.11.2025,17:57:37.984,110.111,170.442,160.864,4.563,0.000,250.0,250.0,442.373,218.329,13.835,473.932,300.956,186.620,114.336,184.366,443.564,125.892,317.672,22.118,0.000,0.000,2.625,42.0,
16.11.2025,17:57:38.990,103.314,170.442,160.864,4.563,0.000,250.0,250.0,439.451,77.000,13.583,257.704,166.832,103.452,63.380,102.206,22.573,1.719,20.854,17.698,0.000,0.000,0.500,42.0,
16.11.2025,17:57:39.980,120.986,171.489,161.846,4.530,0.000,250.0,250.0,295.121,100.788,13.003,179.274,118.553,73.512,45.041,72.625,194.278,85.932,108.346,117.315,0.000,1.500,1.125,42.0,
16.11.2025,17:57:40.982,122.346,178.430,169.002,4.425,0.000,250.0,250.0,293.592,202.817,12.697,318.032,203.592,126.237,77.355,124.715,421.148,142.919,278.229,323.244,0.000,1.125,0.000,42.0,
16.11.2025,17:57:41.991,111.470,186.114,176.647,4.451,0.000,250.0,250.0,287.337,173.222,12.512,312.963,200.388,124.259,76.129,122.761,432.341,140.348,291.993,18.521,0.000,0.375,1.250,42.0,
16.11.2025,17:57:42.980,112.830,174.010,164.652,4.402,0.000,250.0,250.0,292.987,100.134,12.848,349.701,223.287,138.459,84.828,136.793,18.959,1.447,17.512,17.509,0.000,1.250,1.125,17.0,
16.11.2025,17:57:43.987,110.111,162.815,153.344,4.458,0.000,250.0,250.0,289.586,95.324,12.973,331.564,212.172,131.566,80.606,129.983,18.600,1.418,17.182,17.181,0.000,0.500,0.750,17.0,
16.11.2025,17:57:44.980,114.189,162.815,153.344,4.458,0.000,250.0,250.0,207.199,35.473,13.768,97.393,68.942,42.750,26.192,42.236,23.364,6.643,16.721,16.721,0.000,0.625,2.250,17.0,
16.11.2025,17:57:45.983,116.908,180.036,170.247,4.648,0.000,250.0,250.0,208.674,47.195,14.545,152.995,103.016,63.874,39.142,63.110,12.061,0.916,11.145,11.145,0.000,0.750,1.375,30.0,
16.11.2025,17:57:46.978,115.549,190.503,180.685,4.634,0.000,250.0,250.0,136.120,19.604,14.977,49.635,40.072,24.852,15.220,24.545,9.159,0.741,8.418,8.418,0.000,2.250,2.375,30.0,
16.11.2025,17:57:47.982,116.908,166.077,156.481,4.529,0.000,250.0,250.0,222.606,182.427,14.496,425.501,271.393,168.287,103.106,166.248,208.975,94.500,114.475,257.292,0.000,0.000,0.000,30.0,
16.11.2025,17:57:48.986,108.752,169.823,160.085,4.614,0.000,250.0,250.0,468.196,194.048,13.475,438.778,278.998,173.003,105.995,170.917,325.230,145.242,179.988,108.855,0.000,0.000,0.000,30.0,
16.11.2025,17:57:49.978,115.549,169.823,160.085,4.614,0.000,250.0,250.0,450.067,101.573,12.341,355.620,226.565,140.484,86.081,138.795,19.100,1.458,17.643,17.640,0.000,1.125,0.500,30.0,
16.11.2025,17:57:50.982,112.830,170.116,160.525,4.544,0.001,250.0,250.0,295.403,68.846,12.537,228.072,147.998,91.769,56.229,90.666,20.923,1.575,19.348,19.347,0.000,0.375,0.125,30.0,
16.11.2025,17:57:51.975,122.346,180.228,170.691,4.478,0.000,250.0,250.0,294.031,189.280,12.842,199.200,130.646,81.012,49.634,80.041,372.179,172.671,199.508,595.062,0.000,2.125,0.000,30.0,
16.11.2025,17:57:52.984,115.549,180.228,170.691,4.478,0.000,250.0,250.0,294.052,159.782,13.418,351.053,224.523,139.227,85.296,137.548,314.410,82.118,232.292,17.933,0.000,1.000,1.250,52.0,
16.11.2025,17:57:53.986,118.267,183.776,174.299,4.463,0.000,250.0,250.0,302.299,101.253,13.590,353.524,226.036,140.165,85.871,138.476,18.767,1.432,17.335,17.333,0.000,1.750,2.750,52.0,
16.11.2025,17:57:54.978,114.189,177.561,167.851,4.614,0.000,250.0,250.0,220.148,72.910,13.703,244.289,158.771,98.442,60.329,97.256,19.245,1.428,17.817,17.817,0.000,2.375,2.750,52.0,
16.11.2025,17:57:55.984,108.752,159.151,149.323,4.672,0.000,250.0,250.0,214.226,88.816,13.334,114.931,78.996,48.985,30.011,48.402,190.273,82.766,107.507,172.951,0.000,1.500,2.125,52.0,
16.11.2025,17:57:56.977,115.549,159.151,149.323,4.672,0.000,250.0,250.0,289.197,169.491,13.153,410.260,260.941,161.808,99.133,159.854,284.736,73.996,210.739,20.291,0.000,1.125,0.000,52.0,
16.11.2025,17:57:57.981,114.189,177.609,168.045,4.528,0.000,250.0,250.0,421.589,187.048,12.496,276.454,177.829,110.273,67.556,108.943,403.103,149.322,253.782,310.718,0.000,1.125,0.125,52.0,
16.11.2025,17:57:58.987,112.830,177.609,168.045,4.528,0.000,250.0,250.0,301.046,180.351,12.593,353.750,225.591,139.881,85.710,138.191,413.823,111.902,301.921,20.145,0.000,0.000,0.625,52.0,
16.11.2025,17:57:59.989,107.392,175.496,166.056,4.430,0.000,250.0,250.0,294.742,100.594,13.276,349.526,223.474,138.574,84.900,136.895,20.586,1.565,19.021,18.123,0.000,2.125,1.125,52.0,
16.11.2025,17:58:0.981,115.549,173.615,164.139,4.448,0.000,250.0,250.0,287.890,93.965,13.899,322.944,207.348,128.569,78.779,127.022,21.700,1.630,20.070,17.687,0.000,0.750,1.125,52.0,
16.11.2025,17:58:1.988,108.752,166.472,156.971,4.478,0.001,250.0,250.0,295.313,64.403,13.319,211.624,138.386,85.806,52.580,84.776,20.117,1.488,18.629,17.309,0.000,2.500,1.750,52.0,
16.11.2025,17:58:2.980,106.033,175.490,166.052,4.439,0.000,250.0,250.0,289.926,122.725,12.772,185.785,122.408,75.902,46.506,74.979,296.943,132.858,164.085,115.009,0.000,2.000,1.250,52.0,
16.11.2025,17:58:3.984,111.470,176.691,167.257,4.423,0.000,250.0,250.0,301.450,190.517,12.523,301.194,193.158,119.775,73.383,118.337,406.319,139.247,267.072,274.161,0.000,0.500,0.000,52.0,
16.11.2025,17:58:4.977,106.033,178.015,168.341,4.555,0.001,250.0,250.0,242.714,60.310,12.429,198.565,129.819,80.505,49.314,79.536,18.010,1.337,16.673,16.909,0.000,2.250,0.500,52.0,
16.11.2025,17:58:5.983,111.470,167.882,158.099,4.638,0.000,250.0,250.0,211.540,149.403,12.904,305.166,195.638,121.310,74.328,119.849,326.651,89.846,236.805,11.528,0.000,0.375,0.000,52.0,
16.11.2025,17:58:6.981,107.392,170.228,160.785,4.401,0.000,250.0,250.0,164.013,19.377,13.069,50.399,39.361,24.410,14.951,24.116,9.507,0.717,8.790,8.446,0.000,0.000,1.250,52.0,
16.11.2025,17:58:7.985,106.033,173.452,163.946,4.479,0.001,250.0,250.0,120.877,159.183,14.357,387.566,247.832,153.678,94.154,151.819,144.358,65.115,79.243,253.712,0.000,2.500,0.000,52.0,
16.11.2025,17:58:8.985,103.314,162.571,152.836,4.608,0.000,250.0,250.0,460.350,169.396,14.979,428.278,273.236,169.431,103.805,167.383,134.946,46.017,88.929,266.953,0.000,0.375,2.750,52.0,
16.11.2025,17:58:9.985,112.830,185.531,175.963,4.522,0.000,250.0,250.0,465.270,88.734,14.899,303.029,195.620,121.295,74.325,119.833,19.951,1.510,18.442,18.440,0.000,0.750,1.000,52.0,
16.11.2025,17:58:10.976,108.752,168.552,159.036,4.488,0.000,250.0,250.0,307.689,94.950,13.814,186.996,123.579,76.626,46.953,75.704,26.701,7.322,19.378,372.430,0.000,1.625,0.000,52.0,
16.11.2025,17:58:11.981,111.470,196.130,186.631,4.461,0.000,250.0,250.0,304.948,143.841,12.836,241.209,156.461,97.019,59.442,95.855,377.545,168.890,208.654,20.503,0.000,1.000,0.000,52.0,
16.11.2025,17:58:12.985,111.470,187.583,178.142,4.454,0.000,250.0,250.0,295.074,146.743,12.346,352.137,224.428,139.162,85.266,137.485,249.472,63.169,186.304,17.663,0.000,1.125,0.500,52.0,
16.11.2025,17:58:13.976,101.955,188.990,179.390,4.520,0.000,250.0,250.0,293.885,114.533,12.611,355.718,226.805,140.637,86.168,138.935,83.545,18.319,65.226,17.368,0.000,1.125,2.375,52.0,
16.11.2025,17:58:14.981,107.392,176.329,166.405,4.727,0.001,250.0,250.0,242.278,33.026,12.810,92.916,65.572,40.659,24.913,40.169,18.206,1.398,16.808,16.808,0.000,1.625,2.500,52.0,
16.11.2025,17:58:15.985,116.908,185.456,175.476,4.738,0.000,250.0,250.0,208.628,227.643,13.204,280.708,180.977,112.216,68.761,110.861,400.988,148.783,252.205,707.729,0.000,2.250,0.375,52.0,
16.11.2025,17:58:16.989,116.908,181.267,171.432,4.676,0.000,250.0,250.0,185.990,253.518,13.647,484.475,307.524,190.692,116.832,188.392,421.961,143.225,278.736,389.693,0.000,0.000,2.625,52.0,
16.11.2025,17:58:17.986,115.549,188.386,178.738,4.557,0.000,250.0,250.0,424.964,89.509,13.592,170.028,113.071,70.108,42.963,69.258,26.805,9.015,17.790,362.456,0.000,0.750,1.750,52.0,
16.11.2025,17:58:18.981,111.470,170.693,161.150,4.468,0.000,250.0,250.0,331.838,214.312,13.277,270.451,174.629,108.289,66.340,106.983,393.012,153.507,239.505,617.126,0.000,0.000,2.125,52.0,
16.11.2025,17:58:19.980,115.549,181.439,171.984,4.460,0.001,250.0,250.0,294.915,132.177,12.858,354.904,226.490,140.435,86.055,138.745,172.279,43.467,128.812,17.721,0.000,2.125,0.000,52.0,
16.11.2025,17:58:20.983,111.470,177.742,168.248,4.464,0.000,250.0,250.0,294.286,96.077,12.434,334.889,213.847,132.602,81.245,130.996,18.729,1.429,17.300,17.297,0.000,1.125,0.000,52.0,
16.11.2025,17:58:21.988,119.627,182.147,172.698,4.458,0.000,250.0,250.0,291.869,76.293,12.740,174.823,115.499,71.621,43.878,70.747,26.652,8.907,17.745,220.322,0.000,1.625,2.250,52.0,
16.11.2025,17:58:22.980,114.189,167.390,157.942,4.419,0.000,250.0,250.0,304.795,177.451,13.298,238.181,154.782,95.972,58.810,94.810,378.271,164.678,213.593,362.119,0.000,1.125,0.500,52.0,
16.11.2025,17:58:23.986,115.549,187.390,177.958,4.436,0.000,250.0,250.0,294.902,185.105,13.868,353.343,226.140,140.218,85.922,138.528,437.578,124.436,313.142,17.875,0.000,1.000,2.500,52.0,
16.11.2025,17:58:24.985,108.752,175.151,165.415,4.567,0.000,250.0,250.0,263.642,34.363,12.940,98.111,68.876,42.703,26.173,42.188,17.988,1.327,16.661,16.661,0.000,1.125,1.875,52.0,
16.11.2025,17:58:25.987,112.830,179.707,169.935,4.632,0.000,250.0,250.0,222.092,33.971,12.392,97.077,67.901,42.101,25.800,41.587,18.064,1.343,16.721,16.721,0.000,0.000,1.250,52.0,
16.11.2025,17:58:26.985,104.673,164.757,155.021,4.620,0.000,250.0,250.0,220.338,215.292,12.666,483.842,306.672,190.161,116.511,187.858,367.465,156.086,211.379,120.276,0.000,1.125,0.750,52.0,
16.11.2025,17:58:27.989,107.392,178.450,168.866,4.488,0.000,250.0,250.0,453.805,108.261,12.477,170.101,112.571,69.796,42.775,68.958,142.510,60.289,82.221,320.911,0.000,2.500,0.000,52.0,
16.11.2025,17:58:28.980,111.470,174.466,164.962,4.460,0.000,250.0,250.0,313.931,174.553,12.908,289.381,186.129,115.409,70.720,114.018,391.195,150.603,240.592,174.578,0.000,1.000,0.000,52.0,
16.11.2025,17:58:29.986,111.470,196.456,187.000,4.437,0.000,250.0,250.0,287.975,102.361,13.600,356.047,227.614,141.132,86.482,139.431,20.540,1.521,19.019,18.228,0.000,0.000,1.625,52.0,
16.11.2025,17:58:30.989,107.392,189.916,180.488,4.433,0.001,250.0,250.0,296.868,98.300,14.282,340.583,218.480,135.479,83.001,133.837,19.792,1.600,18.192,17.757,0.000,1.000,0.500,52.0,
16.11.2025,17:58:31.983,108.752,174.727,165.318,4.422,0.000,250.0,250.0,289.007,60.553,15.040,193.946,128.631,79.754,48.877,78.796,21.577,2.889,18.688,17.333,0.000,0.875,1.250,52.0,
16.11.2025,17:58:32.984,115.549,193.042,183.620,4.411,0.000,250.0,250.0,300.758,176.973,14.647,218.011,143.292,88.853,54.439,87.786,380.238,161.488,218.750,402.231,0.000,0.375,1.000,9.0,
16.11.2025,17:58:33.988,111.470,186.285,176.856,4.432,0.000,250.0,250.0,295.709,188.162,13.392,356.445,227.686,141.188,86.498,139.488,448.119,132.895,315.224,20.680,0.000,1.000,0.750,9.0,
16.11.2025,17:58:34.986,115.549,176.432,166.735,4.586,0.000,250.0,250.0,242.174,92.772,12.291,322.349,205.973,127.716,78.257,126.183,18.826,1.398,17.428,17.297,0.000,0.875,1.750,9.0,
16.11.2025,17:58:35.984,116.908,193.605,183.797,4.667,0.000,250.0,250.0,210.657,86.535,12.277,102.092,70.832,43.923,26.909,43.384,23.041,3.983,19.058,519.851,0.000,2.500,2.625,9.0,
16.11.2025,17:58:36.981,118.267,179.627,169.988,4.528,0.000,250.0,250.0,166.209,21.416,12.539,57.784,43.623,27.051,16.572,26.720,10.304,0.787,9.517,9.266,0.000,1.500,1.000,9.0,
16.11.2025,17:58:37.983,110.111,198.877,189.446,4.416,0.000,250.0,250.0,121.775,202.682,12.972,347.888,222.893,138.216,84.677,136.544,334.246,98.777,235.469,415.140,0.000,0.000,1.625,9.0,
16.11.2025,17:58:38.984,103.314,178.170,168.492,4.609,0.000,250.0,250.0,461.603,248.084,13.566,484.796,307.697,190.793,116.904,188.493,406.327,145.618,260.710,365.933,0.000,1.000,0.500,9.0,
16.11.2025,17:58:39.989,108.752,179.335,169.677,4.579,0.000,250.0,250.0,474.048,266.319,13.839,503.522,319.491,198.110,121.381,195.714,428.535,135.509,293.026,454.067,0.000,0.125,1.125,9.0,
16.11.2025,17:58:40.988,106.033,167.221,157.668,4.478,0.000,250.0,250.0,334.130,150.138,13.493,210.744,138.107,85.633,52.474,84.603,375.873,169.131,206.741,164.579,0.000,1.000,0.000,9.0,
16.11.2025,17:58:41.981,119.627,177.802,168.381,4.472,0.000,250.0,250.0,288.807,101.272,13.089,351.588,224.562,139.251,85.311,137.573,21.687,1.642,20.045,17.969,0.000,0.875,1.250,9.0,
16.11.2025,17:58:42.984,120.986,186.043,176.542,4.451,0.000,250.0,250.0,288.817,100.793,12.558,352.772,224.950,139.487,85.463,137.798,18.765,1.397,17.368,17.368,0.000,0.500,0.375,9.0,
16.11.2025,17:58:43.987,114.189,191.771,182.342,4.449,0.000,250.0,250.0,297.969,78.379,12.370,265.586,170.976,106.012,64.964,104.731,20.213,1.490,18.723,18.723,0.000,1.000,0.000,9.0,
16.11.2025,17:58:44.978,115.549,176.329,166.715,4.521,0.000,250.0,250.0,239.049,54.752,12.713,174.270,115.119,71.377,43.742,70.515,20.433,1.510,18.923,18.923,0.000,1.125,0.750,9.0,
16.11.2025,17:58:45.986,110.111,186.914,177.144,4.622,0.000,250.0,250.0,228.966,35.418,13.289,98.037,69.048,42.809,26.239,42.294,21.347,1.575,19.772,19.772,0.000,0.000,2.250,9.0,
16.11.2025,17:58:46.983,115.549,179.845,170.117,4.577,0.000,250.0,250.0,196.664,22.512,13.183,60.899,45.947,28.495,17.452,28.151,10.602,0.812,9.790,9.790,0.000,2.375,2.375,9.0,
16.11.2025,17:58:47.987,112.830,179.252,169.597,4.580,0.000,250.0,250.0,396.737,171.760,13.019,428.162,271.897,168.591,103.306,166.556,136.488,56.806,79.682,293.097,0.000,1.250,2.750,9.0,
16.11.2025,17:58:48.980,122.346,191.842,182.313,4.510,0.000,250.0,250.0,405.773,217.689,12.436,297.226,190.671,118.225,72.446,116.798,430.709,139.817,290.892,507.671,0.000,0.750,1.750,19.0,
16.11.2025,17:58:49.988,115.549,186.811,177.336,4.453,0.000,250.0,250.0,294.077,217.689,12.413,350.641,223.558,138.626,84.932,136.961,19.041,1.413,17.628,17.628,0.000,0.375,0.625,19.0,
16.11.2025,17:58:50.984,107.392,204.741,195.303,4.459,0.000,250.0,250.0,288.737,101.882,12.577,357.101,227.584,141.121,86.463,139.421,18.646,1.384,17.262,17.262,0.000,1.000,0.000,19.0,
16.11.2025,17:58:51.987,108.752,191.302,181.828,4.444,0.000,250.0,250.0,292.598,59.948,12.861,190.199,124.921,77.463,47.458,76.530,25.075,5.173,19.902,19.902,0.000,2.125,0.375,19.0,
16.11.2025,17:58:52.980,118.267,190.586,181.111,4.452,0.000,250.0,250.0,297.235,59.948,13.811,230.916,150.677,93.434,57.243,92.296,382.132,156.615,225.517,467.693,0.000,1.625,0.500,19.0,
16.11.2025,17:58:53.986,114.189,190.459,180.998,4.467,0.001,250.0,250.0,296.641,126.772,14.718,354.311,227.235,140.911,86.324,139.210,143.613,37.278,106.335,17.781,0.000,1.250,1.125,19.0,
16.11.2025,17:58:54.981,116.908,182.980,173.338,4.538,0.000,250.0,250.0,270.160,126.772,15.009,96.830,69.353,43.006,26.347,42.492,18.571,1.367,17.204,17.204,0.000,2.250,1.250,19.0,
16.11.2025,17:58:55.981,116.908,182.980,173.338,4.538,0.000,250.0,250.0,270.160,34.738,15.009,96.830,69.353,43.006,26.347,42.492,18.571,1.367,17.204,17.204,0.000,0.375,0.000,19.0,
16.11.2025,17:58:56.986,116.908,168.308,158.519,4.602,0.000,250.0,250.0,200.416,34.377,13.880,97.319,68.963,42.765,26.198,42.251,17.880,1.324,16.556,16.638,0.000,1.000,0.000,19.0,
16.11.2025,17:58:57.983,101.955,182.934,173.258,4.598,0.000,250.0,250.0,194.753,21.866,12.792,58.117,43.981,27.269,16.712,26.950,11.731,0.870,10.861,9.373,0.000,1.000,0.500,19.0,
16.11.2025,17:58:58.976,118.267,170.344,160.641,4.584,0.000,250.0,250.0,367.062,284.865,12.359,473.561,299.923,185.978,113.945,183.726,427.770,139.164,288.606,723.616,0.000,1.375,1.000,19.0,
16.11.2025,17:58:59.980,114.189,187.156,177.592,4.538,0.000,250.0,250.0,405.207,101.564,12.670,353.246,225.320,139.721,85.599,138.031,21.516,1.590,19.926,18.016,0.000,0.125,2.750,19.0,
16.11.2025,17:59:0.990,115.549,188.321,178.821,4.462,0.000,250.0,250.0,295.401,58.443,12.830,185.804,122.280,75.822,46.458,74.900,24.482,5.830,18.652,17.368,0.000,1.625,1.625,19.0,
16.11.2025,17:59:1.978,118.267,179.913,170.458,4.457,0.000,250.0,250.0,295.845,199.808,13.218,300.758,193.294,119.864,73.430,118.414,408.805,139.681,269.123,361.493,0.000,0.000,1.625,19.0,
16.11.2025,17:59:2.987,115.549,172.212,162.743,4.471,0.000,250.0,250.0,298.908,100.464,13.491,348.742,223.105,138.342,84.763,136.676,20.642,1.530,19.112,18.241,0.000,0.000,0.000,19.0,
16.11.2025,17:59:3.985,119.627,193.327,183.781,4.481,0.000,250.0,250.0,295.624,75.578,13.516,253.823,164.466,101.977,62.489,100.743,20.639,1.650,18.989,17.486,0.000,1.000,1.875,19.0,
16.11.2025,17:59:4.977,108.752,187.259,177.817,4.471,0.000,250.0,250.0,294.513,191.043,13.363,241.660,157.021,97.374,59.647,96.199,380.436,159.394,221.042,484.292,0.000,1.750,2.375,30.0,
16.11.2025,17:59:5.987,116.908,181.987,172.358,4.567,0.000,250.0,250.0,269.173,92.916,12.787,322.445,206.364,127.956,78.408,126.410,18.698,1.389,17.309,17.393,0.000,2.750,0.375,30.0,
16.11.2025,17:59:6.981,116.908,175.272,165.467,4.645,0.000,250.0,250.0,220.644,165.948,12.417,293.540,188.395,116.814,71.581,115.412,409.654,140.638,269.016,42.015,0.000,0.000,1.500,30.0,
16.11.2025,17:59:7.982,118.267,167.674,157.834,4.654,0.000,250.0,250.0,224.463,229.484,12.931,475.760,301.782,187.125,114.657,184.872,366.539,162.643,203.896,284.632,0.000,0.375,2.500,30.0,
16.11.2025,17:59:8.984,106.033,170.188,160.618,4.521,0.000,250.0,250.0,453.221,74.282,13.146,248.378,160.828,99.723,61.105,98.514,20.889,1.542,19.347,19.347,0.000,1.625,1.625,30.0,
16.11.2025,17:59:9.977,120.986,206.169,196.691,4.460,0.000,250.0,250.0,287.540,147.061,13.596,196.099,129.196,80.112,49.084,79.141,288.405,130.379,158.026,346.569,0.000,0.000,2.375,30.0,
16.11.2025,17:59:10.987,114.189,163.198,154.025,4.228,0.000,250.0,250.0,281.759,192.412,13.227,298.567,191.885,118.993,72.892,117.556,407.202,146.300,260.902,296.598,0.000,0.000,0.250,30.0,
16.11.2025,17:59:11.975,118.267,170.342,160.937,4.451,0.000,250.0,250.0,282.910,163.854,12.652,349.117,222.778,138.146,84.632,136.480,338.550,88.776,249.774,17.640,0.000,1.125,0.000,30.0,
16.11.2025,17:59:12.986,107.392,176.463,167.040,4.427,0.000,250.0,250.0,294.584,98.224,12.197,343.448,218.913,135.739,83.174,134.110,18.682,1.385,17.297,17.297,0.000,2.500,0.750,30.0,
16.11.2025,17:59:13.983,115.549,187.894,178.372,4.454,0.000,250.0,250.0,292.950,96.144,12.346,171.356,113.098,70.126,42.972,69.288,25.280,7.395,17.885,431.699,0.000,0.875,2.750,30.0,
16.11.2025,17:59:14.989,112.830,180.995,171.510,4.468,0.000,250.0,250.0,296.736,167.164,12.795,292.308,187.857,116.485,71.372,115.082,410.807,149.284,261.523,54.126,0.000,2.250,1.125,30.0,
16.11.2025,17:59:15.982,114.189,177.908,168.368,4.493,0.001,250.0,250.0,271.467,48.336,13.117,148.572,99.681,61.816,37.865,61.074,20.928,1.545,19.383,19.383,0.000,2.250,1.250,30.0,
16.11.2025,17:59:16.984,107.392,181.762,171.745,4.764,0.000,250.0,250.0,191.220,170.280,14.153,323.739,208.046,129.005,79.041,127.447,402.349,114.497,287.852,16.673,0.000,1.500,0.500,30.0,
16.11.2025,17:59:17.977,119.627,178.702,168.698,4.767,0.000,250.0,250.0,195.135,178.308,15.014,370.849,237.693,147.391,90.302,145.617,380.261,144.772,235.489,15.696,0.000,1.625,2.750,30.0,
16.11.2025,17:59:19.001,111.470,170.076,160.364,4.592,0.000,250.0,250.0,383.287,244.893,15.063,498.818,317.372,196.796,120.576,194.424,409.082,146.729,262.353,287.713,0.000,0.375,0.875,30.0,
16.11.2025,17:59:19.998,112.830,184.935,175.498,4.460,0.000,250.0,250.0,367.778,96.778,13.527,334.050,213.956,132.666,81.290,131.060,21.709,1.639,20.070,17.817,0.000,1.125,1.250,30.0,
16.11.2025,17:59:21.019,118.267,190.426,180.950,4.462,0.000,250.0,250.0,290.406,172.992,12.668,218.619,142.385,88.292,54.093,87.226,365.235,167.011,198.223,396.168,0.000,0.375,0.875,30.0,
16.11.2025,17:59:22.013,123.705,189.430,179.962,4.465,0.000,250.0,250.0,294.492,164.919,12.277,187.673,123.212,76.410,46.802,75.487,366.809,168.818,197.991,393.707,0.000,1.500,1.125,30.0,
16.11.2025,17:59:23.020,112.830,194.336,184.905,4.444,0.000,250.0,250.0,292.957,209.316,12.757,317.636,203.394,126.116,77.278,124.594,420.251,143.404,276.847,390.879,0.000,0.000,0.875,30.0,
16.11.2025,17:59:24.008,112.830,187.940,178.453,4.480,0.000,250.0,250.0,287.183,102.459,13.091,357.095,227.964,141.349,86.615,139.648,20.165,1.533,18.632,18.499,0.000,0.500,1.750,30.0,
16.11.2025,17:59:25.020,115.549,191.401,181.934,4.461,0.001,250.0,250.0,294.994,83.377,13.306,283.263,182.361,113.075,69.286,111.710,21.599,1.663,19.936,17.569,0.000,2.375,1.375,30.0,
16.11.2025,17:59:26.017,118.267,175.082,165.490,4.515,0.000,250.0,250.0,302.673,176.125,13.540,323.570,207.566,128.710,78.856,127.152,431.010,138.988,292.022,19.840,0.000,1.000,0.000,30.0,
16.11.2025,17:59:27.007,114.189,192.683,182.936,4.656,0.000,250.0,250.0,199.373,33.882,13.452,95.877,67.811,42.042,25.769,41.540,17.847,1.327,16.520,16.638,0.000,2.125,0.000,30.0,
16.11.2025,17:59:28.027,112.830,169.471,159.630,4.650,0.001,250.0,250.0,206.209,213.767,13.309,367.406,234.484,145.398,89.086,143.649,383.532,141.359,242.173,377.271,0.000,0.000,2.375,30.0,
16.11.2025,17:59:29.049,116.908,181.589,171.949,4.544,0.000,250.0,250.0,373.290,212.745,12.843,485.028,307.278,190.546,116.732,188.247,402.833,109.155,293.678,21.109,0.000,0.500,1.125,30.0,
16.11.2025,17:59:30.038,104.673,162.225,152.730,4.433,0.000,250.0,250.0,359.314,63.213,12.351,203.041,132.463,82.144,50.319,81.151,26.615,7.426,19.189,17.428,0.000,0.000,0.500,52.0,
16.11.2025,17:59:31.046,115.549,169.173,159.732,4.436,0.000,250.0,250.0,298.114,144.468,12.851,238.091,154.461,95.772,58.689,94.622,368.249,170.122,198.127,53.697,0.000,0.750,1.125,52.0,
16.11.2025,17:59:32.038,114.189,175.631,166.214,4.424,0.000,250.0,250.0,294.686,151.653,13.501,348.293,222.733,138.116,84.617,136.452,276.026,68.729,207.297,20.761,0.000,2.125,1.250,52.0,
16.11.2025,17:59:33.040,115.549,187.157,177.647,4.465,0.000,250.0,250.0,294.568,100.555,13.810,348.737,223.264,138.445,84.819,136.780,20.849,1.583,19.266,17.993,0.000,0.375,2.750,52.0,
16.11.2025,17:59:34.052,112.830,190.228,180.791,4.430,0.000,250.0,250.0,292.438,68.042,13.070,225.070,146.461,90.819,55.642,89.718,21.095,1.558,19.537,17.451,0.000,2.250,0.000,52.0,
16.11.2025,17:59:35.039,114.189,180.899,171.506,4.441,0.000,250.0,250.0,291.054,122.799,12.494,180.019,118.629,73.554,45.075,72.668,198.587,88.504,110.083,328.372,0.000,1.625,0.000,52.0,
16.11.2025,17:59:36.045,115.549,182.372,172.729,4.530,0.000,250.0,250.0,297.939,129.612,12.476,319.838,204.611,126.881,77.730,125.347,206.312,50.700,155.612,16.614,0.000,1.375,1.250,52.0,
16.11.2025,17:59:37.038,107.392,173.346,163.516,4.666,0.000,250.0,250.0,216.500,141.744,12.609,234.321,152.007,94.252,57.755,93.114,376.118,152.718,223.400,21.149,0.000,2.375,2.875,52.0,
16.11.2025,17:59:38.048,114.189,179.961,170.133,4.652,0.000,250.0,250.0,215.744,156.031,12.946,323.698,207.168,128.459,78.709,126.903,335.222,94.841,240.381,11.980,0.000,1.125,0.000,52.0,
16.11.2025,17:59:39.042,118.267,184.915,175.242,4.607,0.000,250.0,250.0,335.518,130.350,13.803,414.131,263.641,163.484,100.157,161.508,83.701,17.572,66.129,19.378,0.000,1.000,0.000,52.0,
16.11.2025,17:59:40.038,115.549,184.576,175.170,4.483,0.001,250.0,250.0,387.201,67.542,14.451,219.812,144.065,89.329,54.736,88.252,22.608,3.047,19.562,19.560,0.000,0.000,0.000,52.0,
16.11.2025,17:59:41.066,125.064,190.898,181.391,4.481,0.000,250.0,250.0,295.340,148.477,15.275,199.828,132.514,82.169,50.345,81.175,375.424,172.092,203.332,172.613,0.000,1.125,0.500,52.0,
16.11.2025,17:59:42.071,111.470,195.984,186.479,4.457,0.000,250.0,250.0,296.425,154.727,14.485,350.587,224.832,139.408,85.424,137.730,288.449,75.354,213.094,17.911,0.000,0.875,2.375,52.0,
16.11.2025,17:59:43.080,111.470,178.899,169.445,4.455,0.000,250.0,250.0,288.042,101.117,13.500,352.957,225.630,139.904,85.726,138.215,18.896,1.442,17.454,17.451,0.000,0.375,2.250,52.0,
16.11.2025,17:59:44.075,119.627,187.163,177.668,4.489,0.001,250.0,250.0,300.297,78.584,12.389,266.107,171.296,106.221,65.075,104.940,20.439,1.504,18.935,18.935,0.000,1.000,2.750,52.0,
16.11.2025,17:59:45.088,120.986,179.843,170.368,4.484,0.000,250.0,250.0,296.495,141.065,12.429,189.469,124.389,77.136,47.253,76.202,354.661,159.502,195.159,174.449,0.000,2.000,1.250,52.0,
16.11.2025,17:59:46.093,114.189,188.242,178.676,4.522,0.001,250.0,250.0,251.229,85.655,12.721,135.173,91.303,56.614,34.689,55.932,143.316,60.696,82.620,183.483,0.000,0.875,1.750,52.0,
16.11.2025,17:59:47.085,114.189,173.677,163.863,4.652,0.000,250.0,250.0,210.519,91.627,13.418,317.638,203.863,126.416,77.447,124.894,17.978,1.340,16.638,16.638,0.000,2.125,2.125,52.0,
16.11.2025,17:59:48.085,119.627,181.357,171.492,4.653,0.000,250.0,250.0,214.706,87.794,13.518,308.340,198.035,122.800,75.235,121.314,13.297,1.193,12.104,12.104,0.000,0.000,2.375,52.0,
16.11.2025,17:59:49.094,116.908,182.719,173.127,4.546,0.000,250.0,250.0,336.225,211.761,13.855,469.600,298.254,184.941,113.313,182.712,416.800,112.868,303.931,21.342,0.000,0.375,0.000,52.0,
16.11.2025,17:59:50.100,116.908,179.408,169.773,4.558,0.000,250.0,250.0,423.286,70.156,13.643,230.060,149.920,92.964,56.956,91.838,24.270,4.945,19.325,17.640,0.000,2.500,1.250,30.0,
16.11.2025,17:59:51.093,115.549,180.635,171.213,4.479,0.000,250.0,250.0,295.557,174.098,13.091,242.643,157.452,97.631,59.821,96.457,379.905,160.350,219.555,314.072,0.000,0.000,2.750,30.0,
16.11.2025,17:59:52.099,114.189,176.591,167.144,4.453,0.000,250.0,250.0,294.325,141.001,12.570,350.779,223.734,138.736,84.998,137.058,221.549,55.313,166.236,19.042,0.000,1.125,0.000,30.0,
16.11.2025,17:59:53.088,115.549,184.268,174.792,4.467,0.000,250.0,250.0,289.985,96.321,12.587,333.257,212.933,132.034,80.899,130.441,21.605,1.596,20.009,17.852,0.000,2.625,0.875,30.0,
16.11.2025,17:59:54.096,111.470,170.858,161.354,4.468,0.001,250.0,250.0,306.828,81.688,13.055,161.860,107.730,66.797,40.933,65.996,56.057,18.419,37.638,248.391,0.000,1.625,2.500,30.0,
16.11.2025,17:59:55.098,115.549,184.025,174.606,4.433,0.000,250.0,250.0,295.519,165.882,13.724,274.989,177.757,110.222,67.535,108.903,395.737,146.913,248.824,114.213,0.000,1.125,1.125,30.0,
16.11.2025,17:59:56.097,107.392,181.856,172.272,4.519,0.000,250.0,250.0,273.078,74.844,13.362,134.759,91.436,56.703,34.733,56.021,96.047,37.616,58.432,169.329,0.000,1.125,2.500,17.0,
16.11.2025,17:59:57.086,115.549,179.360,169.527,4.678,0.000,250.0,250.0,221.757,81.356,12.871,142.469,95.893,59.465,36.428,58.746,115.243,44.322,70.921,177.199,0.000,0.125,1.625,17.0,
16.11.2025,17:59:58.087,110.111,179.433,169.576,4.686,0.000,250.0,250.0,225.721,279.829,12.587,490.205,310.482,192.520,117.962,190.207,407.056,145.106,261.950,670.214,0.000,2.375,1.250,17.0,
16.11.2025,17:59:59.095,119.627,177.486,167.813,4.613,0.000,250.0,250.0,454.619,165.810,12.517,296.222,190.061,117.858,72.203,116.432,416.719,142.351,274.368,19.368,0.000,2.500,1.250,17.0,
16.11.2025,18:0:0.100,111.470,172.115,162.557,4.506,0.000,250.0,250.0,293.742,112.687,12.783,353.680,225.645,139.924,85.721,138.235,76.097,15.598,60.499,18.688,0.000,0.500,1.250,17.0,
16.11.2025,18:0:1.092,115.549,174.112,164.587,4.539,0.000,250.0,250.0,287.471,100.576,13.031,349.174,223.089,138.339,84.750,136.672,21.221,1.566,19.655,18.264,0.000,0.250,2.375,17.0,
16.11.2025,18:0:2.093,114.189,173.575,164.096,4.502,0.001,250.0,250.0,284.768,93.403,13.970,320.455,205.860,127.645,78.215,126.110,21.997,1.624,20.373,17.781,0.000,2.500,1.000,17.0,
16.11.2025,18:0:3.088,115.549,180.036,170.432,4.555,0.000,250.0,250.0,298.471,67.695,14.684,222.373,145.777,90.400,55.377,89.311,20.788,2.136,18.652,17.451,0.000,0.250,0.875,17.0,
16.11.2025,18:0:4.085,116.908,163.941,154.405,4.520,0.000,250.0,250.0,297.730,146.619,15.244,217.383,143.291,88.851,54.440,87.772,374.712,171.237,203.475,109.790,0.000,1.000,1.000,17.0,
16.11.2025,18:0:5.087,106.033,176.341,166.861,4.491,0.000,250.0,250.0,296.524,136.114,14.039,226.143,147.823,91.659,56.164,90.557,277.423,126.309,151.114,179.906,0.000,0.625,0.000,17.0,
16.11.2025,18:0:6.090,111.470,173.885,164.337,4.526,0.000,250.0,250.0,288.429,33.685,12.711,95.487,67.103,41.615,25.488,41.113,18.226,1.341,16.885,16.885,0.000,0.000,1.000,17.0,
16.11.2025,18:0:7.088,118.267,175.730,165.871,4.694,0.000,250.0,250.0,199.867,65.196,12.174,215.373,140.003,86.818,53.185,85.764,20.041,1.482,18.559,18.559,0.000,1.250,0.000,17.0,
16.11.2025,18:0:8.089,122.346,185.616,175.774,4.707,0.001,250.0,250.0,222.829,158.841,12.762,403.567,256.726,159.192,97.534,157.262,242.407,111.083,131.324,16.556,0.000,2.250,1.750,17.0,
16.11.2025,18:0:9.096,115.549,176.150,166.407,4.650,0.000,250.0,250.0,431.706,165.923,13.155,423.655,269.351,167.011,102.340,164.999,198.006,86.714,111.292,122.703,0.000,1.625,2.500,17.0,
16.11.2025,18:0:10.085,114.189,176.137,166.639,4.501,0.000,250.0,250.0,337.598,185.463,13.457,354.454,226.571,140.486,86.085,138.796,438.334,125.244,313.090,18.111,0.000,0.000,1.875,17.0,
16.11.2025,18:0:11.096,114.189,183.634,174.077,4.503,0.000,250.0,250.0,301.227,100.684,13.604,351.116,224.595,139.274,85.321,137.596,18.915,1.406,17.509,17.509,0.000,0.375,0.000,17.0,
16.11.2025,18:0:12.092,114.189,177.563,168.135,4.470,0.000,250.0,250.0,295.614,84.211,13.675,286.641,184.746,114.555,70.191,113.165,20.211,1.500,18.711,18.711,0.000,0.375,1.125,17.0,
16.11.2025,18:0:13.090,120.986,176.071,166.514,4.533,0.000,250.0,250.0,294.579,83.250,13.301,176.414,116.833,72.450,44.383,71.576,42.977,14.468,28.509,251.586,0.000,0.000,0.000,17.0,
16.11.2025,18:0:14.088,122.346,171.910,162.367,4.537,0.000,250.0,250.0,296.045,211.337,12.905,337.165,215.578,133.677,81.901,132.059,436.144,140.137,296.007,327.797,0.000,0.375,1.625,17.0,
16.11.2025,18:0:15.095,114.189,188.489,178.964,4.510,0.000,250.0,250.0,297.671,100.175,12.402,350.228,223.344,138.491,84.853,136.812,19.009,1.405,17.605,17.605,0.000,2.125,0.500,17.0,
16.11.2025,18:0:16.086,116.908,168.493,158.970,4.513,0.000,250.0,250.0,299.808,33.809,12.497,95.672,67.087,41.608,25.479,41.105,18.671,1.374,17.297,17.297,0.000,1.375,2.375,17.0,
16.11.2025,18:0:17.091,119.627,176.503,166.718,4.663,0.000,250.0,250.0,198.564,33.876,12.976,95.836,67.494,41.847,25.647,41.344,18.326,1.357,16.969,16.969,0.000,2.125,0.500,17.0,
16.11.2025,18:0:18.091,110.111,173.812,163.741,4.780,0.000,250.0,250.0,202.501,155.204,13.789,301.564,194.002,120.302,73.700,118.852,360.097,104.354,255.743,9.639,0.000,1.500,2.375,17.0,
16.11.2025,18:0:19.089,8.156,74.317,65.811,3.781,0.000,250.0,250.0,121.754,16.683,12.867,41.005,33.420,20.723,12.697,20.466,8.861,0.755,8.106,7.934,0.000,0.000,0.000,17.0,
16.11.2025,18:0:20.087,4.078,10.237,2.837,3.000,0.000,250.0,250.0,53.478,15.308,12.207,37.776,31.005,19.228,11.777,18.995,7.682,0.698,6.984,6.734,0.000,0.000,0.000,17.0,
16.11.2025,18:0:21.092,2.719,10.268,2.868,3.004,0.000,250.0,250.0,50.128,14.603,11.858,36.183,29.791,18.480,11.311,18.260,7.018,0.689,6.329,6.114,0.000,0.000,0.000,17.0,
16.11.2025,18:0:22.094,2.719,10.075,2.666,3.050,0.000,250.0,250.0,48.150,14.163,12.009,34.569,28.890,17.912,10.978,17.704,6.757,0.685,6.072,6.055,0.000,0.000,0.000,17.0,
16.11.2025,18:0:23.088,2.719,10.752,3.310,3.025,0.000,250.0,250.0,47.374,14.584,12.299,35.953,29.928,18.560,11.368,18.339,6.696,0.684,6.012,6.004,0.000,0.000,0.000,17.0,
16.11.2025,18:0:24.086,21.750,10.924,3.177,2.983,0.000,250.0,250.0,47.127,7.580,6.876,14.702,13.386,8.306,5.080,8.208,6.650,0.680,5.970,5.945,0.002,0.000,0.000,17.0,
16.11.2025,18:0:25.100,8.156,12.825,3.271,3.036,0.000,250.0,250.0,32.718,7.664,7.772,14.192,13.635,8.456,5.179,8.346,6.583,0.673,5.910,5.894,0.000,0.000,0.000,17.0,
16.11.2025,18:0:26.101,21.750,13.484,4.115,3.001,0.000,250.0,250.0,24.445,7.598,8.440,13.328,13.500,8.375,5.125,8.277,6.544,0.667,5.877,5.851,0.000,0.000,0.000,17.0,
16.11.2025,18:0:27.090,14.953,15.642,6.390,3.028,0.000,250.0,250.0,22.757,7.471,8.197,13.144,13.247,8.206,5.041,8.107,6.478,0.660,5.818,5.809,0.000,0.000,0.000,17.0,
16.11.2025,18:0:28.089,20.391,22.614,12.915,3.469,0.000,250.0,250.0,23.295,7.354,7.112,13.797,12.968,8.048,4.920,7.950,6.469,0.660,5.809,5.809,0.000,0.000,0.000,17.0,
16.11.2025,18:0:29.089,32.625,27.939,18.268,3.479,0.000,250.0,250.0,21.627,9.179,6.013,21.835,17.272,10.705,6.567,10.582,6.533,0.783,5.750,5.750,0.000,0.000,0.000,17.0,
16.11.2025,18:0:30.092,27.188,30.071,20.274,3.579,0.000,250.0,250.0,24.776,6.945,5.767,13.700,12.080,7.489,4.591,7.403,6.356,0.650,5.706,5.706,0.000,0.000,0.000,17.0,
16.11.2025,18:0:31.099,4.078,13.814,4.542,3.080,0.000,250.0,250.0,19.960,6.694,6.024,12.521,11.510,7.129,4.381,7.043,6.327,0.646,5.681,5.681,0.000,0.000,0.000,17.0,
16.11.2025,18:0:32.098,24.469,14.192,4.862,3.139,0.000,250.0,250.0,21.275,6.708,6.463,12.176,11.570,7.165,4.405,7.079,6.289,0.641,5.648,5.648,0.005,0.000,0.000,17.0,
16.11.2025,18:0:33.099,38.063,16.993,7.623,3.199,0.000,250.0,250.0,20.619,7.497,6.940,14.730,13.444,8.329,5.115,8.231,6.286,0.671,5.615,5.614,0.000,0.000,0.000,17.0,
16.11.2025,18:0:34.089,20.391,31.413,21.607,3.520,0.000,250.0,250.0,20.700,6.880,7.064,12.324,12.027,7.461,4.566,7.375,6.207,0.636,5.571,5.571,0.000,0.000,0.000,17.0,
16.11.2025,18:0:35.088,33.985,35.537,25.533,3.742,0.000,250.0,250.0,20.558,6.990,7.101,12.731,12.313,7.636,4.677,7.538,6.177,0.631,5.546,5.546,0.000,0.000,0.000,17.0,
16.11.2025,18:0:36.086,12.235,36.893,26.846,3.722,0.000,250.0,250.0,22.360,6.855,6.748,12.600,12.005,7.439,4.566,7.353,6.157,0.629,5.528,5.528,0.000,0.000,0.000,17.0,
16.11.2025,18:0:37.094,16.313,19.418,9.748,3.352,0.000,250.0,250.0,22.836,6.976,6.136,13.706,12.318,7.639,4.679,7.541,6.121,0.627,5.494,5.494,0.000,0.000,0.000,17.0,
16.11.2025,18:0:38.096,13.594,16.448,7.131,3.128,0.000,250.0,250.0,20.733,6.461,5.660,12.245,11.119,6.892,4.227,6.806,6.094,0.624,5.470,5.470,0.001,0.000,0.000,17.0,
Date,Time,"VR VCC 전류 (SVID IOUT) [A]","CPU 패키지 전력 소비 [W]","IA 코어 전력 소비 [W]","시스템 에이전트 전력 소비 [W]","나머지 칩 전력 소비 [W]","PL1 전력 제한 (Static) [W]","PL2 전력 제한 (Static) [W]","GPU 전력 소비 [W]","GPU 라인 전력 소비 (avg) [W]","GPU PCIe +12V 입력 전력 소비 [W]","GPU 12VHPWR 전력 소비 [W]","GPU Unknown Rail (D6) 전력 소비 (sum) [W]","GPU Core (NVVDD) 입력 전력 소비 (sum) [W]","GPU Unknown Rail (D4) 전력 소비 (sum) [W]","GPU Misc0 입력 전력 소비 (sum) [W]","GPU Unknown Rail (D) 전력 소비 (sum) [W]","GPU Unknown Rail (10) 전력 소비 [W]","GPU Core (NVVDD) 출력 전력 소비 [W]","GPU Core (NVVDD) 출력 전력 소비 [W]","PCH 전력 소비 [W]","총 전력 소비 [W]","총 전력 소비 [W]","T3 [°C]",
,,CPU [#0]: Intel Core Ultra 7 265KF: Enhanced,CPU [#0]: Intel Core Ultra 7 265KF: Enhanced,CPU [#0]: Intel Core Ultra 7 265KF: Enhanced,CPU [#0]: Intel Core Ultra 7 265KF: Enhanced,CPU [#0]: Intel Core Ultra 7 265KF: Enhanced,CPU [#0]: Intel Core Ultra 7 265KF: Enhanced,CPU [#0]: Intel Core Ultra 7 265KF: Enhanced,GPU [#1]: NVIDIA GeForce RTX 5090: GIGABYTE GeForce RTX 5090 GAMING OC 32G (GV-N5090GAMING OC-32GD),GPU [#1]: NVIDIA GeForce RTX 5090: GIGABYTE GeForce RTX 5090 GAMING OC 32G (GV-N5090GAMING OC-32GD),GPU [#1]: NVIDIA GeForce RTX 5090: GIGABYTE GeForce RTX 5090 GAMING OC 32G (GV-N5090GAMING OC-32GD),GPU [#1]: NVIDIA GeForce RTX 5090: GIGABYTE GeForce RTX 5090 GAMING OC 32G (GV-N5090GAMING OC-32GD),GPU [#1]: NVIDIA GeForce RTX 5090: GIGABYTE GeForce RTX 5090 GAMING OC 32G (GV-N5090GAMING OC-32GD),GPU [#1]: NVIDIA GeForce RTX 5090: GIGABYTE GeForce RTX 5090 GAMING OC 32G (GV-N5090GAMING OC-32GD),GPU [#1]: NVIDIA GeForce RTX 5090: GIGABYTE GeForce RTX 5090 GAMING OC 32G (GV-N5090GAMING OC-32GD),GPU [#1]: NVIDIA GeForce RTX 5090: GIGABYTE GeForce RTX 5090 GAMING OC 32G (GV-N5090GAMING OC-32GD),GPU [#1]: NVIDIA GeForce RTX 5090: GIGABYTE GeForce RTX 5090 GAMING OC 32G (GV-N5090GAMING OC-32GD),GPU [#1]: NVIDIA GeForce RTX 5090: GIGABYTE GeForce RTX 5090 GAMING OC 32G (GV-N5090GAMING OC-32GD),GPU [#1]: NVIDIA GeForce RTX 5090: GIGABYTE GeForce RTX 5090 GAMING OC 32G (GV-N5090GAMING OC-32GD),GPU [#1]: NVIDIA GeForce RTX 5090: GIGABYTE GeForce RTX 5090 GAMING OC 32G (GV-N5090GAMING OC-32GD),CPU [#0]: Intel Core Ultra 7 265KF: Enhanced,DDR5 DIMM [#1]: Micron CP32G64C40U5B.M8B1 (BANK 1/DIMMB2),DDR5 DIMM [#3]: Micron CP32G64C40U5B.M8B1 (BANK 0/DIMMA2),NUC126,
