Date,Time,"VR VCC 전류 (SVID IOUT) [A]","CPU 패키지 전력 소비 [W]","IA 코어 전력 소비 [W]","시스템 에이전트 전력 소비 [W]","PL1 전력 제한 (Static) [W]","PL2 전력 제한 (Static) [W]","GPU 전력 소비 [W]","GPU 라인 전력 소비 (avg) [W]","GPU PCIe +12V 입력 전력 소비 [W]","GPU 12VHPWR 전력 소비 [W]","GPU Unknown Rail (D6) 전력 소비 (sum) [W]","GPU Core (NVVDD) 입력 전력 소비 (sum) [W]","GPU Unknown Rail (D4) 전력 소비 (sum) [W]","GPU Misc0 입력 전력 소비 (sum) [W]","GPU Unknown Rail (D) 전력 소비 (sum) [W]","GPU Unknown Rail (10) 전력 소비 [W]","GPU Core (NVVDD) 출력 전력 소비 [W]","GPU Core (NVVDD) 출력 전력 소비 [W]","나머지 칩 전력 소비 [W]","PCH 전력 소비 [W]","총 전력 소비 [W]","총 전력 소비 [W]","T3 [°C]",
17.11.2025,9:28:23.556,17.672,34.093,24.948,3.596,250.0,250.0,29.029,5.519,6.031,9.374,9.562,5.935,3.627,5.861,5.112,0.526,4.586,4.578,0.000,0.002,0.000,0.500,19.0,
17.11.2025,9:28:24.568,31.266,29.794,19.565,3.592,250.0,250.0,17.502,5.806,5.150,11.396,10.258,6.362,3.896,6.289,5.084,0.523,4.561,4.543,0.000,0.000,0.000,0.000,19.0,
17.11.2025,9:28:25.564,25.829,34.042,24.027,3.588,250.0,250.0,21.621,9.307,6.332,23.582,18.551,11.500,7.051,11.365,5.071,0.519,4.552,4.543,0.000,0.000,0.000,0.000,19.0,
17.11.2025,9:28:26.556,1.359,37.256,27.234,3.736,250.0,250.0,20.867,5.402,5.843,9.193,9.329,5.788,3.541,5.714,5.047,0.521,4.526,4.518,0.000,0.000,0.000,0.000,19.0,
17.11.2025,9:28:27.559,17.672,24.853,15.200,3.396,250.0,250.0,17.782,7.692,6.771,17.020,14.756,9.149,5.607,9.039,5.036,0.518,4.518,4.510,0.000,0.000,0.000,0.000,19.0,
17.11.2025,9:28:28.558,16.313,32.016,22.546,3.224,250.0,250.0,23.745,5.719,6.684,9.608,10.100,6.270,3.830,6.196,5.008,0.516,4.492,4.484,0.000,0.000,0.000,0.000,19.0,
17.11.2025,9:28:29.558,23.110,33.098,23.449,3.432,250.0,250.0,22.582,23.863,12.781,69.427,50.985,31.612,19.373,31.233,7.955,0.701,7.254,7.312,0.000,0.000,0.000,0.000,19.0,
17.11.2025,9:28:30.555,19.032,37.751,28.387,3.748,250.0,250.0,79.771,21.707,12.382,61.473,45.800,28.404,17.396,28.062,8.127,0.713,7.414,7.303,0.001,0.000,0.000,0.000,19.0,
17.11.2025,9:28:31.562,16.313,32.355,24.233,3.562,250.0,250.0,77.828,20.850,12.038,58.681,43.859,27.195,16.664,26.878,7.964,0.701,7.263,7.253,0.000,0.000,0.000,0.000,19.0,
17.11.2025,9:28:32.562,13.594,26.693,18.966,3.259,250.0,250.0,71.550,20.705,11.522,58.678,43.547,26.998,16.549,26.668,7.932,0.699,7.233,7.223,0.000,0.000,0.000,0.000,19.0,
17.11.2025,9:28:33.564,17.672,26.078,18.482,3.213,250.0,250.0,72.760,21.231,11.909,60.269,44.766,27.759,17.007,27.417,7.975,0.701,7.274,7.233,0.000,0.000,0.000,0.500,19.0,
17.11.2025,9:28:34.562,14.953,26.717,19.085,3.220,250.0,250.0,72.090,21.245,12.270,60.009,44.830,27.797,17.033,27.467,7.908,0.695,7.213,7.223,0.000,0.000,0.000,0.000,19.0,
17.11.2025,9:28:35.556,19.032,32.079,24.376,3.266,250.0,250.0,71.710,21.125,12.713,59.119,44.564,27.632,16.932,27.290,7.899,0.696,7.203,7.203,0.000,0.000,0.000,0.000,19.0,
17.11.2025,9:28:36.554,17.672,24.440,16.761,3.256,250.0,250.0,40.034,5.611,6.298,9.633,9.891,6.130,3.761,6.057,4.951,0.509,4.442,4.442,0.000,0.000,0.000,0.000,19.0,
17.11.2025,9:28:37.561,21.750,28.498,19.447,3.124,250.0,250.0,17.539,5.397,5.573,9.584,9.406,5.839,3.567,5.765,4.915,0.507,4.408,4.408,0.000,0.002,0.000,0.000,19.0,
17.11.2025,9:28:38.562,21.750,30.939,21.142,3.251,250.0,250.0,14.897,4.989,5.055,8.567,8.452,5.240,3.212,5.179,4.896,0.506,4.390,4.390,0.000,0.000,0.000,0.500,19.0,
17.11.2025,9:28:39.562,53.016,29.705,19.919,3.588,250.0,250.0,16.303,5.453,5.422,9.984,9.559,5.921,3.638,5.847,4.887,0.505,4.382,4.382,0.000,0.000,1.000,0.000,19.0,
17.11.2025,9:28:40.561,111.470,53.881,43.624,3.866,250.0,250.0,20.049,5.405,5.756,9.496,9.461,5.872,3.589,5.799,4.860,0.503,4.357,4.357,0.000,0.000,0.000,0.000,19.0,
17.11.2025,9:28:41.561,29.907,89.613,79.106,4.011,250.0,250.0,15.164,5.419,6.327,8.997,9.513,5.898,3.615,5.825,4.839,0.500,4.339,4.339,0.000,0.000,0.000,0.000,19.0,
17.11.2025,9:28:42.555,19.032,44.581,34.458,3.809,250.0,250.0,16.929,5.781,7.077,9.646,10.370,6.430,3.940,6.357,4.829,0.498,4.331,4.331,0.000,0.000,0.000,0.000,19.0,
17.11.2025,9:28:43.557,23.110,48.190,37.935,3.894,250.0,250.0,32.128,63.094,13.202,102.107,71.352,44.245,27.107,43.709,5.101,0.523,4.578,319.017,0.000,0.000,0.000,0.000,19.0,
17.11.2025,9:28:44.557,24.469,27.625,17.779,3.615,250.0,250.0,190.868,69.485,13.889,233.089,152.529,94.572,57.957,93.432,18.704,1.617,17.088,11.971,0.000,0.000,0.000,0.000,19.0,
17.11.2025,9:28:45.556,21.750,29.005,21.166,3.407,250.0,250.0,147.217,28.234,12.660,81.448,58.376,36.192,22.184,35.752,12.213,0.912,11.301,11.301,0.000,0.000,0.000,0.000,19.0,
17.11.2025,9:28:46.560,19.032,29.910,22.123,3.314,250.0,250.0,110.893,16.206,11.948,42.265,33.632,20.861,12.771,20.605,6.837,0.528,6.309,6.309,0.000,0.000,0.000,0.000,19.0,
17.11.2025,9:28:47.563,25.829,27.849,20.079,3.322,250.0,250.0,55.808,87.891,11.469,159.763,105.757,65.572,40.185,64.782,145.909,18.694,127.215,139.562,0.000,0.000,0.000,0.000,19.0,
17.11.2025,9:28:48.561,17.672,28.965,21.246,3.318,250.0,250.0,109.535,16.927,11.970,44.611,35.087,21.758,13.329,21.501,7.188,0.550,6.638,6.638,0.000,0.001,0.000,0.000,19.0,
17.11.2025,9:28:49.563,17.672,29.440,21.713,3.307,250.0,250.0,136.707,187.988,12.281,298.929,192.539,119.392,73.147,117.947,300.316,135.744,164.572,465.011,0.000,0.000,0.000,0.000,19.0,
17.11.2025,9:28:50.561,19.032,28.405,20.732,3.274,250.0,250.0,194.220,37.121,12.575,111.228,76.790,47.612,29.178,47.037,15.645,1.473,14.172,15.501,0.000,0.000,0.000,0.000,19.0,
17.11.2025,9:28:51.562,25.829,28.033,20.296,3.293,250.0,250.0,256.161,28.544,12.634,82.242,58.845,36.493,22.352,36.053,12.588,0.946,11.642,11.642,0.000,0.000,0.000,0.000,19.0,
17.11.2025,9:28:52.555,17.672,25.563,18.012,3.135,250.0,250.0,94.783,28.349,12.825,81.680,58.606,36.346,22.260,35.907,12.275,0.915,11.360,11.312,0.000,0.000,0.000,0.000,19.0,
17.11.2025,9:28:53.558,13.594,25.027,16.870,3.681,250.0,250.0,76.244,12.624,12.328,30.414,26.512,16.442,10.070,16.247,4.911,0.503,4.408,4.408,0.000,0.000,0.000,0.000,19.0,
17.11.2025,9:28:54.556,19.032,25.631,17.438,3.705,250.0,250.0,38.401,5.039,5.853,8.004,8.600,5.338,3.262,5.277,4.859,0.502,4.357,4.339,0.000,0.000,0.000,0.000,19.0,
17.11.2025,9:28:55.562,43.501,30.504,22.257,3.231,250.0,250.0,25.212,5.747,5.434,11.019,10.200,6.328,3.872,6.254,5.018,0.585,4.433,4.331,0.000,0.002,0.000,0.000,19.0,
17.11.2025,9:28:56.562,17.672,31.575,21.760,3.250,250.0,250.0,15.581,5.290,5.830,9.058,9.245,5.728,3.517,5.655,4.784,0.495,4.289,4.298,0.000,0.001,0.000,0.000,19.0,
17.11.2025,9:28:57.563,27.188,28.984,18.895,3.615,250.0,250.0,35.942,5.730,6.710,9.229,9.884,6.138,3.746,6.065,5.258,0.502,4.756,5.014,0.000,0.000,0.000,0.000,19.0,
17.11.2025,9:28:58.559,17.672,34.671,24.548,3.759,250.0,250.0,17.799,5.316,6.616,8.164,9.180,5.689,3.491,5.616,4.993,0.494,4.499,4.419,0.000,0.000,0.000,0.000,19.0,
17.11.2025,9:28:59.560,24.469,34.014,23.963,3.448,250.0,250.0,16.191,4.993,6.074,7.722,8.560,5.312,3.248,5.251,4.755,0.492,4.263,4.255,0.000,0.000,0.000,0.000,19.0,
17.11.2025,9:29:0.561,24.469,33.173,23.718,3.288,250.0,250.0,15.421,4.978,5.371,8.372,8.530,5.292,3.238,5.231,4.748,0.493,4.255,4.246,0.000,0.000,0.000,0.000,19.0,
17.11.2025,9:29:1.561,20.391,29.531,20.043,3.263,250.0,250.0,15.676,5.014,5.154,8.751,8.625,5.351,3.274,5.290,4.727,0.489,4.238,4.238,0.000,0.000,0.000,0.000,19.0,
17.11.2025,9:29:2.561,21.750,31.885,22.458,3.270,250.0,250.0,15.625,5.302,5.562,9.461,9.321,5.778,3.543,5.717,4.707,0.486,4.221,4.221,0.000,0.000,0.000,0.000,19.0,
17.11.2025,9:29:3.566,20.391,29.182,19.747,3.264,250.0,250.0,16.207,5.321,5.852,9.253,9.379,5.813,3.566,5.739,4.699,0.487,4.212,4.212,0.000,0.000,0.000,0.000,19.0,
17.11.2025,9:29:4.565,25.829,30.931,21.443,3.246,250.0,250.0,15.684,5.348,6.527,8.713,9.453,5.867,3.586,5.793,4.671,0.485,4.186,4.195,0.000,0.001,0.000,0.000,19.0,
17.11.2025,9:29:5.561,20.391,29.833,20.418,3.249,250.0,250.0,17.969,5.875,7.326,9.927,10.704,6.640,4.064,6.567,4.670,0.484,4.186,4.178,0.000,0.000,0.000,0.000,19.0,
17.11.2025,9:29:6.562,24.469,30.944,21.492,3.248,250.0,250.0,17.235,6.213,8.269,10.283,11.515,7.136,4.379,7.050,4.660,0.482,4.178,4.178,0.000,0.001,0.000,0.000,19.0,
17.11.2025,9:29:7.554,13.594,31.680,22.215,3.215,250.0,250.0,14.794,7.460,3.107,13.039,9.997,6.201,3.796,6.116,14.081,1.765,12.316,4.178,0.000,0.000,0.000,0.000,19.0,
17.11.2025,9:29:8.558,17.672,31.407,21.945,3.252,250.0,250.0,12.285,4.533,2.778,9.389,7.547,4.685,2.862,4.624,4.644,0.483,4.161,4.161,0.000,0.000,0.000,0.000,19.0,
17.11.2025,9:29:9.556,21.750,30.118,20.746,3.253,250.0,250.0,12.115,4.236,2.669,8.360,6.848,4.251,2.597,4.202,4.639,0.486,4.153,4.153,0.000,0.000,0.000,0.000,19.0,
17.11.2025,9:29:10.560,21.750,31.591,22.135,3.267,250.0,250.0,11.814,4.078,2.729,7.710,6.490,4.016,2.474,3.967,4.623,0.479,4.144,4.144,0.000,0.000,0.000,0.000,19.0,
17.11.2025,9:29:11.563,19.032,30.798,21.255,3.326,250.0,250.0,12.779,4.155,2.779,7.956,6.655,4.135,2.520,4.086,4.632,0.479,4.153,4.153,0.000,0.000,0.000,1.125,19.0,
17.11.2025,9:29:12.561,110.111,108.271,98.867,3.963,250.0,250.0,141.005,134.247,9.269,363.360,230.101,142.683,87.418,140.952,177.252,53.762,123.490,14.188,0.000,0.000,0.000,1.375,19.0,
17.11.2025,9:29:13.562,110.111,108.271,98.867,3.963,250.0,250.0,359.965,209.576,9.220,317.953,201.900,125.199,76.701,123.686,267.568,68.027,199.541,705.966,0.000,0.000,2.375,1.375,19.0,
17.11.2025,9:29:14.556,103.314,161.938,152.458,4.555,250.0,250.0,354.564,164.928,9.253,375.043,237.394,147.201,90.193,145.434,315.358,73.674,241.684,14.046,0.000,0.000,1.000,1.250,19.0,
17.11.2025,9:29:15.561,106.033,170.195,160.736,4.536,250.0,250.0,357.953,184.970,13.378,342.527,219.743,136.253,83.490,134.607,266.514,67.820,198.694,386.672,0.000,0.000,0.375,1.625,19.0,
17.11.2025,9:29:16.554,111.470,177.240,167.818,4.525,250.0,250.0,369.490,117.830,12.546,296.348,190.596,118.185,72.411,116.757,68.182,18.422,49.760,235.091,0.000,0.000,1.125,0.625,19.0,
17.11.2025,9:29:17.561,111.470,177.240,167.818,4.525,250.0,250.0,336.945,182.731,11.953,323.720,207.166,128.460,78.706,126.911,291.611,71.178,220.433,367.174,0.000,0.000,1.500,1.875,19.0,
17.11.2025,9:29:18.558,106.033,182.743,173.340,4.485,250.0,250.0,326.448,113.143,12.085,298.884,191.879,118.981,72.898,117.553,63.682,17.248,46.434,191.782,0.000,0.000,0.875,1.875,19.0,
17.11.2025,9:29:19.562,108.752,182.743,173.340,4.485,250.0,250.0,327.207,146.787,12.470,323.410,207.301,128.538,78.763,126.989,287.386,70.183,217.203,15.630,0.000,0.000,2.250,2.500,19.0,
17.11.2025,9:29:20.561,89.720,172.860,163.564,4.424,250.0,250.0,326.619,29.356,12.599,84.410,60.168,37.317,22.851,36.865,13.451,1.008,12.443,12.443,0.000,0.000,1.000,1.125,19.0,
17.11.2025,9:29:21.560,29.907,124.917,116.235,3.972,250.0,250.0,142.217,28.424,12.434,81.999,58.567,36.321,22.246,35.881,12.580,0.938,11.642,11.629,0.000,0.000,0.000,0.000,19.0,
17.11.2025,9:29:22.562,96.517,124.917,116.235,3.972,250.0,250.0,85.189,13.329,11.959,33.087,27.938,17.327,10.611,17.120,5.285,0.518,4.767,4.678,0.000,0.000,1.000,0.000,19.0,
17.11.2025,9:29:23.562,118.267,36.289,28.482,3.395,250.0,250.0,43.507,12.364,11.416,30.265,25.852,16.034,9.818,15.839,4.975,0.508,4.467,4.467,0.001,0.000,0.000,0.000,19.0,
17.11.2025,9:29:24.563,17.672,87.866,79.520,3.696,250.0,250.0,45.297,12.599,11.552,31.054,26.430,16.383,10.047,16.187,4.949,0.507,4.442,4.442,0.000,0.000,0.000,0.000,19.0,
17.11.2025,9:29:25.556,19.032,27.991,20.155,3.391,250.0,250.0,41.280,12.118,11.816,28.833,25.207,15.629,9.578,15.446,5.118,0.524,4.594,4.434,0.000,0.000,0.000,0.000,19.0,
17.11.2025,9:29:26.560,24.469,31.075,21.833,3.235,250.0,250.0,38.732,10.198,7.408,26.095,20.771,12.878,7.893,12.731,4.905,0.506,4.399,4.390,0.000,0.002,0.000,0.000,19.0,
17.11.2025,9:29:27.559,24.469,31.891,22.102,3.271,250.0,250.0,23.557,5.721,7.106,9.338,10.206,6.328,3.878,6.243,4.876,0.502,4.374,4.357,0.000,0.000,0.000,0.000,19.0,
17.11.2025,9:29:28.559,23.110,32.382,22.916,3.224,250.0,250.0,16.723,6.895,7.818,13.123,13.001,8.057,4.944,7.959,4.853,0.505,4.348,4.339,0.000,0.000,0.000,0.000,19.0,
17.11.2025,9:29:29.562,23.110,32.313,22.893,3.211,250.0,250.0,19.401,5.857,8.067,8.948,10.566,6.552,4.014,6.466,4.819,0.497,4.322,4.322,0.000,0.000,0.000,0.000,19.0,
17.11.2025,9:29:30.557,20.391,30.781,21.394,3.215,250.0,250.0,17.705,5.721,6.883,9.634,10.255,6.361,3.894,6.275,4.803,0.497,4.306,4.306,0.000,0.000,0.000,0.000,19.0,
17.11.2025,9:29:31.558,20.391,29.821,20.445,3.206,250.0,250.0,16.981,5.425,5.636,9.768,9.567,5.926,3.641,5.852,4.784,0.495,4.289,4.289,0.000,0.000,0.000,0.000,19.0,
17.11.2025,9:29:32.558,13.594,31.661,22.265,3.235,250.0,250.0,15.949,10.842,5.153,20.107,15.636,9.691,5.945,9.581,18.962,2.638,16.324,4.382,0.000,0.000,0.875,0.000,19.0,
17.11.2025,9:29:33.561,27.188,30.610,21.167,3.219,250.0,250.0,15.842,5.561,5.444,10.504,9.900,6.135,3.765,6.062,4.764,0.492,4.272,4.272,0.000,0.000,0.000,0.000,19.0,
17.11.2025,9:29:34.562,19.032,29.780,20.415,3.199,250.0,250.0,15.124,5.783,5.973,10.846,10.440,6.472,3.968,6.386,4.745,0.490,4.255,4.255,0.000,0.000,0.000,0.000,19.0,
17.11.2025,9:29:35.564,21.750,32.996,23.547,3.233,250.0,250.0,15.993,5.272,6.242,8.641,9.236,5.722,3.514,5.649,4.735,0.489,4.246,4.246,0.000,0.000,0.000,0.000,19.0,
17.11.2025,9:29:36.555,24.469,31.784,22.390,3.214,250.0,250.0,16.093,6.226,6.498,12.048,11.502,7.131,4.371,7.045,4.716,0.486,4.230,4.230,0.000,0.000,0.000,0.000,19.0,
17.11.2025,9:29:37.558,23.110,31.507,22.086,3.210,250.0,250.0,16.432,5.354,6.698,8.530,9.450,5.853,3.597,5.779,4.707,0.486,4.221,4.221,0.000,0.000,0.000,0.000,19.0,
17.11.2025,9:29:38.556,12.235,31.575,22.196,3.238,250.0,250.0,16.460,5.978,6.276,11.360,10.933,6.784,4.149,6.699,4.688,0.484,4.204,4.204,0.000,0.000,0.000,0.000,19.0,
17.11.2025,9:29:39.557,23.110,30.258,20.836,3.191,250.0,250.0,16.294,5.168,5.708,8.850,9.034,5.603,3.431,5.530,4.671,0.485,4.186,4.186,0.000,0.000,0.000,0.000,19.0,
17.11.2025,9:29:40.561,106.033,105.378,95.963,3.945,250.0,250.0,123.812,227.128,11.915,392.890,249.939,154.977,94.962,153.103,282.130,68.383,213.747,649.235,0.002,0.000,0.750,0.000,19.0,
17.11.2025,9:29:41.558,110.111,90.148,81.514,3.929,250.0,250.0,246.755,159.376,12.307,339.362,217.111,134.628,82.483,132.994,330.637,77.811,252.826,13.598,0.000,0.000,0.500,0.000,19.0,
17.11.2025,9:29:42.561,114.189,175.019,165.542,4.541,250.0,250.0,343.403,154.333,12.802,342.017,219.087,135.853,83.234,134.207,236.383,63.264,173.119,143.363,0.000,0.000,0.000,2.250,19.0,
17.11.2025,9:29:43.561,114.189,173.343,163.921,4.502,250.0,250.0,359.105,170.169,13.176,385.913,246.555,152.879,93.676,151.040,193.147,58.640,134.506,272.159,0.000,0.000,0.000,1.125,19.0,
17.11.2025,9:29:44.556,104.673,184.241,174.777,4.535,250.0,250.0,370.238,160.247,12.678,353.719,226.287,140.316,85.971,138.622,315.069,74.632,240.437,14.741,0.000,0.000,0.375,2.375,19.0,
17.11.2025,9:29:45.562,84.283,163.376,153.912,4.527,250.0,250.0,370.880,115.425,12.103,318.547,204.037,126.515,77.522,124.990,132.378,40.980,91.399,25.784,0.000,0.000,1.000,1.625,19.0,
17.11.2025,9:29:46.561,108.752,159.801,150.382,4.499,250.0,250.0,328.768,105.853,11.703,306.276,196.228,121.671,74.557,120.207,105.967,22.044,83.923,15.950,0.000,0.000,1.125,1.250,19.0,
17.11.2025,9:29:47.555,116.908,166.259,156.920,4.476,250.0,250.0,329.748,150.020,12.023,336.963,215.453,133.594,81.859,131.985,287.013,70.725,216.288,14.293,0.000,0.000,0.875,2.375,19.0,
17.11.2025,9:29:48.561,107.392,177.933,168.504,4.495,250.0,250.0,330.840,201.533,12.372,319.595,204.873,127.037,77.836,125.513,139.746,43.373,96.374,868.616,0.000,0.000,1.125,0.000,19.0,
17.11.2025,9:29:49.559,110.111,175.159,165.761,4.504,250.0,250.0,329.905,144.646,12.990,312.396,200.822,124.527,76.295,123.015,114.942,24.776,90.166,366.530,0.000,0.000,1.750,1.125,19.0,
17.11.2025,9:29:50.561,118.267,170.839,161.208,4.608,250.0,250.0,216.962,94.169,13.769,214.480,140.758,87.281,53.477,86.227,165.980,49.966,116.014,13.738,0.000,0.000,1.500,1.250,19.0,
17.11.2025,9:29:51.556,31.266,146.254,136.687,4.561,250.0,250.0,234.493,30.551,14.175,86.534,62.461,38.732,23.729,38.268,14.720,1.098,13.622,12.172,0.000,0.000,1.500,0.000,19.0,
17.11.2025,9:29:52.561,111.470,120.386,111.573,4.096,250.0,250.0,274.647,205.764,14.101,353.616,227.131,140.836,86.295,139.143,251.870,65.534,186.336,592.780,0.001,0.000,0.000,2.375,19.0,
17.11.2025,9:29:53.562,118.267,176.269,166.745,4.552,250.0,250.0,368.063,162.054,13.106,344.832,221.020,137.049,83.971,135.392,335.474,80.222,255.252,14.222,0.000,0.000,1.500,2.375,19.0,
17.11.2025,9:29:54.557,107.392,181.295,171.839,4.520,250.0,250.0,368.744,162.054,11.909,351.669,224.447,139.173,85.274,137.493,126.686,26.272,100.414,185.689,0.000,0.000,1.750,0.000,19.0,
17.11.2025,9:29:55.561,107.392,180.386,170.975,4.531,250.0,250.0,371.239,138.903,12.054,391.309,249.210,154.537,94.673,152.675,229.504,66.946,162.558,438.609,0.000,0.000,0.000,0.000,9.0,
17.11.2025,9:29:56.563,107.392,168.263,158.796,4.551,250.0,250.0,371.239,195.208,12.054,391.309,249.210,154.537,94.673,152.675,229.504,66.946,162.558,438.609,0.000,0.000,0.375,2.000,9.0,
17.11.2025,9:29:57.562,106.033,162.663,153.164,4.543,250.0,250.0,346.665,130.176,12.317,299.653,192.488,119.365,73.123,117.926,90.427,19.962,70.465,306.034,0.001,0.000,0.000,2.250,9.0,
17.11.2025,9:29:58.562,112.830,184.869,175.180,4.683,250.0,250.0,328.783,135.530,12.612,296.263,190.562,118.162,72.400,116.735,132.497,40.917,91.581,283.573,0.000,0.000,1.500,1.250,9.0,
17.11.2025,9:29:59.561,114.189,168.649,159.026,4.655,250.0,250.0,320.483,149.819,12.862,340.155,217.993,135.168,82.825,133.535,280.899,60.773,220.126,13.857,0.000,0.000,0.000,1.875,9.0,
17.11.2025,9:30:0.560,112.830,190.558,181.104,4.505,250.0,250.0,326.195,238.557,13.044,333.272,213.802,132.576,81.226,130.979,313.091,73.770,239.322,854.489,0.001,0.000,1.500,0.000,9.0,
17.11.2025,9:30:1.561,106.033,175.675,166.048,4.611,250.0,250.0,299.490,47.443,12.886,152.390,102.028,63.271,38.757,62.506,14.610,1.236,13.374,13.374,0.000,0.000,0.000,1.125,9.0,
17.11.2025,9:30:2.562,12.235,125.069,116.139,4.099,250.0,250.0,203.750,124.672,12.508,210.476,137.489,85.263,52.226,84.233,243.035,64.384,178.651,178.457,0.000,0.000,2.500,0.875,9.0,
17.11.2025,9:30:3.555,106.033,55.168,47.161,3.511,250.0,250.0,214.697,28.977,11.796,83.848,59.323,36.786,22.537,36.334,13.379,0.995,12.384,12.384,0.000,0.000,0.000,0.000,9.0,
17.11.2025,9:30:4.562,116.908,166.835,157.394,4.543,250.0,250.0,155.208,151.597,12.000,355.196,226.718,140.577,86.141,138.884,123.856,30.965,92.891,308.745,0.000,0.000,1.250,2.250,9.0,
17.11.2025,9:30:5.558,112.830,162.025,152.551,4.524,250.0,250.0,362.933,165.036,12.635,364.929,233.222,144.616,88.606,142.863,287.442,70.798,216.644,88.599,0.000,0.000,2.375,0.125,9.0,
17.11.2025,9:30:6.562,110.111,170.242,160.788,4.516,250.0,250.0,373.696,153.820,13.034,345.216,221.226,137.182,84.044,135.525,293.199,63.355,229.844,15.578,0.000,0.000,2.500,1.750,9.0,
17.11.2025,9:30:7.557,116.908,172.940,163.484,4.522,250.0,250.0,366.816,164.281,13.041,362.070,231.706,143.676,88.030,141.935,322.311,76.396,245.915,17.728,0.000,0.000,1.375,0.750,56.0,
17.11.2025,9:30:8.562,99.236,158.342,148.937,4.502,250.0,250.0,366.772,152.564,12.503,341.560,218.626,135.567,83.059,133.922,292.784,63.493,229.290,14.835,0.000,0.000,2.625,2.375,56.0,
17.11.2025,9:30:9.561,112.830,162.934,153.563,4.518,250.0,250.0,347.220,121.267,11.963,315.630,202.237,125.407,76.830,123.894,170.714,32.035,138.679,15.284,0.000,0.000,2.500,0.000,56.0,
17.11.2025,9:30:10.555,112.830,162.934,153.563,4.518,250.0,250.0,332.248,155.048,11.851,316.830,202.819,125.758,77.061,124.246,240.393,64.773,175.620,211.131,0.000,0.000,1.625,0.000,56.0,
17.11.2025,9:30:11.561,110.111,173.528,164.142,4.500,250.0,250.0,335.184,159.394,12.224,313.020,200.715,124.460,76.255,122.960,133.992,41.521,92.471,476.325,0.000,0.000,0.750,1.250,56.0,
17.11.2025,9:30:12.557,106.033,168.803,159.365,4.500,250.0,250.0,329.543,174.619,12.548,330.874,211.974,131.432,80.542,129.848,229.653,63.232,166.421,389.668,0.000,0.000,0.500,1.500,56.0,
17.11.2025,9:30:13.562,110.111,158.588,148.946,4.609,250.0,250.0,239.258,63.843,13.329,214.268,140.364,87.035,53.329,85.992,15.321,1.146,14.175,13.469,0.000,0.000,2.250,2.250,56.0,
17.11.2025,9:30:14.559,122.346,166.702,157.168,4.556,250.0,250.0,245.318,149.683,14.212,334.937,215.576,133.674,81.902,132.065,283.671,70.979,212.692,17.122,0.000,0.000,1.125,0.125,56.0,
17.11.2025,9:30:15.561,112.830,180.800,171.355,4.536,250.0,250.0,363.766,139.162,14.632,342.069,220.251,136.577,83.674,134.932,222.205,42.522,179.683,15.072,0.000,0.000,1.125,0.375,56.0,
17.11.2025,9:30:16.556,116.908,173.506,163.993,4.562,250.0,250.0,368.852,162.932,13.839,355.913,228.348,141.593,86.755,139.887,323.406,76.462,246.944,16.178,0.000,0.000,0.000,2.750,56.0,
17.11.2025,9:30:17.561,106.033,158.563,149.134,4.551,250.0,250.0,369.334,126.859,12.719,343.247,219.765,136.269,83.496,134.636,161.617,31.108,130.509,15.224,0.000,0.000,0.375,1.125,56.0,
17.11.2025,9:30:18.559,112.830,173.644,164.137,4.523,250.0,250.0,367.204,210.625,11.804,332.389,212.439,131.731,80.708,130.146,270.561,67.812,202.749,665.907,0.000,0.000,1.125,1.875,56.0,
17.11.2025,9:30:19.561,104.673,164.573,155.213,4.496,250.0,250.0,349.943,145.828,12.168,336.674,215.383,133.557,81.826,131.948,265.676,53.859,211.817,15.377,0.000,0.000,0.000,0.000,56.0,
17.11.2025,9:30:20.557,111.470,169.963,160.551,4.491,250.0,250.0,333.568,164.721,12.543,297.465,191.277,118.609,72.668,117.169,49.785,13.099,36.685,737.907,0.000,0.000,0.000,1.500,56.0,
17.11.2025,9:30:21.560,111.470,187.570,178.154,4.505,250.0,250.0,329.096,150.990,12.813,335.294,214.921,133.270,81.651,131.661,291.171,70.747,220.425,17.952,0.000,0.000,0.125,1.125,56.0,
17.11.2025,9:30:22.562,115.549,181.527,172.139,4.490,250.0,250.0,329.262,160.497,12.946,329.149,211.190,130.952,80.238,129.367,272.594,66.770,205.824,165.941,0.000,0.000,0.000,1.125,56.0,
17.11.2025,9:30:23.562,108.752,189.778,180.289,4.557,250.0,250.0,277.995,118.298,13.032,217.454,142.138,88.143,53.995,87.077,282.989,68.966,214.024,15.165,0.000,0.000,2.250,1.125,56.0,
17.11.2025,9:30:24.560,91.080,167.140,157.484,4.642,250.0,250.0,216.654,164.655,12.827,281.142,181.297,112.421,68.876,111.066,222.004,60.704,161.300,434.917,0.000,0.000,1.500,1.125,56.0,
17.11.2025,9:30:25.554,110.111,162.734,153.287,4.476,250.0,250.0,316.248,150.321,12.441,358.091,228.867,141.917,86.950,140.212,258.075,66.887,191.188,18.581,0.000,0.000,0.000,1.125,56.0,
17.11.2025,9:30:26.562,115.549,174.839,165.441,4.502,250.0,250.0,375.727,186.739,11.942,378.855,241.353,149.661,91.692,147.860,173.394,34.769,138.625,499.240,0.000,0.000,2.625,2.625,56.0,
17.11.2025,9:30:27.556,111.470,172.924,163.441,4.511,250.0,250.0,373.882,174.270,12.285,329.609,211.016,130.852,80.164,129.268,117.127,36.542,80.585,615.256,0.000,0.000,1.125,0.375,56.0,
17.11.2025,9:30:28.561,108.752,174.573,165.187,4.486,250.0,250.0,363.037,165.831,12.740,368.059,235.141,145.809,89.332,144.056,188.531,36.996,151.535,286.111,0.000,0.000,1.125,0.000,56.0,
17.11.2025,9:30:29.555,110.111,180.912,171.521,4.494,250.0,250.0,358.592,156.308,13.201,326.065,209.489,129.894,79.595,128.333,330.352,77.379,252.973,15.802,0.000,0.000,1.500,0.000,56.0,
17.11.2025,9:30:30.562,114.189,153.903,144.533,4.490,250.0,250.0,331.414,101.437,12.865,313.443,201.402,124.880,76.522,123.380,71.313,18.443,52.870,19.251,0.000,0.000,1.000,1.500,56.0,
17.11.2025,9:30:31.557,95.158,163.969,154.551,4.489,250.0,250.0,336.175,137.755,12.311,331.341,212.175,131.572,80.603,129.987,231.850,45.401,186.449,15.860,0.000,0.000,1.500,1.250,9.0,
17.11.2025,9:30:32.562,110.111,184.625,175.277,4.452,250.0,250.0,331.400,134.766,11.791,300.552,192.746,119.523,73.223,118.083,257.435,51.637,205.798,16.873,0.000,0.000,0.000,2.125,9.0,
17.11.2025,9:30:33.561,114.189,154.636,145.260,4.478,250.0,250.0,329.936,47.779,11.915,153.503,102.123,63.323,38.800,62.558,15.580,1.170,14.410,14.410,0.000,0.000,2.625,2.500,9.0,
17.11.2025,9:30:34.562,112.830,173.514,163.853,4.637,250.0,250.0,220.038,117.856,12.163,217.976,141.904,87.988,53.916,86.922,281.748,67.334,214.414,14.198,0.000,0.000,1.250,1.250,9.0,
17.11.2025,9:30:35.558,21.750,128.210,119.130,4.229,250.0,250.0,255.884,30.770,12.631,88.086,62.460,38.732,23.728,38.268,14.971,1.114,13.857,13.857,0.000,0.000,2.375,0.250,42.0,
17.11.2025,9:30:36.561,116.908,140.682,131.417,4.374,250.0,250.0,277.788,162.174,13.786,354.351,227.357,140.975,86.382,139.271,321.191,75.100,246.091,17.238,0.002,0.000,1.500,2.375,42.0,
17.11.2025,9:30:37.555,116.908,177.501,168.088,4.508,250.0,250.0,365.415,159.560,14.398,342.891,220.624,136.808,83.816,135.151,322.821,76.227,246.594,16.274,0.000,0.000,2.375,2.750,42.0,
17.11.2025,9:30:38.562,111.470,157.743,148.368,4.492,250.0,250.0,375.923,181.933,14.585,373.238,239.540,148.536,91.004,146.736,186.737,36.252,150.485,432.213,0.000,0.000,2.500,1.750,42.0,
17.11.2025,9:30:39.555,119.627,168.382,158.926,4.550,250.0,250.0,370.782,161.453,13.227,374.733,239.682,148.628,91.054,146.839,225.681,63.714,161.967,149.006,0.000,0.000,1.125,1.125,42.0,
17.11.2025,9:30:40.561,104.673,172.898,163.458,4.525,250.0,250.0,356.502,146.718,12.353,343.939,219.966,136.390,83.576,134.746,259.572,66.472,193.100,17.062,0.000,0.000,1.625,1.750,42.0,
17.11.2025,9:30:41.554,108.752,169.567,160.104,4.516,250.0,250.0,334.890,209.114,11.909,322.584,206.479,128.039,78.440,126.490,227.001,61.422,165.579,763.200,0.000,0.000,0.500,2.500,42.0,
17.11.2025,9:30:42.561,82.923,160.772,151.382,4.529,250.0,250.0,329.491,136.769,12.271,307.267,197.252,122.303,74.949,120.827,258.375,51.718,206.656,16.072,0.001,0.000,1.750,1.750,30.0,
17.11.2025,9:30:43.557,110.111,173.815,164.379,4.491,250.0,250.0,326.170,152.201,12.696,306.269,196.910,122.096,74.814,120.631,336.100,80.089,256.012,16.390,0.000,0.000,1.125,2.625,30.0,
17.11.2025,9:30:44.561,111.470,172.608,163.167,4.540,250.0,250.0,330.382,127.296,12.761,246.747,159.998,99.214,60.784,98.016,17.978,2.849,15.129,559.487,0.000,0.000,2.125,1.875,30.0,
17.11.2025,9:30:45.565,115.549,190.925,181.220,4.675,250.0,250.0,218.153,58.991,12.917,183.914,121.467,75.318,46.149,74.408,30.478,2.651,27.827,14.776,0.000,0.000,0.000,0.000,30.0,
17.11.2025,9:30:46.561,2.719,103.053,94.471,3.869,250.0,250.0,231.764,30.906,13.023,88.022,62.663,38.860,23.803,38.396,15.173,1.127,14.046,13.950,0.000,0.000,0.000,1.500,30.0,
17.11.2025,9:30:47.553,111.470,137.217,128.254,4.164,250.0,250.0,218.775,152.998,12.822,375.400,239.866,148.736,91.130,146.946,247.990,67.558,180.432,19.098,0.000,0.000,1.125,0.125,9.0,
17.11.2025,9:30:48.560,110.111,175.895,166.481,4.537,250.0,250.0,370.551,170.390,12.316,348.589,222.843,138.174,84.669,136.506,282.164,60.368,221.796,196.479,0.000,0.000,2.500,2.375,9.0,
17.11.2025,9:30:49.555,116.908,153.882,144.441,4.515,250.0,250.0,368.827,186.402,12.016,359.428,229.410,142.261,87.149,140.543,249.949,65.428,184.521,393.312,0.000,0.000,2.250,2.000,30.0,
17.11.2025,9:30:50.560,114.189,169.816,160.400,4.522,250.0,250.0,365.059,150.585,12.510,365.867,233.678,144.900,88.778,143.160,249.056,49.804,199.252,18.841,0.000,0.000,2.375,1.875,30.0,
17.11.2025,9:30:51.561,111.470,174.312,164.815,4.521,250.0,250.0,367.531,121.346,13.088,341.570,218.993,135.793,83.200,134.161,133.412,27.197,106.214,19.827,0.000,0.000,1.125,2.375,30.0,
17.11.2025,9:30:52.563,112.830,177.680,168.276,4.526,250.0,250.0,336.918,90.275,13.365,288.756,186.492,115.641,70.851,114.249,47.722,9.500,38.222,17.958,0.000,0.000,2.125,2.625,20.0,
17.11.2025,9:30:53.559,100.595,164.225,154.818,4.505,250.0,250.0,332.076,132.228,12.722,297.643,191.481,118.730,72.751,117.291,126.160,39.243,86.917,259.344,0.000,0.000,1.125,2.500,20.0,
17.11.2025,9:30:54.561,103.314,174.443,165.050,4.508,250.0,250.0,338.473,104.938,12.175,301.048,193.251,119.831,73.420,118.391,105.572,31.310,74.262,20.119,0.001,0.000,1.125,1.625,20.0,
17.11.2025,9:30:55.558,107.392,183.901,174.449,4.539,250.0,250.0,286.958,94.938,11.898,220.440,143.233,88.814,54.419,87.736,163.776,28.828,134.948,15.284,0.000,0.000,2.250,1.250,20.0,
17.11.2025,9:30:56.555,114.189,162.309,152.560,4.653,250.0,250.0,218.250,88.516,12.173,220.219,143.307,88.859,54.448,87.781,130.984,19.023,111.961,16.402,0.000,0.000,2.250,1.625,20.0,
17.11.2025,9:30:57.555,2.719,111.499,102.790,3.971,250.0,250.0,192.232,30.717,12.316,87.570,61.953,38.412,23.541,37.948,15.525,1.149,14.376,14.376,0.000,0.000,0.000,0.000,20.0,
17.11.2025,9:30:58.561,118.267,72.947,64.690,3.681,250.0,250.0,207.471,207.599,13.238,357.398,228.915,141.952,86.963,140.236,271.594,68.295,203.299,564.095,0.001,0.000,2.250,0.750,20.0,
17.11.2025,9:30:59.555,116.908,169.486,160.005,4.532,250.0,250.0,373.117,169.736,14.186,345.459,222.071,137.698,84.373,136.041,182.292,53.541,128.751,392.950,0.000,0.000,0.500,2.375,20.0,
17.11.2025,9:31:0.555,111.470,178.910,169.256,4.646,250.0,250.0,360.704,163.086,14.910,350.225,225.499,139.823,85.676,138.143,329.262,76.920,252.342,18.064,0.000,0.000,2.250,2.500,20.0,
17.11.2025,9:31:1.560,101.955,180.877,171.145,4.718,250.0,250.0,367.208,232.289,14.124,366.173,234.954,145.694,89.260,143.928,315.667,73.512,242.155,697.421,0.000,0.000,1.125,0.375,20.0,
17.11.2025,9:31:2.561,118.267,167.139,157.586,4.604,250.0,250.0,366.387,159.121,13.295,385.224,246.204,152.669,93.535,150.821,249.543,65.334,184.209,50.371,0.000,0.000,1.500,0.500,20.0,
17.11.2025,9:31:3.562,116.908,168.055,158.593,4.514,250.0,250.0,344.976,122.474,12.123,302.493,194.107,120.363,73.744,118.912,88.168,26.308,61.860,226.658,0.000,0.000,1.000,0.000,20.0,
17.11.2025,9:31:4.557,118.267,172.865,163.492,4.493,250.0,250.0,337.328,135.185,12.086,265.200,171.053,106.063,64.990,104.792,68.833,16.687,52.146,490.002,0.000,0.000,0.000,0.500,20.0,
17.11.2025,9:31:5.561,111.470,151.784,142.375,4.515,250.0,250.0,333.784,143.687,12.565,346.434,221.653,137.443,84.210,135.787,240.798,47.219,193.578,17.181,0.000,0.000,2.250,0.000,9.0,
17.11.2025,9:31:6.555,92.439,173.601,164.178,4.499,250.0,250.0,339.696,112.397,12.904,324.653,208.362,129.208,79.154,127.648,103.325,31.023,72.302,35.396,0.001,0.000,1.000,0.500,9.0,
17.11.2025,9:31:7.554,110.111,166.517,156.966,4.580,250.0,250.0,218.174,81.712,13.094,221.548,144.718,89.738,54.980,88.648,94.406,12.740,81.666,15.578,0.000,0.000,0.000,1.250,9.0,
17.11.2025,9:31:8.564,112.830,189.120,179.592,4.577,250.0,250.0,259.792,50.346,13.233,158.678,106.139,65.813,40.326,65.011,19.394,1.436,17.958,15.471,0.000,0.000,0.000,0.000,9.0,
17.11.2025,9:31:9.561,114.189,52.305,44.330,3.418,250.0,250.0,189.691,159.511,13.341,341.548,219.139,135.887,83.252,134.242,324.871,76.437,248.434,17.958,0.002,0.000,2.375,1.500,9.0,
17.11.2025,9:31:10.561,119.627,170.412,160.782,4.628,250.0,250.0,368.893,140.099,12.746,351.751,225.086,139.573,85.513,137.880,210.704,59.052,151.652,27.032,0.000,0.000,1.000,0.125,9.0,
17.11.2025,9:31:11.557,112.830,173.181,163.756,4.539,250.0,250.0,370.926,162.896,12.279,334.268,213.909,132.640,81.269,131.044,258.439,66.334,192.105,206.671,0.000,0.000,0.000,1.625,19.0,
17.11.2025,9:31:12.561,104.673,182.274,172.808,4.548,250.0,250.0,373.265,164.507,12.279,362.236,231.303,143.434,87.869,141.705,323.792,75.784,248.008,18.665,0.000,0.000,2.250,0.000,19.0,
17.11.2025,9:31:13.562,112.830,180.339,170.863,4.504,250.0,250.0,367.682,163.975,12.769,337.897,216.472,134.237,82.235,132.617,260.087,66.764,193.323,203.350,0.000,0.000,0.500,2.250,9.0,
17.11.2025,9:31:14.557,106.033,174.496,165.119,4.496,250.0,250.0,338.910,130.132,13.287,334.231,214.564,133.045,81.519,131.449,130.688,37.280,93.408,131.851,0.000,0.000,0.125,0.000,9.0,
17.11.2025,9:31:15.561,114.189,167.759,158.330,4.481,250.0,250.0,337.227,190.543,13.274,343.807,220.497,136.726,83.771,135.070,305.104,71.994,233.110,362.072,0.000,0.000,0.750,1.375,19.0,
17.11.2025,9:31:16.561,115.549,169.731,160.373,4.513,250.0,250.0,334.611,158.479,12.626,342.620,219.336,136.001,83.335,134.357,319.303,73.959,245.344,17.911,0.000,0.000,2.250,0.500,19.0,
17.11.2025,9:31:17.558,114.189,160.391,150.992,4.504,250.0,250.0,334.178,149.132,12.081,341.701,218.462,135.459,83.003,133.827,274.835,57.854,216.981,17.121,0.000,0.000,1.250,1.125,19.0,
17.11.2025,9:31:18.557,103.314,174.472,164.905,4.590,250.0,250.0,255.737,102.497,12.051,193.921,127.035,78.775,48.260,77.818,20.652,3.047,17.605,445.808,0.000,0.000,0.500,2.250,19.0,
17.11.2025,9:31:19.558,81.564,168.090,158.466,4.612,250.0,250.0,233.452,199.849,12.442,330.067,211.337,131.042,80.295,129.458,157.295,47.144,110.152,789.261,0.000,0.000,0.000,0.000,19.0,
17.11.2025,9:31:20.562,106.033,51.994,44.023,3.439,250.0,250.0,164.756,160.828,12.767,346.525,221.861,137.570,84.291,135.914,325.835,76.135,249.700,17.687,0.000,0.000,1.000,1.750,19.0,
17.11.2025,9:31:21.561,53.016,176.211,166.737,4.530,250.0,250.0,364.232,207.134,13.625,349.614,224.288,139.075,85.213,137.397,280.897,60.282,220.615,560.334,0.000,0.000,2.625,2.250,9.0,
17.11.2025,9:31:22.559,110.111,166.315,156.873,4.539,250.0,250.0,370.525,163.415,14.466,360.233,231.449,143.516,87.933,141.787,317.766,74.123,243.643,19.231,0.000,0.000,2.250,2.625,77.0,
17.11.2025,9:31:23.554,114.189,169.567,160.051,4.538,250.0,250.0,380.489,122.978,14.824,330.585,213.242,132.234,81.008,130.639,152.930,46.701,106.229,21.384,0.000,0.000,0.000,2.375,77.0,
17.11.2025,9:31:24.561,110.111,166.797,157.324,4.544,250.0,250.0,376.728,142.664,13.789,374.244,239.722,148.651,91.071,146.850,182.142,54.399,127.743,48.024,0.000,0.000,0.500,0.750,77.0,
17.11.2025,9:31:25.562,118.267,176.103,166.741,4.482,250.0,250.0,350.960,157.716,12.627,339.233,217.279,134.728,82.551,133.095,320.037,75.201,244.836,17.569,0.000,0.000,0.875,2.500,77.0,
17.11.2025,9:31:26.562,114.189,177.665,168.243,4.510,250.0,250.0,337.071,131.028,11.982,329.923,211.008,130.836,80.172,129.253,187.714,54.174,133.539,41.676,0.000,0.000,0.375,0.625,77.0,
17.11.2025,9:31:27.560,116.908,176.963,167.477,4.513,250.0,250.0,337.489,151.076,12.336,342.637,219.182,135.915,83.267,134.271,282.869,60.617,222.252,17.416,0.000,0.000,2.250,1.125,77.0,
17.11.2025,9:31:28.561,114.189,177.878,168.464,4.501,250.0,250.0,335.185,153.975,12.674,321.184,206.116,127.807,78.309,126.272,114.206,23.722,90.484,438.974,0.000,0.000,0.000,2.000,77.0,
17.11.2025,9:31:29.561,116.908,173.489,163.894,4.575,250.0,250.0,268.919,52.776,12.904,158.661,105.931,65.685,40.246,64.896,31.652,2.861,28.791,16.132,0.000,0.000,2.375,2.000,77.0,
17.11.2025,9:31:30.559,107.392,183.097,173.429,4.596,250.0,250.0,228.218,137.197,13.258,333.698,214.103,132.760,81.343,131.153,96.317,20.062,76.255,273.026,0.000,0.000,0.000,1.625,77.0,
17.11.2025,9:31:31.562,100.595,54.885,49.157,3.462,250.0,250.0,170.074,152.588,13.408,347.981,223.144,138.359,84.785,136.691,281.667,70.350,211.317,18.181,0.000,0.000,0.875,0.000,77.0,
17.11.2025,9:31:32.558,111.470,166.361,154.621,4.516,250.0,250.0,367.895,167.639,13.097,362.304,231.852,143.770,88.082,142.029,338.513,79.973,258.540,18.228,0.000,0.000,2.375,0.000,77.0,
17.11.2025,9:31:33.562,108.752,167.125,157.666,4.539,250.0,250.0,379.885,162.719,12.720,389.042,248.194,153.898,94.296,152.050,174.295,33.844,140.451,228.406,0.000,0.000,2.500,2.125,77.0,
17.11.2025,9:31:34.561,112.830,166.628,157.169,4.535,250.0,250.0,373.994,182.368,12.203,379.301,241.810,149.949,91.861,148.136,244.966,48.301,196.665,310.493,0.000,0.000,1.125,0.000,77.0,
17.11.2025,9:31:35.561,116.908,189.581,180.068,4.530,250.0,250.0,374.250,161.785,12.558,336.573,215.521,133.644,81.877,132.036,156.365,47.132,109.233,392.907,0.000,0.000,1.125,2.500,77.0,
17.11.2025,9:31:36.561,112.830,168.181,158.619,4.519,250.0,250.0,349.657,118.151,13.027,295.763,190.634,118.206,72.428,116.778,178.533,33.596,144.937,17.605,0.000,0.000,1.000,0.500,77.0,
17.11.2025,9:31:37.559,101.955,170.692,161.135,4.517,250.0,250.0,340.109,148.175,13.584,347.572,223.027,138.297,84.730,136.617,259.378,67.158,192.220,19.171,0.000,0.000,2.250,1.625,77.0,
17.11.2025,9:31:38.561,106.033,174.512,164.931,4.510,250.0,250.0,335.508,154.849,13.038,325.436,208.971,129.584,79.387,128.024,322.997,74.882,248.115,18.052,0.000,0.000,2.500,1.250,77.0,
17.11.2025,9:31:39.556,120.986,156.771,147.246,4.512,250.0,250.0,334.040,152.649,12.539,332.421,212.933,132.029,80.904,130.434,175.036,43.564,131.472,275.153,0.000,0.000,2.125,2.500,77.0,
17.11.2025,9:31:40.561,103.314,171.144,161.390,4.592,250.0,250.0,274.644,133.201,12.037,285.043,183.217,113.611,69.606,112.244,269.527,63.334,206.192,17.204,0.001,0.000,0.000,1.875,77.0,
17.11.2025,9:31:41.561,100.595,184.636,174.937,4.614,250.0,250.0,227.075,133.204,12.379,289.441,186.110,115.400,70.710,114.010,262.834,60.669,202.165,18.323,0.000,0.000,1.000,1.125,77.0,
17.11.2025,9:31:42.561,100.595,175.300,165.725,4.534,250.0,250.0,352.098,159.983,12.711,342.293,219.189,135.909,83.280,134.277,326.257,77.540,248.717,19.655,0.000,0.000,1.625,2.500,77.0,
17.11.2025,9:31:43.557,118.267,171.888,162.328,4.534,250.0,250.0,380.923,153.069,13.358,346.897,222.487,137.960,84.527,136.292,285.453,60.806,224.647,18.264,0.000,0.000,0.000,0.375,77.0,
17.11.2025,9:31:44.562,108.752,188.404,178.720,4.568,250.0,250.0,375.246,150.787,14.150,348.866,224.186,139.017,85.169,137.337,269.623,54.434,215.189,19.902,0.000,0.000,2.500,2.375,77.0,
17.11.2025,9:31:45.558,115.549,169.187,159.533,4.563,250.0,250.0,383.872,123.163,14.922,308.364,199.527,123.722,75.805,122.235,102.268,30.068,72.200,182.521,0.001,0.000,1.125,0.000,77.0,
17.11.2025,9:31:46.561,116.908,177.460,167.907,4.479,250.0,250.0,362.654,182.513,14.761,338.361,218.042,135.198,82.844,133.566,302.520,71.215,231.305,297.320,0.000,0.000,2.250,0.500,77.0,
17.11.2025,9:31:47.554,114.189,166.761,157.241,4.488,250.0,250.0,342.724,207.523,13.417,329.050,211.423,131.092,80.331,129.509,274.498,68.425,206.073,631.417,0.000,0.000,2.375,1.125,77.0,
17.11.2025,9:31:48.562,116.908,176.629,167.090,4.493,250.0,250.0,336.045,137.095,12.352,343.054,219.451,136.082,83.369,134.437,211.894,39.095,172.799,18.417,0.000,0.000,2.500,2.500,77.0,
17.11.2025,9:31:49.561,110.111,173.680,164.135,4.471,250.0,250.0,339.503,135.042,12.303,322.083,206.369,127.971,78.398,126.423,227.505,61.178,166.327,21.860,0.000,0.000,2.125,0.875,77.0,
17.11.2025,9:31:50.557,115.549,170.190,160.548,4.521,250.0,250.0,318.300,133.605,12.555,218.213,142.338,88.267,54.071,87.201,230.392,60.807,169.585,272.625,0.000,0.000,1.125,2.000,77.0,
17.11.2025,9:31:51.561,116.908,174.047,164.302,4.620,250.0,250.0,201.211,146.984,12.885,317.150,203.604,126.244,77.360,124.721,103.483,28.609,74.874,400.905,0.000,0.000,1.250,0.000,77.0,
17.11.2025,9:31:52.561,119.627,155.273,145.757,4.508,250.0,250.0,305.601,158.429,13.204,355.694,227.828,141.264,86.564,139.559,300.247,64.893,235.354,19.678,0.000,0.000,0.125,1.250,77.0,
17.11.2025,9:31:53.562,120.986,198.628,189.009,4.526,250.0,250.0,387.910,161.359,13.491,353.698,226.753,140.608,86.145,138.904,181.565,43.236,138.329,290.863,0.000,0.000,0.750,2.500,77.0,
17.11.2025,9:31:54.555,114.189,166.473,156.920,4.493,250.0,250.0,374.199,191.388,13.547,382.395,244.671,151.714,92.957,149.877,303.297,71.770,231.527,272.121,0.000,0.000,2.500,0.000,77.0,
17.11.2025,9:31:55.562,19.032,166.473,156.920,4.493,250.0,250.0,380.344,56.917,12.782,181.866,120.177,74.510,45.667,73.613,21.598,1.636,19.962,17.357,0.000,0.000,2.125,1.000,77.0,
17.11.2025,9:31:56.555,115.549,168.993,159.593,4.448,250.0,250.0,341.896,140.627,12.404,263.191,170.060,105.449,64.611,104.178,333.999,79.133,254.866,18.383,0.000,0.000,1.125,1.625,77.0,
17.11.2025,9:31:57.561,115.549,173.409,163.860,4.509,250.0,250.0,361.333,141.857,12.255,304.862,195.683,121.334,74.349,119.871,91.480,20.920,70.560,407.256,0.000,0.000,1.875,2.250,77.0,
17.11.2025,9:31:58.556,108.752,177.625,168.160,4.486,250.0,250.0,339.196,162.738,12.816,350.124,224.123,138.970,85.153,137.302,329.813,77.100,252.713,19.266,0.001,0.000,2.000,0.000,30.0,
17.11.2025,9:31:59.561,115.549,173.386,163.774,4.487,250.0,250.0,342.201,123.333,13.441,324.600,208.629,129.360,79.269,127.801,163.195,49.018,114.177,23.842,0.000,0.000,2.000,0.500,30.0,
17.11.2025,9:32:0.556,93.798,178.223,168.709,4.482,250.0,250.0,320.010,94.879,13.273,145.125,97.857,60.672,37.185,59.943,124.091,37.525,86.566,286.558,0.000,0.000,2.250,0.000,30.0,
17.11.2025,9:32:1.554,107.392,163.696,153.896,4.608,250.0,250.0,217.718,97.035,12.759,206.381,135.158,83.811,51.347,82.807,118.266,36.445,81.821,161.549,0.000,0.000,1.500,0.000,30.0,
17.11.2025,9:32:2.558,110.111,182.392,172.463,4.714,250.0,250.0,223.064,66.257,12.282,220.719,143.485,88.974,54.511,87.897,21.969,1.942,20.027,10.767,0.000,0.000,0.000,1.750,30.0,
17.11.2025,9:32:3.562,110.111,109.481,100.734,4.015,250.0,250.0,245.648,142.242,12.203,385.940,245.945,152.501,93.444,150.666,177.899,53.254,124.645,25.922,0.000,0.000,2.375,0.000,30.0,
17.11.2025,9:32:4.559,119.627,171.559,162.046,4.522,250.0,250.0,377.285,142.242,12.435,373.210,238.234,147.723,90.511,145.936,242.008,63.246,178.762,166.393,0.000,0.000,0.500,1.125,30.0,
17.11.2025,9:32:5.560,111.470,181.258,171.679,4.522,250.0,250.0,378.802,165.846,12.781,374.757,239.358,148.420,90.938,146.633,171.170,33.536,137.634,325.150,0.000,0.000,2.375,1.125,20.0,
17.11.2025,9:32:6.560,119.627,172.878,163.249,4.533,250.0,250.0,378.802,168.038,12.781,374.757,239.358,148.420,90.938,146.633,171.170,33.536,137.634,325.150,0.000,0.000,2.375,0.000,20.0,
17.11.2025,9:32:7.561,115.549,192.436,182.848,4.511,250.0,250.0,377.746,178.303,13.510,372.626,238.465,147.867,90.598,146.091,189.190,37.161,152.029,395.495,0.000,0.000,2.125,0.000,20.0,
17.11.2025,9:32:8.561,112.830,171.842,162.324,4.504,250.0,250.0,376.658,162.056,14.618,353.260,227.181,140.874,86.307,139.170,319.659,73.527,246.133,19.831,0.000,0.000,2.625,1.375,20.0,
17.11.2025,9:32:9.555,120.986,180.017,170.452,4.488,250.0,250.0,371.307,128.487,15.238,331.672,214.166,132.796,81.370,131.201,170.212,50.291,119.921,38.004,0.000,0.000,0.000,0.000,20.0,
17.11.2025,9:32:10.562,112.830,161.764,152.222,4.486,250.0,250.0,339.526,161.611,14.170,337.939,217.453,134.835,82.618,133.203,338.215,79.842,258.372,19.466,0.000,0.000,0.000,1.625,20.0,
17.11.2025,9:32:11.556,84.283,186.456,176.800,4.539,250.0,250.0,343.728,116.106,12.950,324.646,208.340,129.195,79.145,127.637,125.538,36.892,88.646,28.069,0.000,0.000,2.500,1.625,20.0,
17.11.2025,9:32:12.561,111.470,171.738,161.961,4.631,250.0,250.0,302.854,67.535,11.924,225.601,146.477,90.826,55.651,89.737,18.857,1.441,17.416,17.416,0.000,0.000,2.000,0.375,20.0,
17.11.2025,9:32:13.562,114.189,165.935,156.259,4.565,250.0,250.0,223.720,101.321,12.321,224.802,146.255,90.684,55.571,89.595,188.517,54.333,134.183,16.944,0.000,0.000,2.375,1.625,20.0,
17.11.2025,9:32:14.561,112.830,180.794,171.158,4.531,250.0,250.0,265.429,139.937,12.762,350.694,224.452,139.180,85.272,137.500,214.963,39.869,175.094,19.584,0.000,0.000,2.250,1.750,20.0,
17.11.2025,9:32:15.555,104.673,169.248,159.639,4.514,250.0,250.0,367.856,238.592,13.147,400.733,255.728,158.573,97.155,156.666,201.148,51.936,149.212,901.625,0.000,0.000,0.000,1.625,20.0,
17.11.2025,9:32:16.562,107.392,156.580,147.027,4.527,250.0,250.0,369.065,159.209,13.385,377.085,241.198,149.562,91.636,147.762,129.729,26.864,102.865,312.000,0.000,0.000,0.000,2.250,20.0,
17.11.2025,9:32:17.561,88.361,177.964,168.321,4.526,250.0,250.0,377.365,148.317,13.639,351.894,225.751,139.981,85.770,138.290,254.023,50.464,203.558,19.797,0.000,0.000,2.500,2.375,20.0,
17.11.2025,9:32:18.562,116.908,168.292,158.713,4.542,250.0,250.0,370.318,185.772,13.380,371.789,237.895,147.513,90.382,145.739,190.896,36.745,154.151,469.228,0.000,0.000,2.500,1.125,20.0,
17.11.2025,9:32:19.561,111.470,169.738,160.106,4.545,250.0,250.0,377.806,191.315,12.876,380.012,242.703,150.498,92.205,148.687,139.147,28.108,111.039,607.872,0.000,0.000,0.875,0.000,20.0,
17.11.2025,9:32:20.559,114.189,183.786,174.205,4.520,250.0,250.0,365.567,158.413,12.315,297.682,191.262,118.595,72.667,117.168,128.739,26.499,102.240,516.968,0.000,0.000,1.250,0.750,20.0,
17.11.2025,9:32:21.561,114.189,183.786,174.205,4.520,250.0,250.0,339.293,145.030,12.416,319.710,205.059,127.160,77.899,125.625,281.133,59.579,221.554,20.161,0.000,0.000,1.500,2.500,20.0,
17.11.2025,9:32:22.561,108.752,164.745,155.195,4.508,250.0,250.0,339.761,58.952,12.833,190.014,125.234,77.649,47.585,76.716,20.923,1.597,19.326,17.640,0.000,0.000,0.000,2.500,20.0,
17.11.2025,9:32:23.558,108.752,189.797,180.112,4.568,250.0,250.0,219.754,50.931,13.439,160.701,107.530,66.676,40.854,65.875,18.596,1.381,17.215,17.038,0.000,0.000,1.625,1.250,20.0,
17.11.2025,9:32:24.562,115.549,181.011,171.271,4.566,250.0,250.0,230.935,195.460,13.180,337.004,216.100,133.993,82.107,132.375,241.731,63.998,177.733,556.375,0.000,0.000,1.500,0.500,20.0,
17.11.2025,9:32:25.558,110.111,168.703,159.139,4.518,250.0,250.0,367.288,159.956,12.712,348.192,222.849,138.190,84.659,136.522,318.227,74.038,244.189,19.984,0.000,0.000,0.375,0.000,20.0,
17.11.2025,9:32:26.561,111.470,178.884,169.282,4.573,250.0,250.0,380.260,154.950,12.301,355.356,227.009,140.762,86.247,139.070,284.344,69.515,214.829,20.067,0.001,0.000,1.375,0.125,20.0,
17.11.2025,9:32:27.561,112.830,193.896,184.289,4.504,250.0,250.0,371.196,181.986,12.335,355.108,226.904,140.702,86.202,138.998,335.009,79.299,255.710,189.592,0.000,0.000,0.000,1.250,20.0,
17.11.2025,9:32:28.557,115.549,179.877,170.242,4.526,250.0,250.0,374.253,141.697,12.724,395.134,251.976,156.238,95.738,154.355,163.831,31.951,131.880,23.141,0.000,0.000,0.125,2.250,20.0,
17.11.2025,9:32:29.561,115.549,177.646,168.069,4.518,250.0,250.0,374.207,148.380,13.187,350.250,224.421,139.158,85.263,137.478,256.921,65.819,191.102,20.196,0.000,0.000,1.125,0.125,20.0,
17.11.2025,9:32:30.554,111.470,159.469,149.900,4.543,250.0,250.0,376.252,133.889,13.937,293.356,189.648,117.601,72.047,116.186,108.126,20.995,87.131,319.859,0.000,0.000,0.375,0.000,9.0,
17.11.2025,9:32:31.556,116.908,164.303,154.705,4.501,250.0,250.0,340.389,183.851,14.697,338.737,218.225,135.317,82.908,133.685,179.220,52.422,126.798,556.500,0.000,0.000,1.500,2.375,9.0,
17.11.2025,9:32:32.562,107.392,186.727,177.139,4.513,250.0,250.0,343.828,137.289,15.103,333.261,215.109,133.389,81.720,131.781,78.253,18.450,59.803,306.021,0.000,0.000,1.250,2.375,9.0,
17.11.2025,9:32:33.554,115.549,187.641,177.956,4.565,250.0,250.0,267.711,84.258,13.873,171.979,114.704,71.126,43.578,70.265,18.683,1.502,17.181,319.689,0.001,0.000,0.500,0.125,9.0,
17.11.2025,9:32:34.561,87.001,170.094,160.329,4.639,250.0,250.0,214.768,103.373,12.608,217.035,141.660,87.843,53.817,86.777,207.986,41.576,166.410,18.016,0.000,0.000,0.375,0.000,9.0,
17.11.2025,9:32:35.557,73.407,79.261,70.823,3.686,250.0,250.0,193.329,146.692,12.264,350.770,224.184,139.018,85.166,137.338,249.657,49.824,199.833,18.864,0.000,0.000,2.125,0.000,9.0,
17.11.2025,9:32:36.561,119.627,159.599,150.124,4.509,250.0,250.0,336.600,236.771,12.597,362.976,231.979,143.848,88.131,142.108,276.579,68.822,207.756,832.916,0.000,0.000,2.250,1.000,9.0,
17.11.2025,9:32:37.561,110.111,173.952,164.357,4.545,250.0,250.0,379.500,165.985,12.934,383.400,244.805,151.798,93.007,149.974,200.456,53.412,147.044,223.021,0.001,0.000,1.000,0.375,9.0,
17.11.2025,9:32:38.556,120.986,173.241,163.608,4.545,250.0,250.0,376.718,191.946,13.272,372.598,238.318,147.773,90.545,145.997,180.188,38.732,141.456,550.579,0.000,0.000,1.000,2.625,9.0,
17.11.2025,9:32:39.560,112.830,170.273,160.695,4.532,250.0,250.0,378.231,151.569,13.533,363.609,232.981,144.469,88.512,142.717,254.596,51.243,203.353,20.680,0.000,0.000,0.375,2.250,9.0,
17.11.2025,9:32:40.561,119.627,178.247,168.606,4.536,250.0,250.0,380.056,150.033,13.720,346.451,222.428,137.923,84.505,136.254,269.581,54.368,215.213,19.890,0.000,0.000,2.625,0.625,9.0,
17.11.2025,9:32:41.558,115.549,195.459,185.893,4.484,250.0,250.0,346.580,138.607,13.186,333.215,213.839,132.593,81.246,130.998,230.128,61.504,168.625,20.739,0.000,0.000,1.500,0.000,42.0,
17.11.2025,9:32:42.555,120.986,174.811,165.273,4.493,250.0,250.0,338.387,159.041,12.650,340.202,217.865,135.091,82.774,133.471,324.174,74.754,249.420,20.009,0.000,0.000,0.750,1.125,42.0,
17.11.2025,9:32:43.561,122.346,167.773,158.273,4.486,250.0,250.0,335.384,154.394,12.440,333.984,213.855,132.611,81.244,131.003,264.885,67.033,197.852,109.030,0.000,0.000,0.500,0.500,42.0,
17.11.2025,9:32:44.555,115.549,174.043,164.307,4.585,250.0,250.0,268.989,111.653,12.692,226.057,147.260,91.316,55.944,90.214,237.838,53.487,184.351,17.368,0.000,0.000,2.250,0.500,42.0,
17.11.2025,9:32:45.561,114.189,190.088,180.203,4.657,250.0,250.0,231.462,45.898,13.114,140.473,94.726,58.737,35.989,58.022,19.798,1.476,18.323,18.323,0.000,0.000,1.000,0.000,42.0,
17.11.2025,9:32:46.562,21.750,47.633,39.481,3.546,250.0,250.0,143.648,18.692,13.361,47.345,37.651,23.352,14.299,23.071,9.519,0.720,8.799,8.799,0.000,0.000,0.000,0.000,42.0,
17.11.2025,9:32:47.562,23.110,22.655,14.378,3.787,250.0,250.0,59.081,15.657,12.660,38.142,31.509,19.542,11.967,19.311,8.047,0.702,7.345,7.345,0.000,0.000,0.000,0.000,42.0,
17.11.2025,9:32:48.562,21.750,20.024,12.284,3.289,250.0,250.0,51.117,14.672,12.144,35.957,29.838,18.501,11.337,18.281,7.119,0.690,6.429,6.429,0.000,0.000,0.000,0.000,42.0,
17.11.2025,9:32:49.565,9.516,11.975,4.507,3.083,250.0,250.0,47.894,14.124,11.773,34.682,28.822,17.872,10.950,17.652,6.728,0.682,6.046,6.030,0.000,0.000,0.000,0.000,42.0,
17.11.2025,9:32:50.556,2.719,11.424,3.532,3.008,250.0,250.0,46.820,10.466,6.763,25.815,20.202,12.527,7.675,12.381,6.662,0.675,5.987,5.970,0.000,0.003,0.000,0.000,42.0,
17.11.2025,9:32:51.569,17.672,14.348,4.665,3.108,250.0,250.0,31.188,7.233,6.294,14.019,12.602,7.815,4.787,7.717,6.601,0.673,5.928,5.894,0.000,0.000,0.000,0.000,42.0,
17.11.2025,9:32:52.560,24.469,32.429,22.366,3.604,250.0,250.0,26.030,7.285,6.873,13.699,12.769,7.910,4.859,7.812,6.535,0.667,5.868,5.859,0.000,0.000,0.000,0.000,42.0,
17.11.2025,9:32:53.561,16.313,34.329,24.464,3.556,250.0,250.0,21.297,7.540,7.776,13.845,13.406,8.319,5.087,8.221,6.469,0.660,5.809,5.809,0.000,0.000,0.375,0.000,42.0,
17.11.2025,9:32:54.563,24.469,31.555,21.777,3.511,250.0,250.0,22.081,7.630,8.496,13.510,13.650,8.458,5.192,8.360,6.432,0.657,5.775,5.766,0.000,0.000,0.000,0.000,42.0,
17.11.2025,9:32:55.562,17.672,25.687,15.834,3.582,250.0,250.0,22.128,7.703,8.093,14.238,13.847,8.589,5.258,8.492,6.393,0.652,5.741,5.724,0.000,0.000,0.000,0.000,42.0,
17.11.2025,9:32:56.560,24.469,28.706,18.726,3.666,250.0,250.0,22.030,7.172,6.884,13.477,12.631,7.835,4.796,7.738,6.337,0.647,5.690,5.681,0.000,0.000,0.000,0.000,42.0,
17.11.2025,9:32:57.564,17.672,14.216,4.953,3.114,250.0,250.0,20.279,6.858,5.704,13.491,11.913,7.380,4.533,7.295,6.310,0.646,5.664,5.648,0.000,0.000,0.000,0.000,42.0,
17.11.2025,9:32:58.560,2.719,12.363,3.124,3.054,250.0,250.0,19.177,6.773,5.620,13.296,11.744,7.284,4.460,7.186,6.261,0.639,5.622,5.622,0.000,0.000,0.000,0.000,42.0,
17.11.2025,9:32:59.562,31.266,21.131,11.553,3.354,250.0,250.0,19.003,6.764,6.042,12.903,11.750,7.292,4.458,7.207,6.207,0.636,5.571,5.571,0.001,0.000,0.000,0.000,42.0,
17.11.2025,9:33:0.561,2.719,28.961,19.114,3.523,250.0,250.0,19.526,6.816,6.466,12.707,11.897,7.378,4.519,7.292,6.177,0.631,5.546,5.546,0.000,0.000,0.000,0.000,42.0,
17.11.2025,9:33:1.556,5.438,12.118,2.905,3.029,250.0,250.0,19.725,7.242,6.670,14.177,12.931,8.022,4.909,7.924,6.140,0.629,5.511,5.511,0.000,0.000,0.000,0.000,42.0,
17.11.2025,9:33:2.558,6.797,12.288,3.047,3.043,250.0,250.0,20.330,7.137,6.886,13.614,12.715,7.883,4.832,7.785,6.094,0.624,5.470,5.470,0.000,0.000,0.000,0.000,42.0,
17.11.2025,9:33:3.568,10.875,11.769,2.641,3.022,250.0,250.0,20.165,7.059,6.974,13.246,12.556,7.780,4.776,7.682,6.065,0.621,5.444,5.444,0.000,0.000,0.000,0.000,42.0,
17.11.2025,9:33:4.564,9.516,21.978,12.264,3.471,250.0,250.0,19.791,6.873,6.344,13.209,12.124,7.521,4.603,7.436,6.038,0.620,5.418,5.418,0.000,0.000,0.000,0.000,42.0,
17.11.2025,9:33:5.560,2.719,13.270,4.061,3.058,250.0,250.0,19.099,6.585,5.754,12.732,11.468,7.108,4.360,7.022,6.008,0.615,5.393,5.393,0.000,0.000,0.000,0.000,42.0,
17.11.2025,9:33:6.558,1.359,11.940,2.781,3.025,250.0,250.0,18.361,6.351,5.546,12.069,10.937,6.782,4.155,6.696,5.981,0.614,5.367,5.367,0.000,0.000,0.000,0.000,42.0,
17.11.2025,9:33:7.557,2.719,12.387,3.175,3.023,250.0,250.0,18.208,6.459,6.386,11.693,11.219,6.954,4.265,6.880,5.933,0.609,5.324,5.324,0.000,0.000,0.000,0.000,42.0,
17.11.2025,9:33:8.564,2.719,12.270,3.042,3.036,250.0,250.0,19.001,6.921,6.854,13.002,12.325,7.647,4.678,7.549,5.923,0.606,5.317,5.308,0.000,0.000,0.000,0.000,42.0,
17.11.2025,9:33:9.566,4.078,12.114,2.932,3.032,250.0,250.0,19.582,6.672,6.761,12.181,11.751,7.292,4.459,7.207,5.894,0.603,5.291,5.282,0.000,0.000,0.000,0.000,42.0,
17.11.2025,9:33:10.567,4.078,13.239,4.012,3.042,250.0,250.0,19.486,6.967,6.094,14.020,12.472,7.732,4.740,7.647,5.856,0.599,5.257,5.257,0.000,0.000,0.000,0.000,42.0,
Date,Time,"VR VCC 전류 (SVID IOUT) [A]","CPU 패키지 전력 소비 [W]","IA 코어 전력 소비 [W]","시스템 에이전트 전력 소비 [W]","PL1 전력 제한 (Static) [W]","PL2 전력 제한 (Static) [W]","GPU 전력 소비 [W]","GPU 라인 전력 소비 (avg) [W]","GPU PCIe +12V 입력 전력 소비 [W]","GPU 12VHPWR 전력 소비 [W]","GPU Unknown Rail (D6) 전력 소비 (sum) [W]","GPU Core (NVVDD) 입력 전력 소비 (sum) [W]","GPU Unknown Rail (D4) 전력 소비 (sum) [W]","GPU Misc0 입력 전력 소비 (sum) [W]","GPU Unknown Rail (D) 전력 소비 (sum) [W]","GPU Unknown Rail (10) 전력 소비 [W]","GPU Core (NVVDD) 출력 전력 소비 [W]","GPU Core (NVVDD) 출력 전력 소비 [W]","나머지 칩 전력 소비 [W]","PCH 전력 소비 [W]","총 전력 소비 [W]","총 전력 소비 [W]","T3 [°C]",
,,CPU [#0]: Intel Core Ultra 7 265KF: Enhanced,CPU [#0]: Intel Core Ultra 7 265KF: Enhanced,CPU [#0]: Intel Core Ultra 7 265KF: Enhanced,CPU [#0]: Intel Core Ultra 7 265KF: Enhanced,CPU [#0]: Intel Core Ultra 7 265KF: Enhanced,CPU [#0]: Intel Core Ultra 7 265KF: Enhanced,GPU [#1]: NVIDIA GeForce RTX 5090: GIGABYTE GeForce RTX 5090 GAMING OC 32G (GV-N5090GAMING OC-32GD),GPU [#1]: NVIDIA GeForce RTX 5090: GIGABYTE GeForce RTX 5090 GAMING OC 32G (GV-N5090GAMING OC-32GD),GPU [#1]: NVIDIA GeForce RTX 5090: GIGABYTE GeForce RTX 5090 GAMING OC 32G (GV-N5090GAMING OC-32GD),GPU [#1]: NVIDIA GeForce RTX 5090: GIGABYTE GeForce RTX 5090 GAMING OC 32G (GV-N5090GAMING OC-32GD),GPU [#1]: NVIDIA GeForce RTX 5090: GIGABYTE GeForce RTX 5090 GAMING OC 32G (GV-N5090GAMING OC-32GD),GPU [#1]: NVIDIA GeForce RTX 5090: GIGABYTE GeForce RTX 5090 GAMING OC 32G (GV-N5090GAMING OC-32GD),GPU [#1]: NVIDIA GeForce RTX 5090: GIGABYTE GeForce RTX 5090 GAMING OC 32G (GV-N5090GAMING OC-32GD),GPU [#1]: NVIDIA GeForce RTX 5090: GIGABYTE GeForce RTX 5090 GAMING OC 32G (GV-N5090GAMING OC-32GD),GPU [#1]: NVIDIA GeForce RTX 5090: GIGABYTE GeForce RTX 5090 GAMING OC 32G (GV-N5090GAMING OC-32GD),GPU [#1]: NVIDIA GeForce RTX 5090: GIGABYTE GeForce RTX 5090 GAMING OC 32G (GV-N5090GAMING OC-32GD),GPU [#1]: NVIDIA GeForce RTX 5090: GIGABYTE GeForce RTX 5090 GAMING OC 32G (GV-N5090GAMING OC-32GD),GPU [#1]: NVIDIA GeForce RTX 5090: GIGABYTE GeForce RTX 5090 GAMING OC 32G (GV-N5090GAMING OC-32GD),CPU [#0]: Intel Core Ultra 7 265KF: Enhanced,CPU [#0]: Intel Core Ultra 7 265KF: Enhanced,DDR5 DIMM [#1]: Micron CP32G64C40U5B.M8B1 (BANK 1/DIMMB2),DDR5 DIMM [#3]: Micron CP32G64C40U5B.M8B1 (BANK 0/DIMMA2),NUC126,
