Date,Time,"VR VCC 전류 (SVID IOUT) [A]","CPU 패키지 전력 소비 [W]","IA 코어 전력 소비 [W]","시스템 에이전트 전력 소비 [W]","PL1 전력 제한 (Static) [W]","PL2 전력 제한 (Static) [W]","GPU 전력 소비 [W]","GPU 라인 전력 소비 (avg) [W]","GPU PCIe +12V 입력 전력 소비 [W]","GPU 12VHPWR 전력 소비 [W]","GPU Unknown Rail (D6) 전력 소비 (sum) [W]","GPU Core (NVVDD) 입력 전력 소비 (sum) [W]","GPU Unknown Rail (D4) 전력 소비 (sum) [W]","GPU Misc0 입력 전력 소비 (sum) [W]","GPU Unknown Rail (D) 전력 소비 (sum) [W]","GPU Unknown Rail (10) 전력 소비 [W]","GPU Core (NVVDD) 출력 전력 소비 [W]","GPU Core (NVVDD) 출력 전력 소비 [W]","나머지 칩 전력 소비 [W]","PCH 전력 소비 [W]","총 전력 소비 [W]","총 전력 소비 [W]",
17.11.2025,19:39:15.143,25.829,14.892,5.672,2.969,250.0,250.0,12.999,3.672,2.880,6.811,6.020,3.735,2.285,3.686,3.904,0.406,3.498,3.498,0.000,0.000,0.000,0.000,
17.11.2025,19:39:16.151,12.235,17.936,8.678,3.046,250.0,250.0,16.232,6.403,3.529,16.589,12.479,7.742,4.737,7.644,3.905,0.407,3.498,3.498,0.000,0.000,0.000,0.000,
17.11.2025,19:39:17.144,12.235,26.222,16.904,3.070,250.0,250.0,16.440,3.732,2.805,7.117,6.159,3.816,2.343,3.767,3.905,0.407,3.498,3.498,0.000,0.000,0.000,0.000,
17.11.2025,19:39:18.141,21.750,24.898,15.402,3.243,250.0,250.0,16.363,3.711,2.792,7.042,6.108,3.785,2.323,3.749,3.905,0.407,3.498,3.498,0.000,0.000,0.000,0.000,
17.11.2025,19:39:19.146,16.313,30.874,21.428,3.248,250.0,250.0,11.538,3.703,2.879,6.932,6.088,3.780,2.308,3.731,3.904,0.406,3.498,3.498,0.000,0.000,0.000,0.000,
17.11.2025,19:39:20.134,17.672,26.515,17.110,3.248,250.0,250.0,13.650,15.461,5.925,44.633,31.362,19.440,11.922,19.207,9.305,5.788,3.517,3.516,0.000,0.000,0.000,0.000,
17.11.2025,19:39:21.142,14.953,26.365,18.460,3.388,250.0,250.0,64.123,39.671,9.024,135.843,89.332,55.391,33.941,54.722,6.341,0.562,5.779,5.779,0.000,0.000,0.000,0.000,
17.11.2025,19:39:22.135,20.391,25.360,17.724,3.140,250.0,250.0,76.269,19.569,8.874,58.907,41.964,26.018,15.946,25.700,6.275,0.557,5.718,5.728,0.000,0.000,0.000,0.000,
17.11.2025,19:39:23.134,19.032,25.634,18.069,3.132,250.0,250.0,67.414,19.025,8.889,56.655,40.648,25.210,15.438,24.904,6.383,0.645,5.738,5.738,0.000,0.000,0.375,0.000,
17.11.2025,19:39:24.132,12.235,24.900,17.373,3.121,250.0,250.0,67.216,19.668,8.925,59.215,42.186,26.154,16.032,25.836,6.297,0.559,5.738,5.738,0.000,0.000,0.000,0.000,
17.11.2025,19:39:25.143,17.672,22.637,15.103,3.080,250.0,250.0,67.012,19.200,8.913,57.280,41.061,25.461,15.600,25.154,6.391,0.643,5.748,5.748,0.000,0.000,0.000,0.000,
17.11.2025,19:39:26.136,20.391,24.352,16.816,3.102,250.0,250.0,67.954,19.735,8.934,59.446,42.327,26.248,16.079,25.930,6.308,0.560,5.748,5.768,0.000,0.000,0.000,0.000,
17.11.2025,19:39:27.143,19.032,24.170,16.677,3.065,250.0,250.0,67.324,12.383,8.859,32.257,25.434,15.774,9.660,15.578,6.340,0.561,5.779,3.593,0.000,0.000,0.000,0.000,
17.11.2025,19:39:28.134,17.672,26.112,16.933,3.112,250.0,250.0,38.332,15.378,3.798,16.083,12.330,7.643,4.687,7.557,4.023,0.430,3.593,93.638,0.000,0.002,0.000,0.000,
17.11.2025,19:39:29.143,21.750,27.776,18.084,3.115,250.0,250.0,34.996,12.492,3.784,24.728,17.664,10.951,6.713,10.816,23.335,3.874,19.461,3.593,0.000,0.000,0.000,0.000,
17.11.2025,19:39:30.132,17.672,25.534,16.190,3.092,250.0,250.0,32.566,11.137,3.490,18.560,13.678,8.476,5.202,8.378,4.022,0.447,3.575,45.546,0.000,0.000,0.000,0.000,
17.11.2025,19:39:31.141,20.391,28.893,19.467,3.158,250.0,250.0,33.534,9.952,3.611,29.953,20.797,12.892,7.905,12.745,4.020,0.419,3.601,3.575,0.000,0.000,0.000,0.000,
17.11.2025,19:39:32.145,14.953,27.148,17.780,3.161,250.0,250.0,33.332,20.565,4.321,37.662,26.019,16.141,9.878,15.944,46.048,8.139,37.909,3.593,0.000,0.000,0.000,0.000,
17.11.2025,19:39:33.145,19.032,27.942,18.472,3.246,250.0,250.0,35.790,9.125,4.322,26.050,18.838,11.676,7.162,11.541,4.027,0.417,3.610,3.610,0.000,0.000,0.000,0.000,
17.11.2025,19:39:34.135,28.547,33.631,23.685,3.626,250.0,250.0,33.594,11.602,4.198,35.444,24.570,15.232,9.338,15.049,4.302,0.687,3.615,3.584,0.000,0.000,0.000,0.000,
17.11.2025,19:39:35.144,27.188,29.168,19.753,3.172,250.0,250.0,33.929,23.619,4.332,35.697,24.816,15.380,9.436,15.196,27.898,4.150,23.748,75.534,0.000,0.000,0.000,0.000,
17.11.2025,19:39:36.137,27.188,24.296,15.002,3.120,250.0,250.0,35.529,10.548,3.833,32.027,22.224,13.778,8.446,13.619,3.991,0.416,3.575,3.575,0.000,0.000,0.000,0.000,
17.11.2025,19:39:37.143,24.469,27.226,17.834,3.136,250.0,250.0,34.320,12.322,4.297,38.229,26.360,16.348,10.012,16.140,4.122,0.510,3.612,3.593,0.000,0.000,0.000,0.000,
17.11.2025,19:39:38.140,19.032,27.114,17.823,3.080,250.0,250.0,33.217,11.396,4.051,34.451,23.861,14.792,9.069,14.621,4.760,0.905,3.855,3.593,0.000,0.000,0.000,0.000,
17.11.2025,19:39:39.133,25.829,27.914,18.613,3.120,250.0,250.0,33.734,18.228,3.794,35.313,24.246,15.028,9.218,14.844,38.120,6.564,31.556,3.601,0.000,0.000,1.000,0.000,
17.11.2025,19:39:40.139,17.672,26.873,17.525,3.097,250.0,250.0,31.658,9.120,4.309,25.842,18.701,11.601,7.100,11.454,4.289,0.678,3.611,3.610,0.000,0.000,0.000,0.000,
17.11.2025,19:39:41.132,19.032,27.322,17.953,3.143,250.0,250.0,33.085,11.559,3.941,35.544,24.469,15.169,9.300,14.985,4.299,0.699,3.600,3.584,0.000,0.001,0.000,0.000,
17.11.2025,19:39:42.137,17.672,28.322,18.969,3.123,250.0,250.0,33.095,12.036,4.271,37.222,25.723,15.951,9.772,15.767,4.026,0.425,3.601,3.601,0.000,0.000,0.000,0.000,
17.11.2025,19:39:43.145,23.110,26.702,17.342,3.176,250.0,250.0,33.214,18.133,3.881,33.683,23.270,14.435,8.835,14.264,39.683,6.874,32.809,3.601,0.000,0.000,0.000,0.125,
17.11.2025,19:39:44.138,21.750,26.566,18.349,3.133,250.0,250.0,52.320,13.821,8.788,38.520,29.277,18.148,11.129,17.928,4.961,0.459,4.502,4.499,0.000,0.000,0.000,0.000,
17.11.2025,19:39:45.145,21.750,25.636,18.059,3.138,250.0,250.0,45.080,11.774,8.780,31.249,24.831,15.401,9.430,15.217,4.480,0.547,3.933,3.874,0.000,0.000,0.000,0.000,
17.11.2025,19:39:46.141,24.469,26.690,19.080,3.150,250.0,250.0,41.731,11.552,8.781,30.940,24.562,15.226,9.336,15.042,4.016,0.415,3.601,3.601,0.000,0.000,0.000,0.000,
17.11.2025,19:39:47.133,14.953,26.615,18.712,3.143,250.0,250.0,39.518,16.577,4.345,33.982,23.747,14.729,9.018,14.557,30.868,5.297,25.571,3.651,0.000,0.002,0.000,0.000,
17.11.2025,19:39:48.144,19.032,26.277,16.597,3.114,250.0,250.0,35.528,10.217,4.050,30.376,21.334,13.234,8.100,13.075,4.186,0.575,3.611,3.626,0.000,0.000,0.000,0.000,
17.11.2025,19:39:49.138,21.750,27.641,18.031,3.156,250.0,250.0,33.277,14.187,4.282,45.180,30.674,19.015,11.659,18.782,4.310,0.696,3.614,3.660,0.000,0.000,0.000,0.000,
17.11.2025,19:39:50.133,20.391,27.083,17.724,3.122,250.0,250.0,35.536,17.725,3.709,25.289,17.977,11.139,6.838,11.005,26.582,3.979,22.603,48.133,0.000,0.000,0.000,0.000,
17.11.2025,19:39:51.139,9.516,29.268,19.892,3.163,250.0,250.0,34.628,8.661,4.335,24.222,17.707,10.987,6.720,10.853,4.090,0.480,3.610,3.601,0.000,0.000,0.000,0.000,
17.11.2025,19:39:52.132,14.953,27.509,18.109,3.171,250.0,250.0,32.494,10.088,4.261,29.769,21.112,13.089,8.023,12.929,4.043,0.417,3.626,3.610,0.000,0.000,0.500,0.000,
17.11.2025,19:39:53.134,21.750,27.874,18.478,3.202,250.0,250.0,32.970,11.913,4.002,36.880,25.341,15.717,9.624,15.533,4.200,0.504,3.696,3.634,0.000,0.000,0.000,0.000,
17.11.2025,19:39:54.144,17.672,27.315,17.977,3.114,250.0,250.0,34.018,12.841,3.293,33.722,22.954,14.224,8.730,14.052,13.883,2.712,11.171,3.669,0.000,0.000,0.000,0.000,
17.11.2025,19:39:55.140,19.032,26.801,17.483,3.152,250.0,250.0,34.740,17.914,4.309,34.239,23.889,14.811,9.078,14.628,16.228,2.497,13.731,45.725,0.000,0.000,0.000,0.000,
17.11.2025,19:39:56.134,16.313,28.623,19.243,3.138,250.0,250.0,35.708,15.007,3.172,22.720,16.036,9.947,6.089,9.825,39.316,6.339,32.977,3.651,0.000,0.000,0.000,0.000,
17.11.2025,19:39:57.132,17.672,26.546,17.151,3.170,250.0,250.0,33.890,12.357,4.185,38.401,26.402,16.363,10.039,16.167,4.196,0.578,3.618,3.618,0.000,0.000,0.000,0.000,
17.11.2025,19:39:58.143,19.032,26.059,16.660,3.165,250.0,250.0,33.036,12.427,4.198,38.723,26.594,16.495,10.099,16.299,4.123,0.505,3.618,3.618,0.000,0.000,0.000,0.000,
17.11.2025,19:39:59.137,19.032,26.690,17.305,3.169,250.0,250.0,34.032,15.015,4.295,48.224,32.555,20.187,12.368,19.942,4.471,0.814,3.657,3.634,0.000,0.000,0.000,0.000,
17.11.2025,19:40:0.143,29.907,25.442,16.043,3.164,250.0,250.0,32.234,17.481,4.188,39.182,26.874,16.666,10.208,16.457,28.803,4.387,24.416,3.626,0.000,0.000,1.000,0.000,
17.11.2025,19:40:1.135,33.985,28.603,19.114,3.232,250.0,250.0,34.430,9.444,4.248,27.158,19.478,12.082,7.396,11.935,4.232,0.555,3.677,3.677,0.000,0.000,0.000,0.000,
17.11.2025,19:40:2.144,23.110,29.807,20.428,3.208,250.0,250.0,34.274,11.388,4.248,34.554,24.067,14.928,9.139,14.744,4.295,0.685,3.610,3.610,0.000,0.000,0.000,0.000,
17.11.2025,19:40:3.139,19.032,30.359,20.967,3.156,250.0,250.0,34.591,15.721,4.307,51.012,34.290,21.270,13.020,21.013,4.333,0.698,3.635,3.634,0.000,0.000,0.000,0.000,
17.11.2025,19:40:4.134,14.953,26.937,17.573,3.122,250.0,250.0,35.953,14.551,4.040,37.487,25.741,15.959,9.782,15.763,16.551,3.669,12.882,3.634,0.000,0.000,0.000,0.000,
17.11.2025,19:40:5.135,19.032,28.730,19.335,3.180,250.0,250.0,36.297,23.276,4.051,43.518,29.484,18.291,11.193,18.070,52.257,8.799,43.458,3.634,0.000,0.000,0.000,0.000,
17.11.2025,19:40:6.146,19.032,25.975,16.666,3.138,250.0,250.0,31.312,14.619,3.416,33.356,22.792,14.136,8.656,13.964,23.116,4.706,18.410,3.634,0.000,0.000,1.625,0.000,
17.11.2025,19:40:7.139,13.594,28.370,18.982,3.139,250.0,250.0,32.061,4.731,3.112,10.405,8.378,5.201,3.177,5.140,4.137,0.494,3.643,3.618,0.000,0.000,0.000,0.000,
17.11.2025,19:40:8.132,19.032,27.201,17.912,3.118,250.0,250.0,31.245,17.226,3.392,28.276,19.631,12.176,7.455,12.029,42.794,7.066,35.728,3.711,0.000,0.000,0.000,0.000,
17.11.2025,19:40:9.143,19.032,26.767,17.339,3.157,250.0,250.0,32.858,12.746,4.271,39.640,27.226,16.880,10.346,16.672,4.382,0.698,3.684,3.660,0.000,0.000,0.000,0.000,
17.11.2025,19:40:10.135,19.032,27.773,18.493,3.129,250.0,250.0,34.330,11.570,4.065,35.585,24.582,15.240,9.342,15.056,4.095,0.435,3.660,3.643,0.000,0.000,0.000,0.000,
17.11.2025,19:40:11.142,17.672,28.948,19.511,3.201,250.0,250.0,30.818,8.063,3.417,22.868,16.297,10.104,6.193,9.981,4.066,0.423,3.643,3.634,0.000,0.000,0.000,0.000,
17.11.2025,19:40:12.135,23.110,26.640,17.214,3.153,250.0,250.0,32.581,4.600,3.356,9.691,8.102,5.021,3.081,4.960,4.084,0.424,3.660,3.626,0.000,0.000,0.000,0.000,
17.11.2025,19:40:13.140,17.672,26.951,17.510,3.217,250.0,250.0,31.820,7.880,4.188,21.391,15.873,9.838,6.035,9.715,4.063,0.429,3.634,3.634,0.000,0.000,0.250,0.000,
17.11.2025,19:40:14.142,21.750,27.138,17.841,3.148,250.0,250.0,33.842,6.265,3.736,15.653,12.023,7.459,4.564,7.373,4.104,0.470,3.634,3.634,0.000,0.000,0.000,0.000,
17.11.2025,19:40:15.136,17.672,27.648,18.278,3.158,250.0,250.0,34.160,7.417,3.870,19.934,14.772,9.153,5.619,9.042,4.072,0.438,3.634,3.634,0.000,0.000,0.000,0.000,
17.11.2025,19:40:16.142,17.672,28.830,19.410,3.177,250.0,250.0,33.319,4.754,3.075,10.515,8.436,5.231,3.205,5.169,4.137,0.494,3.643,3.634,0.000,0.000,0.000,0.000,
17.11.2025,19:40:17.138,17.672,28.830,19.410,3.177,250.0,250.0,31.632,11.536,3.710,19.379,14.329,8.882,5.447,8.771,4.071,0.437,3.634,46.696,0.000,0.000,0.000,0.000,
17.11.2025,19:40:18.143,27.188,28.343,18.991,3.159,250.0,250.0,31.720,12.040,4.003,35.288,24.361,15.105,9.256,14.921,6.893,1.262,5.631,3.677,0.000,0.000,0.000,0.000,
17.11.2025,19:40:19.136,23.110,28.173,18.804,3.141,250.0,250.0,32.107,12.629,4.284,39.148,26.916,16.694,10.222,16.497,4.437,0.695,3.742,3.660,0.000,0.000,0.000,0.000,
17.11.2025,19:40:20.144,23.110,27.725,18.383,3.137,250.0,250.0,33.359,11.339,4.015,34.725,24.021,14.898,9.123,14.715,4.117,0.440,3.677,3.660,0.000,0.000,0.000,0.000,
17.11.2025,19:40:21.137,19.032,26.759,17.425,3.139,250.0,250.0,30.889,10.443,3.269,13.457,10.378,6.428,3.950,6.355,6.851,0.927,5.924,46.890,0.000,0.000,0.000,0.000,
17.11.2025,19:40:22.143,23.110,26.993,17.628,3.140,250.0,250.0,31.676,18.302,4.101,33.617,23.377,14.502,8.875,14.331,40.272,6.542,33.730,3.669,0.000,0.000,0.000,0.000,
17.11.2025,19:40:23.146,23.110,28.275,18.856,3.205,250.0,250.0,31.017,19.823,4.259,37.406,25.831,16.023,9.808,15.827,42.702,7.014,35.688,3.677,0.000,0.000,0.000,0.000,
17.11.2025,19:40:24.145,17.672,29.211,19.789,3.180,250.0,250.0,34.421,11.905,4.089,36.835,25.372,15.733,9.639,15.549,4.089,0.438,3.651,3.651,0.000,0.000,0.000,0.000,
17.11.2025,19:40:25.143,21.750,27.682,18.392,3.133,250.0,250.0,34.288,12.102,4.185,37.467,25.824,16.007,9.817,15.811,4.117,0.440,3.677,3.677,0.000,0.000,0.000,0.000,
17.11.2025,19:40:26.134,17.672,25.822,16.425,3.142,250.0,250.0,35.844,12.017,4.185,37.187,25.638,15.895,9.743,15.711,4.081,0.430,3.651,3.651,0.000,0.000,0.000,0.000,
17.11.2025,19:40:27.143,17.672,28.353,19.039,3.130,250.0,250.0,32.272,7.064,3.563,18.854,13.912,8.624,5.288,8.514,4.103,0.426,3.677,3.677,0.000,0.000,0.000,0.000,
17.11.2025,19:40:28.135,17.672,28.166,18.815,3.133,250.0,250.0,32.074,7.310,3.883,19.419,14.446,8.964,5.482,8.854,4.182,0.496,3.686,3.686,0.000,0.000,0.000,0.000,
17.11.2025,19:40:29.142,17.672,28.721,19.426,3.118,250.0,250.0,34.290,21.012,3.576,21.873,15.789,9.790,5.999,9.668,14.927,2.239,12.688,113.571,0.000,0.000,0.000,0.000,
17.11.2025,19:40:30.132,23.110,28.291,18.946,3.143,250.0,250.0,32.180,18.397,3.845,33.318,23.040,14.285,8.755,14.114,41.472,6.959,34.513,3.669,0.000,0.000,0.000,0.000,
17.11.2025,19:40:31.138,13.594,28.334,18.974,3.166,250.0,250.0,33.825,11.937,4.126,36.907,25.438,15.778,9.660,15.582,4.104,0.435,3.669,3.669,0.000,0.000,0.000,0.000,
17.11.2025,19:40:32.143,21.750,28.200,18.798,3.162,250.0,250.0,32.935,12.570,4.187,39.262,26.937,16.699,10.238,16.503,4.104,0.435,3.669,3.669,0.000,0.000,0.000,0.000,
17.11.2025,19:40:33.132,19.032,27.744,18.347,3.166,250.0,250.0,31.373,10.303,3.746,31.033,21.564,13.375,8.189,13.204,4.120,0.443,3.677,3.677,0.000,0.000,0.000,0.000,
17.11.2025,19:40:34.142,19.032,28.335,18.933,3.180,250.0,250.0,33.569,11.341,4.014,34.477,23.870,14.797,9.073,14.613,4.450,0.622,3.828,3.669,0.000,0.000,0.000,0.000,
17.11.2025,19:40:35.133,29.907,28.516,18.987,3.323,250.0,250.0,30.334,11.341,3.843,31.496,21.906,13.582,8.324,13.423,4.135,0.458,3.677,3.677,0.000,0.000,0.000,1.750,
17.11.2025,19:40:36.146,12.235,32.705,22.884,3.503,250.0,250.0,32.457,10.452,3.185,8.809,7.437,4.615,2.822,4.566,4.184,0.507,3.677,3.660,0.000,0.000,0.000,0.000,
17.11.2025,19:40:37.140,21.750,26.401,17.110,3.082,250.0,250.0,32.457,4.346,3.185,8.809,7.437,4.615,2.822,4.566,4.184,0.507,3.677,3.660,0.000,0.000,0.000,0.000,
17.11.2025,19:40:38.137,20.391,27.758,18.514,3.093,250.0,250.0,33.738,21.094,3.782,32.083,22.231,13.787,8.444,13.615,30.606,4.579,26.027,55.792,0.000,0.000,0.000,0.000,
17.11.2025,19:40:39.145,21.750,27.295,18.855,3.127,250.0,250.0,62.963,21.884,8.873,66.530,46.680,28.946,17.734,28.603,7.395,0.671,6.724,6.681,0.000,0.000,0.000,0.000,
17.11.2025,19:40:40.139,20.391,24.761,17.186,3.140,250.0,250.0,74.366,21.733,8.895,65.880,46.301,28.713,17.588,28.358,7.442,0.707,6.735,6.713,0.000,0.000,0.000,0.000,
17.11.2025,19:40:41.146,19.032,27.054,19.462,3.145,250.0,250.0,57.619,11.987,8.805,32.449,25.505,15.814,9.691,15.630,4.139,0.428,3.711,3.694,0.000,0.000,0.000,0.750,
17.11.2025,19:40:42.140,23.110,28.970,20.210,3.082,250.0,250.0,41.811,13.048,4.344,40.667,27.897,17.307,10.590,17.098,4.296,0.449,3.847,3.987,0.000,0.002,0.250,0.000,
17.11.2025,19:40:43.137,25.829,27.968,18.224,3.130,250.0,250.0,40.318,9.586,4.333,27.632,19.835,12.291,7.544,12.144,4.193,0.491,3.702,3.694,0.000,0.000,0.000,0.000,
17.11.2025,19:40:44.143,24.469,29.228,19.809,3.172,250.0,250.0,35.877,8.973,4.286,25.327,18.377,11.397,6.980,11.249,4.208,0.506,3.702,3.694,0.000,0.000,0.000,0.000,
17.11.2025,19:40:45.132,19.032,28.020,18.641,3.112,250.0,250.0,37.283,35.536,4.063,66.866,43.971,27.262,16.709,26.931,60.992,9.511,51.481,47.574,0.000,0.000,0.000,0.000,
17.11.2025,19:40:46.142,17.672,27.529,19.571,3.089,250.0,250.0,58.344,14.375,8.794,40.333,30.398,18.855,11.543,18.622,5.288,0.469,4.819,4.629,0.000,0.000,0.000,0.000,
17.11.2025,19:40:47.134,20.391,25.136,17.558,3.160,250.0,250.0,46.294,13.217,8.803,36.658,28.117,17.432,10.685,17.224,4.604,0.429,4.175,4.047,0.000,0.000,0.000,0.000,
17.11.2025,19:40:48.145,14.953,25.590,18.043,3.107,250.0,250.0,42.154,11.508,8.807,30.490,24.374,15.117,9.257,14.933,4.176,0.430,3.746,3.746,0.000,0.000,0.000,0.000,
17.11.2025,19:40:49.139,17.672,25.082,17.476,3.148,250.0,250.0,40.693,12.057,8.803,32.732,25.685,15.922,9.763,15.727,4.119,0.425,3.694,3.694,0.000,0.000,0.000,0.000,
17.11.2025,19:40:50.133,19.032,24.683,16.223,3.155,250.0,250.0,61.574,26.889,8.886,82.273,56.473,35.020,21.453,34.591,10.348,0.848,9.500,9.497,0.001,0.000,0.000,0.000,
17.11.2025,19:40:51.137,17.672,27.360,19.699,3.211,250.0,250.0,91.818,26.931,8.888,82.458,56.591,35.086,21.505,34.670,10.295,0.775,9.520,9.520,0.000,0.000,0.000,0.000,
17.11.2025,19:40:52.145,9.516,26.067,18.485,3.145,250.0,250.0,77.512,14.831,8.794,33.567,26.202,16.249,9.953,16.054,16.878,3.095,13.783,3.737,0.000,0.000,0.000,0.000,
17.11.2025,19:40:53.138,19.032,25.183,17.581,3.168,250.0,250.0,40.168,11.118,8.807,28.919,23.405,14.517,8.888,14.333,4.273,0.469,3.804,3.762,0.000,0.000,0.000,0.000,
17.11.2025,19:40:54.145,16.313,26.762,17.698,3.191,250.0,250.0,39.014,9.181,4.358,25.990,18.826,11.676,7.150,11.529,4.263,0.509,3.754,3.754,0.000,0.002,0.000,0.000,
17.11.2025,19:40:55.136,14.953,26.947,17.169,3.158,250.0,250.0,35.203,7.507,3.955,20.030,14.882,9.226,5.656,9.115,4.235,0.498,3.737,3.737,0.000,0.000,0.000,0.000,
17.11.2025,19:40:56.143,16.313,27.769,18.569,3.134,250.0,250.0,33.368,23.846,8.414,77.537,53.312,33.056,20.256,32.651,4.615,0.549,4.066,4.000,0.000,0.000,0.000,0.000,
17.11.2025,19:40:57.134,21.750,26.287,18.669,3.159,250.0,250.0,89.366,26.299,8.915,79.889,55.075,34.146,20.929,33.741,10.356,0.777,9.579,9.579,0.000,0.000,0.000,0.000,
17.11.2025,19:40:58.146,17.672,26.244,18.682,3.136,250.0,250.0,90.584,15.055,8.827,34.192,26.613,16.503,10.110,16.296,17.043,3.065,13.978,3.921,0.000,0.000,0.000,0.000,
17.11.2025,19:40:59.144,17.672,26.006,18.398,3.163,250.0,250.0,46.208,11.102,8.863,28.882,23.417,14.516,8.901,14.344,4.176,0.430,3.746,3.746,0.000,0.000,0.000,0.000,
17.11.2025,19:41:0.134,16.313,26.499,18.918,3.138,250.0,250.0,40.421,14.049,8.855,30.623,24.410,15.145,9.265,14.962,16.730,3.025,13.705,3.771,0.000,0.000,0.000,0.000,
17.11.2025,19:41:1.142,17.672,26.603,18.944,3.232,250.0,250.0,39.496,11.978,8.795,32.365,25.450,15.781,9.669,15.597,4.194,0.432,3.762,3.737,0.000,0.000,0.000,0.000,
17.11.2025,19:41:2.138,19.032,27.542,19.268,3.161,250.0,250.0,39.544,11.261,4.357,33.884,23.692,14.688,9.004,14.517,4.349,0.571,3.778,3.771,0.000,0.002,0.000,0.000,
17.11.2025,19:41:3.143,20.391,28.661,18.866,3.169,250.0,250.0,45.317,5.299,3.416,12.192,9.679,5.999,3.680,5.937,4.180,0.434,3.746,3.728,0.000,0.001,0.000,0.000,
17.11.2025,19:41:4.142,13.594,27.424,17.860,3.167,250.0,250.0,30.709,12.109,3.073,20.657,14.701,9.115,5.586,9.005,4.260,0.523,3.737,50.433,0.000,0.000,0.000,0.000,
17.11.2025,19:41:5.143,24.469,27.381,18.009,3.134,250.0,250.0,29.928,10.399,3.551,31.244,21.553,13.368,8.185,13.208,4.561,0.714,3.847,3.762,0.000,0.000,0.000,1.125,
17.11.2025,19:41:6.139,17.672,28.602,19.274,3.132,250.0,250.0,33.932,11.134,3.892,33.963,23.452,14.544,8.908,14.373,4.225,0.437,3.788,3.754,0.000,0.000,0.000,0.000,
17.11.2025,19:41:7.132,20.391,28.803,19.495,3.122,250.0,250.0,32.972,9.876,4.223,28.835,20.508,12.719,7.789,12.560,4.188,0.434,3.754,3.746,0.000,0.000,0.000,0.000,
17.11.2025,19:41:8.141,13.594,27.674,18.368,3.122,250.0,250.0,32.135,5.274,3.404,12.045,9.582,5.938,3.644,5.877,4.260,0.506,3.754,3.728,0.000,0.000,0.000,0.000,
17.11.2025,19:41:9.135,17.672,27.629,18.277,3.121,250.0,250.0,33.267,5.203,3.317,11.860,9.415,5.835,3.580,5.762,4.260,0.506,3.754,3.737,0.000,0.000,0.000,0.000,
17.11.2025,19:41:10.142,19.032,27.660,18.274,3.142,250.0,250.0,31.352,9.733,3.013,10.269,8.243,5.103,3.140,5.042,4.210,0.464,3.746,54.101,0.000,0.000,0.000,0.000,
17.11.2025,19:41:11.138,10.875,29.130,19.766,3.153,250.0,250.0,38.414,48.300,4.120,112.185,72.073,44.685,27.388,44.146,66.379,9.438,56.941,45.642,0.000,0.000,0.000,1.125,
17.11.2025,19:41:12.132,2.719,19.788,12.004,3.317,250.0,250.0,57.531,15.537,8.885,43.746,32.646,20.240,12.406,19.994,5.971,0.454,5.517,5.517,0.000,0.000,0.000,0.500,
17.11.2025,19:41:13.139,9.516,12.405,4.996,2.989,250.0,250.0,49.062,10.711,8.803,27.421,22.471,13.939,8.532,13.767,4.203,0.432,3.771,3.771,0.000,0.000,0.000,0.000,
Date,Time,"VR VCC 전류 (SVID IOUT) [A]","CPU 패키지 전력 소비 [W]","IA 코어 전력 소비 [W]","시스템 에이전트 전력 소비 [W]","PL1 전력 제한 (Static) [W]","PL2 전력 제한 (Static) [W]","GPU 전력 소비 [W]","GPU 라인 전력 소비 (avg) [W]","GPU PCIe +12V 입력 전력 소비 [W]","GPU 12VHPWR 전력 소비 [W]","GPU Unknown Rail (D6) 전력 소비 (sum) [W]","GPU Core (NVVDD) 입력 전력 소비 (sum) [W]","GPU Unknown Rail (D4) 전력 소비 (sum) [W]","GPU Misc0 입력 전력 소비 (sum) [W]","GPU Unknown Rail (D) 전력 소비 (sum) [W]","GPU Unknown Rail (10) 전력 소비 [W]","GPU Core (NVVDD) 출력 전력 소비 [W]","GPU Core (NVVDD) 출력 전력 소비 [W]","나머지 칩 전력 소비 [W]","PCH 전력 소비 [W]","총 전력 소비 [W]","총 전력 소비 [W]",
,,CPU [#0]: Intel Core Ultra 7 265KF: Enhanced,CPU [#0]: Intel Core Ultra 7 265KF: Enhanced,CPU [#0]: Intel Core Ultra 7 265KF: Enhanced,CPU [#0]: Intel Core Ultra 7 265KF: Enhanced,CPU [#0]: Intel Core Ultra 7 265KF: Enhanced,CPU [#0]: Intel Core Ultra 7 265KF: Enhanced,GPU [#1]: NVIDIA GeForce RTX 5090: GIGABYTE GeForce RTX 5090 GAMING OC 32G (GV-N5090GAMING OC-32GD),GPU [#1]: NVIDIA GeForce RTX 5090: GIGABYTE GeForce RTX 5090 GAMING OC 32G (GV-N5090GAMING OC-32GD),GPU [#1]: NVIDIA GeForce RTX 5090: GIGABYTE GeForce RTX 5090 GAMING OC 32G (GV-N5090GAMING OC-32GD),GPU [#1]: NVIDIA GeForce RTX 5090: GIGABYTE GeForce RTX 5090 GAMING OC 32G (GV-N5090GAMING OC-32GD),GPU [#1]: NVIDIA GeForce RTX 5090: GIGABYTE GeForce RTX 5090 GAMING OC 32G (GV-N5090GAMING OC-32GD),GPU [#1]: NVIDIA GeForce RTX 5090: GIGABYTE GeForce RTX 5090 GAMING OC 32G (GV-N5090GAMING OC-32GD),GPU [#1]: NVIDIA GeForce RTX 5090: GIGABYTE GeForce RTX 5090 GAMING OC 32G (GV-N5090GAMING OC-32GD),GPU [#1]: NVIDIA GeForce RTX 5090: GIGABYTE GeForce RTX 5090 GAMING OC 32G (GV-N5090GAMING OC-32GD),GPU [#1]: NVIDIA GeForce RTX 5090: GIGABYTE GeForce RTX 5090 GAMING OC 32G (GV-N5090GAMING OC-32GD),GPU [#1]: NVIDIA GeForce RTX 5090: GIGABYTE GeForce RTX 5090 GAMING OC 32G (GV-N5090GAMING OC-32GD),GPU [#1]: NVIDIA GeForce RTX 5090: GIGABYTE GeForce RTX 5090 GAMING OC 32G (GV-N5090GAMING OC-32GD),GPU [#1]: NVIDIA GeForce RTX 5090: GIGABYTE GeForce RTX 5090 GAMING OC 32G (GV-N5090GAMING OC-32GD),CPU [#0]: Intel Core Ultra 7 265KF: Enhanced,CPU [#0]: Intel Core Ultra 7 265KF: Enhanced,DDR5 DIMM [#1]: Micron CP32G64C40U5B.M8B1 (BANK 1/DIMMB2),DDR5 DIMM [#3]: Micron CP32G64C40U5B.M8B1 (BANK 0/DIMMA2),
