Date,Time,"VR VCC 전류 (SVID IOUT) [A]","CPU 패키지 전력 소비 [W]","IA 코어 전력 소비 [W]","시스템 에이전트 전력 소비 [W]","PL1 전력 제한 (Static) [W]","PL2 전력 제한 (Static) [W]","GPU 전력 소비 [W]","GPU 라인 전력 소비 (avg) [W]","GPU PCIe +12V 입력 전력 소비 [W]","GPU 12VHPWR 전력 소비 [W]","GPU Unknown Rail (D6) 전력 소비 (sum) [W]","GPU Core (NVVDD) 입력 전력 소비 (sum) [W]","GPU Unknown Rail (D4) 전력 소비 (sum) [W]","GPU Misc0 입력 전력 소비 (sum) [W]","GPU Unknown Rail (D) 전력 소비 (sum) [W]","GPU Unknown Rail (10) 전력 소비 [W]","GPU Core (NVVDD) 출력 전력 소비 [W]","GPU Core (NVVDD) 출력 전력 소비 [W]","PCH 전력 소비 [W]","나머지 칩 전력 소비 [W]","총 전력 소비 [W]","T3 [°C]","총 전력 소비 [W]",
12.11.2025,12:21:41.862,14.953,12.955,4.016,2.750,250.0,250.0,9.979,3.576,2.575,6.857,5.854,3.636,2.218,3.587,3.811,0.397,3.414,3.414,0.000,0.000,0.000,42.0,0.000,
12.11.2025,12:21:42.859,4.078,13.884,4.949,2.769,250.0,250.0,11.482,19.026,8.832,57.053,40.865,25.340,15.525,25.033,6.073,0.591,5.482,5.468,0.000,0.000,0.000,42.0,0.000,
12.11.2025,12:21:43.855,13.594,14.172,6.784,2.869,250.0,250.0,62.630,18.474,8.806,54.933,39.529,24.515,15.014,24.220,6.088,0.541,5.547,5.547,0.000,0.000,0.000,42.0,0.000,
12.11.2025,12:21:44.854,19.032,28.122,20.613,3.029,250.0,250.0,63.922,18.309,8.795,54.289,39.121,24.256,14.865,23.974,6.111,0.543,5.568,5.568,0.000,0.000,0.000,42.0,0.000,
12.11.2025,12:21:45.851,14.953,23.942,15.640,3.030,250.0,250.0,52.123,3.640,2.710,6.919,5.975,3.708,2.267,3.659,3.859,0.402,3.457,3.448,0.002,0.000,0.000,42.0,0.000,
12.11.2025,12:21:46.857,21.750,29.607,20.050,3.000,250.0,250.0,16.777,6.901,3.261,18.570,13.518,8.381,5.137,8.283,4.205,0.681,3.524,3.448,0.000,0.000,0.000,42.0,0.000,
12.11.2025,12:21:47.861,16.313,26.076,17.758,3.212,250.0,250.0,57.389,25.914,8.822,79.395,54.712,33.926,20.786,33.521,9.559,0.722,8.837,8.861,0.000,0.000,0.000,42.0,0.000,
12.11.2025,12:21:48.861,19.032,24.204,16.852,2.954,250.0,250.0,88.157,25.824,8.836,78.926,54.436,33.746,20.690,33.341,9.683,0.759,8.924,8.897,0.000,0.000,0.000,42.0,0.000,
12.11.2025,12:21:49.855,16.313,23.987,16.602,2.958,250.0,250.0,79.537,18.813,8.832,56.102,40.272,24.978,15.294,24.672,6.174,0.546,5.628,5.628,0.000,0.000,0.000,42.0,0.000,
12.11.2025,12:21:50.859,19.032,26.889,19.266,3.111,250.0,250.0,66.033,31.856,8.834,74.372,51.493,31.928,19.565,31.548,47.528,9.213,38.315,5.768,0.000,0.000,0.000,42.0,0.000,
12.11.2025,12:21:51.857,24.469,25.099,17.509,3.135,250.0,250.0,77.775,26.069,8.824,83.898,57.334,35.543,21.791,35.115,6.253,0.556,5.697,5.679,0.000,0.000,0.000,42.0,0.000,
12.11.2025,12:21:52.855,16.313,25.558,17.956,3.139,250.0,250.0,81.689,19.042,8.791,56.759,40.653,25.204,15.449,24.910,6.482,0.794,5.688,5.688,0.000,0.000,0.000,42.0,2.125,
12.11.2025,12:21:53.854,16.313,24.879,17.377,3.045,250.0,250.0,76.361,41.365,8.739,61.714,43.532,26.990,16.542,26.672,112.857,32.375,80.482,3.746,0.000,0.000,0.000,42.0,0.000,
12.11.2025,12:21:54.851,17.672,25.205,17.617,3.129,250.0,250.0,57.546,19.318,8.776,60.757,42.957,26.635,16.322,26.317,3.940,0.407,3.533,3.533,0.000,0.000,0.000,42.0,0.000,
12.11.2025,12:21:55.859,17.672,26.257,18.650,3.087,250.0,250.0,57.717,19.560,8.764,61.546,43.447,26.942,16.505,26.611,4.117,0.522,3.595,3.550,0.000,0.000,0.000,42.0,0.000,
12.11.2025,12:21:56.854,21.750,24.889,17.342,3.084,250.0,250.0,57.581,18.599,8.775,58.021,41.255,25.580,15.675,25.274,3.940,0.407,3.533,3.533,0.000,0.000,0.000,42.0,0.000,
12.11.2025,12:21:57.850,17.672,27.535,20.006,3.087,250.0,250.0,56.141,37.348,8.752,57.337,40.820,25.306,15.514,25.001,98.593,30.789,67.804,3.558,0.000,0.000,0.000,42.0,0.000,
12.11.2025,12:21:58.864,19.032,25.809,18.230,3.098,250.0,250.0,55.540,17.449,8.766,53.576,38.545,23.901,14.644,23.619,3.950,0.408,3.542,3.542,0.000,0.000,0.000,42.0,0.000,
12.11.2025,12:21:59.864,23.110,28.440,20.815,3.151,250.0,250.0,56.335,20.571,8.749,58.397,41.483,25.723,15.760,25.405,13.317,1.601,11.716,3.558,0.000,0.000,0.000,42.0,0.000,
12.11.2025,12:22:0.859,23.110,26.362,17.949,3.070,250.0,250.0,61.466,24.116,8.752,42.451,31.699,19.654,12.045,19.421,5.978,0.844,5.134,95.186,0.000,0.001,0.000,42.0,0.000,
12.11.2025,12:22:1.856,14.953,26.010,18.424,3.118,250.0,250.0,62.091,19.904,8.800,62.579,44.105,27.339,16.766,27.009,4.287,0.416,3.871,3.871,0.000,0.000,0.000,42.0,0.000,
12.11.2025,12:22:2.856,19.032,24.923,17.372,3.092,250.0,250.0,61.381,35.525,8.787,59.648,42.282,26.210,16.072,25.892,86.327,22.454,63.873,3.706,0.000,0.000,0.000,42.0,0.750,
12.11.2025,12:22:3.853,17.672,24.170,16.677,3.058,250.0,250.0,57.964,18.963,8.826,59.250,42.054,26.074,15.980,25.756,4.040,0.479,3.561,3.610,0.000,0.000,0.000,42.0,0.000,
12.11.2025,12:22:4.852,20.391,25.590,18.028,3.067,250.0,250.0,58.786,10.313,8.809,25.991,21.579,13.387,8.192,13.227,4.194,0.619,3.575,3.558,0.000,0.000,0.000,42.0,0.000,
12.11.2025,12:22:5.850,20.391,23.890,16.362,3.091,250.0,250.0,58.508,18.981,8.800,59.250,42.038,26.064,15.974,25.758,4.164,0.494,3.670,3.601,0.000,0.001,0.000,42.0,0.000,
12.11.2025,12:22:6.863,27.188,25.124,17.561,3.068,250.0,250.0,55.740,10.222,8.749,25.826,21.452,13.294,8.158,13.134,4.021,0.446,3.575,3.567,0.000,0.000,0.000,42.0,0.375,
12.11.2025,12:22:7.864,16.313,25.457,17.903,3.097,250.0,250.0,55.879,18.871,8.765,58.932,41.820,25.927,15.893,25.621,4.079,0.428,3.651,3.593,0.000,0.000,0.000,42.0,0.000,
12.11.2025,12:22:8.863,20.391,26.675,19.186,3.046,250.0,250.0,56.180,46.184,8.758,36.565,28.041,17.383,10.658,17.175,4.020,0.436,3.584,335.218,0.000,0.001,0.000,42.0,0.000,
12.11.2025,12:22:9.856,16.313,27.119,19.082,3.096,250.0,250.0,55.520,8.721,4.278,24.435,17.811,11.043,6.768,10.908,4.185,0.610,3.575,3.593,0.002,0.000,0.000,42.0,0.000,
12.11.2025,12:22:10.859,17.672,24.726,15.988,3.012,250.0,250.0,66.900,13.557,8.757,37.551,28.725,17.815,10.910,17.593,4.833,0.608,4.225,4.553,0.000,0.000,0.000,42.0,0.000,
12.11.2025,12:22:11.859,17.672,26.267,18.595,3.150,250.0,250.0,65.079,20.471,8.762,64.340,45.172,28.006,17.166,27.664,4.718,0.497,4.221,4.165,0.000,0.000,0.000,42.0,0.000,
12.11.2025,12:22:12.856,17.672,26.267,18.595,3.150,250.0,250.0,59.729,19.568,8.739,61.478,43.363,26.887,16.476,26.569,4.195,0.414,3.781,3.781,0.000,0.000,1.625,42.0,0.000,
12.11.2025,12:22:13.860,33.985,24.783,17.296,3.066,250.0,250.0,60.072,10.784,8.785,27.731,22.655,14.043,8.612,13.871,4.244,0.593,3.651,3.651,0.000,0.000,0.000,42.0,0.000,
12.11.2025,12:22:14.859,32.625,29.769,21.933,3.309,250.0,250.0,57.237,31.664,8.751,59.670,42.274,26.214,16.060,25.896,67.080,14.171,52.909,3.618,0.000,0.000,0.000,42.0,2.125,
12.11.2025,12:22:15.858,17.672,29.416,21.651,3.240,250.0,250.0,58.332,10.724,8.747,27.507,22.492,13.942,8.550,13.783,4.243,0.472,3.771,3.728,0.000,0.000,0.000,42.0,0.000,
12.11.2025,12:22:16.854,14.953,25.219,17.637,3.101,250.0,250.0,55.799,18.852,8.749,58.866,41.765,25.895,15.870,25.577,4.092,0.479,3.613,3.610,0.000,0.000,0.000,42.0,2.125,
12.11.2025,12:22:17.857,17.672,24.115,16.591,3.046,250.0,250.0,58.170,10.460,8.797,26.448,21.864,13.560,8.304,13.388,4.290,0.630,3.660,3.660,0.000,0.000,0.000,42.0,0.000,
12.11.2025,12:22:18.859,14.953,24.896,17.399,3.073,250.0,250.0,41.396,8.991,4.315,25.547,18.536,11.493,7.043,11.345,4.015,0.414,3.601,3.601,0.000,0.000,0.000,42.0,0.500,
12.11.2025,12:22:19.857,17.672,29.311,21.220,3.024,250.0,250.0,55.744,21.251,8.795,66.944,46.803,29.016,17.787,28.674,4.986,0.467,4.519,4.518,0.002,0.000,0.000,42.0,0.000,
12.11.2025,12:22:20.853,21.750,28.288,19.175,3.106,250.0,250.0,64.176,35.092,8.748,62.148,43.802,27.159,16.643,26.841,80.734,29.045,51.689,4.113,0.000,0.000,0.000,42.0,0.000,
12.11.2025,12:22:21.852,21.750,24.704,17.153,3.090,250.0,250.0,62.113,11.452,8.744,29.981,24.017,14.894,9.123,14.722,4.549,0.613,3.936,3.936,0.000,0.000,0.000,42.0,0.000,
12.11.2025,12:22:22.861,19.032,26.168,18.588,3.084,250.0,250.0,58.038,41.077,8.774,60.021,42.502,26.350,16.152,26.032,113.573,33.313,80.260,3.797,0.000,0.001,0.000,42.0,0.000,
12.11.2025,12:22:23.860,17.672,24.190,16.673,3.111,250.0,250.0,59.364,10.649,8.784,27.211,22.319,13.836,8.483,13.677,4.278,0.627,3.651,3.626,0.000,0.000,0.000,42.0,0.000,
12.11.2025,12:22:24.855,20.391,25.690,18.094,3.106,250.0,250.0,57.926,19.105,8.800,59.702,42.319,26.235,16.084,25.917,4.160,0.440,3.720,3.669,0.000,0.000,0.000,42.0,0.000,
12.11.2025,12:22:25.852,17.672,23.537,16.009,3.080,250.0,250.0,56.293,40.782,8.825,58.890,41.835,25.945,15.890,25.627,113.508,33.081,80.427,3.797,0.000,0.000,1.750,42.0,0.000,
12.11.2025,12:22:26.850,19.032,25.750,18.205,3.075,250.0,250.0,57.727,18.079,8.815,55.787,39.940,24.769,15.171,24.463,4.099,0.422,3.677,3.643,0.000,0.000,0.000,42.0,0.000,
12.11.2025,12:22:27.851,16.313,25.521,17.992,3.074,250.0,250.0,54.735,34.600,8.814,58.243,41.426,25.692,15.734,25.386,83.484,20.833,62.651,3.737,0.000,0.000,0.000,42.0,1.375,
12.11.2025,12:22:28.864,20.391,25.531,17.990,3.082,250.0,250.0,57.655,10.437,8.784,26.395,21.823,13.534,8.289,13.362,4.266,0.606,3.660,3.651,0.000,0.000,0.000,42.0,0.000,
12.11.2025,12:22:29.861,17.672,26.254,18.702,3.060,250.0,250.0,58.732,18.963,8.765,59.094,41.903,25.979,15.924,25.673,4.309,0.445,3.864,3.677,0.000,0.000,0.000,42.0,0.000,
12.11.2025,12:22:30.861,14.953,25.639,18.044,3.143,250.0,250.0,54.599,39.341,8.775,56.165,40.116,24.874,15.242,24.569,109.906,32.439,77.467,3.855,0.000,0.000,0.000,42.0,0.000,
12.11.2025,12:22:31.861,16.313,25.114,17.579,3.066,250.0,250.0,58.273,21.908,4.297,74.156,48.595,30.128,18.467,29.773,4.706,0.451,4.255,4.255,0.000,0.000,0.000,42.0,0.000,
12.11.2025,12:22:32.862,16.313,26.858,18.801,3.078,250.0,250.0,67.769,21.389,8.809,67.314,47.051,29.173,17.878,28.818,5.089,0.425,4.664,4.664,0.003,0.000,1.125,42.0,1.000,
12.11.2025,12:22:33.855,19.032,26.550,17.827,3.093,250.0,250.0,67.289,40.035,8.772,62.083,43.792,27.148,16.644,26.818,105.430,32.350,73.080,4.235,0.000,0.000,0.000,42.0,0.000,
12.11.2025,12:22:34.858,17.672,24.967,17.404,3.095,250.0,250.0,59.523,11.649,8.782,30.756,24.529,15.206,9.323,15.022,4.443,0.454,3.989,3.989,0.000,0.000,0.000,42.0,0.000,
12.11.2025,12:22:35.854,16.313,25.917,18.351,3.101,250.0,250.0,60.739,19.242,8.798,60.253,42.653,26.451,16.202,26.133,4.124,0.438,3.686,3.686,0.000,0.000,0.000,42.0,0.000,
12.11.2025,12:22:36.851,17.672,26.720,19.157,3.108,250.0,250.0,58.991,32.969,8.776,57.796,41.129,25.504,15.625,25.186,75.979,27.789,48.190,3.711,0.000,0.000,0.000,42.0,2.125,
12.11.2025,12:22:37.863,17.672,25.642,18.117,3.066,250.0,250.0,55.721,17.922,8.766,55.199,39.557,24.530,15.027,24.236,4.111,0.425,3.686,3.686,0.000,0.000,0.000,42.0,0.000,
12.11.2025,12:22:38.856,25.829,24.922,17.345,3.093,250.0,250.0,57.966,18.719,8.760,58.297,41.414,25.674,15.740,25.369,4.121,0.427,3.694,3.694,0.000,0.000,0.000,42.0,0.000,
12.11.2025,12:22:39.860,46.219,24.969,17.407,3.104,250.0,250.0,55.545,11.026,8.794,28.491,23.126,14.345,8.781,14.173,4.388,0.617,3.771,3.771,0.000,0.000,0.000,42.0,0.000,
12.11.2025,12:22:40.859,19.032,26.578,18.978,3.128,250.0,250.0,58.073,10.173,8.773,25.458,21.232,13.164,8.068,13.005,4.170,0.476,3.694,3.686,0.000,0.000,0.000,42.0,0.000,
12.11.2025,12:22:41.851,25.829,25.991,18.471,3.060,250.0,250.0,60.692,10.173,8.795,66.477,46.526,28.848,17.678,28.506,84.186,29.183,55.003,4.931,0.000,0.000,1.250,42.0,0.000,
12.11.2025,12:22:42.863,19.032,25.003,16.209,3.044,250.0,250.0,61.737,20.385,8.798,63.966,44.961,27.882,17.079,27.540,4.721,0.432,4.289,4.183,0.000,0.000,0.000,42.0,0.000,
12.11.2025,12:22:43.859,19.032,26.183,18.580,3.144,250.0,250.0,61.737,20.385,8.798,63.966,44.961,27.882,17.079,27.540,4.721,0.432,4.289,4.183,0.000,0.000,0.000,42.0,0.000,
12.11.2025,12:22:44.855,19.032,24.400,16.839,3.070,250.0,250.0,60.958,27.629,8.774,61.414,43.360,26.889,16.471,26.559,44.428,6.299,38.129,3.971,0.000,0.000,0.000,42.0,0.000,
12.11.2025,12:22:45.853,16.313,24.127,16.591,3.070,250.0,250.0,60.900,11.516,8.758,30.602,24.407,15.133,9.274,14.961,4.158,0.430,3.728,3.711,0.000,0.000,0.000,42.0,0.000,
12.11.2025,12:22:46.851,19.032,26.667,19.085,3.134,250.0,250.0,53.647,9.042,4.302,25.619,18.560,11.510,7.050,11.375,4.140,0.429,3.711,3.720,0.002,0.000,0.000,42.0,0.000,
12.11.2025,12:22:47.850,17.672,25.578,17.230,3.038,250.0,250.0,61.598,20.650,8.808,64.620,45.375,28.130,17.245,27.787,5.075,0.479,4.596,4.386,0.000,0.000,0.000,42.0,0.125,
12.11.2025,12:22:48.861,19.032,23.862,16.407,3.032,250.0,250.0,58.709,19.930,8.837,62.358,43.974,27.273,16.701,26.943,4.585,0.500,4.085,4.039,0.000,0.000,0.000,42.0,0.000,
12.11.2025,12:22:49.854,19.032,24.108,16.543,3.028,250.0,250.0,56.027,41.386,8.798,60.636,42.881,26.595,16.286,26.277,114.281,33.761,80.520,3.822,0.000,0.000,0.000,42.0,0.000,
12.11.2025,12:22:50.856,17.672,26.590,19.090,3.081,250.0,250.0,56.149,15.342,8.792,45.125,33.350,20.682,12.668,20.437,4.283,0.480,3.803,3.797,0.000,0.000,1.125,42.0,0.000,
12.11.2025,12:22:51.856,23.110,27.163,19.087,3.036,250.0,250.0,54.560,13.062,8.302,36.176,27.595,17.107,10.488,16.898,4.893,0.620,4.273,4.273,0.002,0.000,0.000,42.0,0.000,
12.11.2025,12:22:52.852,17.672,26.583,18.763,3.046,250.0,250.0,60.672,12.679,8.743,34.361,26.734,16.578,10.156,16.382,4.774,0.480,4.294,4.290,0.000,0.000,0.000,42.0,0.000,
12.11.2025,12:22:53.856,14.953,24.514,17.026,3.034,250.0,250.0,60.088,19.961,8.760,62.800,44.210,27.407,16.803,27.077,4.346,0.482,3.864,3.860,0.000,0.000,0.000,42.0,0.000,
12.11.2025,12:22:54.853,19.032,25.349,17.858,3.035,250.0,250.0,58.962,19.335,8.773,60.517,42.802,26.542,16.260,26.211,4.257,0.526,3.731,3.728,0.000,0.000,0.000,42.0,0.000,
12.11.2025,12:22:55.855,25.829,25.010,16.749,2.979,250.0,250.0,62.442,12.937,8.763,35.054,27.170,16.849,10.321,16.653,5.013,0.482,4.531,4.530,0.000,0.000,0.000,42.0,0.000,
12.11.2025,12:22:56.852,19.032,25.926,18.420,3.052,250.0,250.0,58.312,12.129,8.755,32.403,25.519,15.822,9.697,15.638,4.635,0.448,4.187,4.187,0.000,0.000,0.000,42.0,0.000,
12.11.2025,12:22:57.851,13.594,24.931,17.449,3.009,250.0,250.0,58.073,14.703,8.781,42.669,31.850,19.745,12.105,19.512,4.271,0.441,3.830,3.830,0.000,0.000,0.000,42.0,0.000,
12.11.2025,12:22:58.863,20.391,25.166,17.440,3.025,250.0,250.0,57.369,21.230,4.275,43.995,29.932,18.563,11.369,18.330,8.363,1.363,7.000,69.110,0.003,0.000,0.000,42.0,0.000,
12.11.2025,12:22:59.857,16.313,25.662,17.651,2.997,250.0,250.0,63.390,12.781,8.779,34.469,26.835,16.641,10.194,16.432,4.968,0.446,4.522,4.522,0.000,0.000,1.000,42.0,0.000,
12.11.2025,12:23:0.852,23.110,27.705,20.142,3.059,250.0,250.0,59.729,41.833,8.758,62.610,44.093,27.333,16.760,27.003,113.855,33.184,80.671,4.066,0.000,0.000,0.000,42.0,0.000,
12.11.2025,12:23:1.850,21.750,26.960,19.393,3.077,250.0,250.0,57.606,41.326,8.774,60.394,42.725,26.499,16.226,26.181,114.279,33.527,80.752,3.898,0.000,0.000,0.000,42.0,0.000,
12.11.2025,12:23:2.865,14.953,25.511,17.945,3.103,250.0,250.0,60.039,9.331,4.290,26.560,19.132,11.870,7.262,11.722,4.355,0.588,3.767,3.762,0.000,0.000,2.375,42.0,0.000,
12.11.2025,12:23:3.863,17.672,25.832,17.555,2.996,250.0,250.0,65.347,12.627,8.753,33.846,26.416,16.387,10.029,16.191,5.131,0.656,4.475,4.386,0.000,0.000,0.000,42.0,0.000,
12.11.2025,12:23:4.861,19.032,25.880,18.415,3.032,250.0,250.0,62.354,11.930,8.769,31.609,25.051,15.534,9.517,15.338,4.720,0.621,4.099,4.039,0.000,0.000,0.000,42.0,0.000,
12.11.2025,12:23:5.864,20.391,25.749,18.243,3.030,250.0,250.0,58.864,11.311,8.795,29.415,23.702,14.700,9.002,14.516,4.602,0.666,3.936,3.771,0.000,0.000,0.000,42.0,0.000,
12.11.2025,12:23:6.862,19.032,24.867,17.466,2.952,250.0,250.0,55.526,10.863,8.772,27.892,22.752,14.104,8.648,13.932,4.381,0.610,3.771,3.771,0.003,0.000,0.000,42.0,0.000,
12.11.2025,12:23:7.861,14.953,25.224,16.973,2.979,250.0,250.0,63.325,42.670,8.782,65.414,45.853,28.436,17.417,28.094,114.074,33.027,81.047,4.556,0.000,0.000,0.375,42.0,0.000,
12.11.2025,12:23:8.861,20.391,24.531,17.024,3.015,250.0,250.0,61.231,11.830,8.768,31.240,24.817,15.386,9.431,15.202,4.635,0.448,4.187,4.187,0.000,0.000,0.000,42.0,0.000,
12.11.2025,12:23:9.856,9.516,25.603,18.135,3.021,250.0,250.0,59.634,11.725,8.757,31.027,24.673,15.302,9.371,15.118,4.487,0.461,4.026,4.026,0.000,0.000,0.000,42.0,0.000,
12.11.2025,12:23:10.857,20.391,25.519,17.923,3.091,250.0,250.0,57.541,19.647,8.761,61.730,43.544,26.999,16.545,26.669,4.227,0.456,3.771,3.771,0.000,0.000,0.000,42.0,0.000,
12.11.2025,12:23:11.850,19.032,26.534,17.846,2.999,250.0,250.0,62.336,19.303,8.789,59.339,42.148,26.134,16.014,25.816,5.074,0.437,4.637,4.637,0.000,0.000,0.000,42.0,0.000,
12.11.2025,12:23:12.864,19.032,26.940,18.995,3.077,250.0,250.0,63.648,37.929,8.795,64.984,45.595,28.264,17.331,27.922,90.937,24.782,66.155,4.521,0.000,0.000,0.000,42.0,0.000,
12.11.2025,12:23:13.857,19.032,25.089,17.496,3.094,250.0,250.0,59.706,22.309,8.795,62.432,44.013,27.296,16.717,26.966,16.363,1.781,14.582,4.142,0.000,0.000,0.000,42.0,0.375,
12.11.2025,12:23:14.853,25.829,30.013,22.364,3.201,250.0,250.0,58.751,16.050,8.775,43.968,32.620,20.226,12.394,19.981,8.845,1.965,6.880,4.845,0.000,0.000,0.000,42.0,0.000,
12.11.2025,12:23:15.852,17.672,29.373,21.429,3.390,250.0,250.0,55.273,10.843,8.770,27.709,22.635,14.038,8.597,13.866,4.493,0.663,3.830,3.830,0.000,0.000,0.500,42.0,0.000,
12.11.2025,12:23:16.865,17.672,26.711,18.494,3.045,250.0,250.0,63.273,24.034,8.755,36.883,28.307,17.549,10.758,17.341,4.907,0.598,4.309,110.929,0.002,0.000,0.000,42.0,0.000,
12.11.2025,12:23:17.850,21.750,24.359,16.721,3.075,250.0,250.0,63.218,12.342,8.771,33.126,25.981,16.117,9.864,15.920,4.746,0.437,4.309,4.151,0.000,0.000,0.000,42.0,0.000,
12.11.2025,12:23:18.862,31.266,27.311,19.679,3.127,250.0,250.0,60.745,11.588,8.768,30.548,24.389,15.129,9.260,14.945,4.452,0.437,4.015,3.938,0.000,0.000,0.000,42.0,0.000,
12.11.2025,12:23:19.860,25.829,26.542,19.038,3.095,250.0,250.0,56.784,19.770,8.785,62.131,43.796,27.155,16.641,26.825,4.273,0.443,3.830,3.822,0.000,0.000,0.000,42.0,0.000,
12.11.2025,12:23:20.861,17.672,25.917,18.294,3.145,250.0,250.0,55.409,19.423,8.784,60.753,42.965,26.642,16.323,26.312,4.309,0.445,3.864,3.830,0.000,0.000,0.000,42.0,0.000,
12.11.2025,12:23:21.858,17.672,26.459,17.706,3.040,250.0,250.0,58.983,9.445,4.179,26.769,19.192,11.899,7.293,11.764,4.597,0.437,4.160,4.160,0.002,0.000,0.000,42.0,0.000,
12.11.2025,12:23:22.856,19.032,25.753,17.272,3.116,250.0,250.0,65.696,21.128,8.766,66.337,46.405,28.777,17.628,28.434,5.193,0.446,4.747,4.548,0.000,0.000,0.000,42.0,0.250,
12.11.2025,12:23:23.858,24.469,24.237,16.693,3.071,250.0,250.0,61.380,20.169,8.769,63.202,44.466,27.574,16.892,27.232,4.679,0.448,4.231,4.195,0.000,0.000,0.000,42.0,0.000,
12.11.2025,12:23:24.854,23.110,24.354,16.795,3.100,250.0,250.0,59.619,19.898,8.760,62.399,43.973,27.265,16.708,26.947,4.472,0.448,4.024,3.981,0.000,0.000,0.000,42.0,0.000,
12.11.2025,12:23:25.855,25.829,26.346,18.819,3.063,250.0,250.0,57.329,19.672,8.785,61.630,43.497,26.968,16.529,26.638,4.407,0.466,3.941,3.864,0.000,0.000,0.000,42.0,0.000,
12.11.2025,12:23:26.851,17.672,28.381,20.811,3.108,250.0,250.0,54.175,37.360,8.761,59.596,42.223,26.184,16.039,25.866,95.455,30.412,65.043,4.026,0.000,0.000,0.000,42.0,0.375,
12.11.2025,12:23:27.853,12.235,24.540,16.984,3.076,250.0,250.0,55.999,19.127,8.759,59.627,42.237,26.191,16.046,25.873,4.351,0.510,3.841,3.838,0.000,0.000,0.000,42.0,0.125,
12.11.2025,12:23:28.851,21.750,27.204,19.668,3.104,250.0,250.0,58.810,10.658,8.757,26.972,22.163,13.740,8.423,13.580,4.467,0.459,4.008,4.008,0.000,0.000,0.000,42.0,0.000,
12.11.2025,12:23:29.855,25.829,24.715,17.099,3.103,250.0,250.0,56.676,33.253,8.796,61.128,43.180,26.778,16.402,26.460,72.973,16.445,56.528,3.838,0.000,0.000,0.375,42.0,0.000,
12.11.2025,12:23:30.862,25.829,27.893,19.527,3.072,250.0,250.0,62.531,12.273,8.716,32.561,25.606,15.884,9.722,15.687,5.013,0.483,4.530,4.530,0.000,0.000,0.000,42.0,0.000,
12.11.2025,12:23:31.861,14.953,26.030,18.447,3.126,250.0,250.0,62.280,20.088,8.761,63.012,44.328,27.490,16.838,27.160,4.580,0.446,4.134,4.134,0.000,0.000,0.000,42.0,0.000,
12.11.2025,12:23:32.856,20.391,28.935,21.331,3.123,250.0,250.0,61.765,11.207,8.757,29.112,23.493,14.565,8.928,14.393,4.464,0.566,3.898,3.898,0.000,0.001,1.500,42.0,0.000,
12.11.2025,12:23:33.862,17.672,25.259,17.620,3.163,250.0,250.0,58.257,41.441,8.787,61.242,43.254,26.818,16.436,26.500,113.745,33.155,80.590,3.881,0.000,0.000,0.000,42.0,0.000,
12.11.2025,12:23:34.857,17.672,25.828,18.291,3.125,250.0,250.0,60.182,11.421,8.795,29.726,23.889,14.812,9.077,14.640,4.659,0.709,3.950,3.950,0.000,0.000,0.000,42.0,0.000,
12.11.2025,12:23:35.855,19.032,24.425,16.777,3.130,250.0,250.0,57.413,19.438,8.811,60.782,42.990,26.650,16.340,26.332,4.309,0.454,3.855,3.855,0.000,0.000,0.000,42.0,0.000,
12.11.2025,12:23:36.854,17.672,25.403,17.852,3.087,250.0,250.0,57.331,19.275,8.799,60.145,42.580,26.401,16.179,26.083,4.347,0.449,3.898,3.873,0.000,0.000,0.000,42.0,2.000,
12.11.2025,12:23:37.854,17.672,25.060,16.727,3.052,250.0,250.0,63.065,21.484,8.745,67.458,47.089,29.195,17.894,28.852,5.423,0.464,4.959,4.766,0.000,0.000,0.000,42.0,0.000,
12.11.2025,12:23:38.851,23.110,23.486,15.958,3.071,250.0,250.0,66.639,27.005,8.760,54.837,39.315,24.372,14.943,24.078,49.691,18.615,31.076,4.362,0.000,0.000,1.250,42.0,0.000,
12.11.2025,12:23:39.863,19.032,28.284,20.631,3.180,250.0,250.0,61.494,20.195,8.797,63.349,44.563,27.638,16.925,27.307,4.664,0.508,4.156,4.041,0.000,0.000,0.000,42.0,0.000,
12.11.2025,12:23:40.858,21.750,24.699,17.111,3.111,250.0,250.0,58.786,39.801,8.812,59.458,42.167,26.146,16.021,25.840,107.709,32.880,74.829,4.144,0.000,0.000,1.125,42.0,0.000,
12.11.2025,12:23:41.858,23.110,27.497,19.913,3.112,250.0,250.0,54.426,10.863,8.783,27.865,22.732,14.099,8.633,13.927,4.362,0.481,3.881,3.864,0.000,0.000,1.625,42.0,0.000,
12.11.2025,12:23:42.856,10.875,25.887,17.057,3.066,250.0,250.0,62.764,14.516,8.836,40.212,30.430,18.874,11.556,18.641,5.719,0.456,5.263,5.176,0.000,0.000,2.250,42.0,0.000,
12.11.2025,12:23:43.854,19.032,23.319,15.817,3.051,250.0,250.0,63.931,12.763,8.767,34.349,26.743,16.576,10.167,16.379,5.058,0.448,4.610,4.530,0.000,0.000,2.000,42.0,0.000,
12.11.2025,12:23:44.859,13.594,25.189,17.681,3.025,250.0,250.0,60.527,20.464,8.824,64.197,45.120,27.975,17.145,27.633,4.778,0.551,4.227,4.187,0.000,0.000,0.000,42.0,0.000,
12.11.2025,12:23:45.862,16.313,25.809,18.275,3.053,250.0,250.0,58.343,36.885,8.786,60.995,43.097,26.726,16.371,26.409,91.277,24.889,66.388,3.906,0.000,0.000,0.000,42.0,0.000,
12.11.2025,12:23:46.861,17.672,25.250,17.792,3.030,250.0,250.0,58.546,41.279,8.774,60.025,42.503,26.351,16.152,26.033,114.521,33.793,80.728,3.906,0.000,0.000,0.000,42.0,0.000,
12.11.2025,12:23:47.857,16.313,26.794,18.483,3.001,250.0,250.0,62.385,21.550,8.772,67.672,47.242,29.292,17.950,28.938,5.386,0.526,4.860,4.857,0.000,0.001,0.000,42.0,0.000,
12.11.2025,12:23:48.857,16.313,24.279,16.761,3.053,250.0,250.0,62.262,20.548,8.810,64.250,45.145,27.992,17.153,27.649,5.039,0.560,4.479,4.405,0.000,0.000,0.000,42.0,0.000,
12.11.2025,12:23:49.851,17.672,25.998,18.399,3.134,250.0,250.0,60.312,12.016,8.781,32.041,25.325,15.708,9.617,15.512,4.556,0.489,4.067,4.067,0.000,0.000,0.000,42.0,0.000,
12.11.2025,12:23:50.854,2.719,24.861,16.024,3.330,250.0,250.0,35.960,9.318,4.192,26.509,19.050,11.811,7.239,11.663,4.433,0.511,3.922,3.855,0.002,0.000,0.000,42.0,0.000,
12.11.2025,12:23:51.865,2.719,18.201,8.675,2.907,250.0,250.0,26.333,3.973,2.648,7.768,6.467,4.003,2.464,3.954,4.292,0.445,3.847,3.838,0.000,0.000,0.000,42.0,0.000,
12.11.2025,12:23:52.857,14.953,12.996,3.935,2.759,250.0,250.0,12.208,3.752,2.464,7.124,5.944,3.692,2.252,3.643,4.283,0.445,3.838,3.830,0.000,0.000,0.000,42.0,0.000,
Date,Time,"VR VCC 전류 (SVID IOUT) [A]","CPU 패키지 전력 소비 [W]","IA 코어 전력 소비 [W]","시스템 에이전트 전력 소비 [W]","PL1 전력 제한 (Static) [W]","PL2 전력 제한 (Static) [W]","GPU 전력 소비 [W]","GPU 라인 전력 소비 (avg) [W]","GPU PCIe +12V 입력 전력 소비 [W]","GPU 12VHPWR 전력 소비 [W]","GPU Unknown Rail (D6) 전력 소비 (sum) [W]","GPU Core (NVVDD) 입력 전력 소비 (sum) [W]","GPU Unknown Rail (D4) 전력 소비 (sum) [W]","GPU Misc0 입력 전력 소비 (sum) [W]","GPU Unknown Rail (D) 전력 소비 (sum) [W]","GPU Unknown Rail (10) 전력 소비 [W]","GPU Core (NVVDD) 출력 전력 소비 [W]","GPU Core (NVVDD) 출력 전력 소비 [W]","PCH 전력 소비 [W]","나머지 칩 전력 소비 [W]","총 전력 소비 [W]","T3 [°C]","총 전력 소비 [W]",
,,CPU [#0]: Intel Core Ultra 7 265KF: Enhanced,CPU [#0]: Intel Core Ultra 7 265KF: Enhanced,CPU [#0]: Intel Core Ultra 7 265KF: Enhanced,CPU [#0]: Intel Core Ultra 7 265KF: Enhanced,CPU [#0]: Intel Core Ultra 7 265KF: Enhanced,CPU [#0]: Intel Core Ultra 7 265KF: Enhanced,GPU [#1]: NVIDIA GeForce RTX 5090: GIGABYTE GeForce RTX 5090 GAMING OC 32G (GV-N5090GAMING OC-32GD),GPU [#1]: NVIDIA GeForce RTX 5090: GIGABYTE GeForce RTX 5090 GAMING OC 32G (GV-N5090GAMING OC-32GD),GPU [#1]: NVIDIA GeForce RTX 5090: GIGABYTE GeForce RTX 5090 GAMING OC 32G (GV-N5090GAMING OC-32GD),GPU [#1]: NVIDIA GeForce RTX 5090: GIGABYTE GeForce RTX 5090 GAMING OC 32G (GV-N5090GAMING OC-32GD),GPU [#1]: NVIDIA GeForce RTX 5090: GIGABYTE GeForce RTX 5090 GAMING OC 32G (GV-N5090GAMING OC-32GD),GPU [#1]: NVIDIA GeForce RTX 5090: GIGABYTE GeForce RTX 5090 GAMING OC 32G (GV-N5090GAMING OC-32GD),GPU [#1]: NVIDIA GeForce RTX 5090: GIGABYTE GeForce RTX 5090 GAMING OC 32G (GV-N5090GAMING OC-32GD),GPU [#1]: NVIDIA GeForce RTX 5090: GIGABYTE GeForce RTX 5090 GAMING OC 32G (GV-N5090GAMING OC-32GD),GPU [#1]: NVIDIA GeForce RTX 5090: GIGABYTE GeForce RTX 5090 GAMING OC 32G (GV-N5090GAMING OC-32GD),GPU [#1]: NVIDIA GeForce RTX 5090: GIGABYTE GeForce RTX 5090 GAMING OC 32G (GV-N5090GAMING OC-32GD),GPU [#1]: NVIDIA GeForce RTX 5090: GIGABYTE GeForce RTX 5090 GAMING OC 32G (GV-N5090GAMING OC-32GD),GPU [#1]: NVIDIA GeForce RTX 5090: GIGABYTE GeForce RTX 5090 GAMING OC 32G (GV-N5090GAMING OC-32GD),CPU [#0]: Intel Core Ultra 7 265KF: Enhanced,CPU [#0]: Intel Core Ultra 7 265KF: Enhanced,DDR5 DIMM [#3]: Micron CP32G64C40U5B.M8B1 (BANK 0/DIMMA2),NUC126,DDR5 DIMM [#1]: Micron CP32G64C40U5B.M8B1 (BANK 1/DIMMB2),
