Date,Time,"VR VCC 전류 (SVID IOUT) [A]","CPU 패키지 전력 소비 [W]","IA 코어 전력 소비 [W]","시스템 에이전트 전력 소비 [W]","PL1 전력 제한 (Static) [W]","PL2 전력 제한 (Static) [W]","GPU 전력 소비 [W]","GPU 라인 전력 소비 (avg) [W]","GPU PCIe +12V 입력 전력 소비 [W]","GPU 12VHPWR 전력 소비 [W]","GPU Unknown Rail (D6) 전력 소비 (sum) [W]","GPU Core (NVVDD) 입력 전력 소비 (sum) [W]","GPU Unknown Rail (D4) 전력 소비 (sum) [W]","GPU Misc0 입력 전력 소비 (sum) [W]","GPU Unknown Rail (D) 전력 소비 (sum) [W]","GPU Unknown Rail (10) 전력 소비 [W]","GPU Core (NVVDD) 출력 전력 소비 [W]","GPU Core (NVVDD) 출력 전력 소비 [W]","나머지 칩 전력 소비 [W]","PCH 전력 소비 [W]","총 전력 소비 [W]",
17.11.2025,19:7:22.104,13.594,17.888,8.742,2.880,250.0,250.0,10.890,3.807,2.778,6.968,6.050,3.755,2.295,3.706,4.323,0.450,3.873,3.873,0.000,0.000,0.000,
17.11.2025,19:7:23.105,8.156,16.530,7.471,2.845,250.0,250.0,11.079,6.533,3.219,16.083,11.977,7.424,4.553,7.338,5.429,0.995,4.434,3.873,0.000,0.000,0.000,
17.11.2025,19:7:24.113,19.032,12.415,3.483,2.775,250.0,250.0,16.428,3.862,3.024,6.931,6.186,3.829,2.357,3.780,4.323,0.450,3.873,3.864,0.000,0.000,0.000,
17.11.2025,19:7:25.104,21.750,33.431,24.089,3.093,250.0,250.0,14.027,4.060,3.072,7.642,6.649,4.122,2.527,4.073,4.323,0.450,3.873,3.873,0.000,0.000,0.000,
17.11.2025,19:7:26.111,25.829,31.090,22.035,3.175,250.0,250.0,21.446,22.302,8.875,68.695,48.111,29.830,18.281,29.475,6.726,0.596,6.130,6.299,0.000,0.000,0.000,
17.11.2025,19:7:27.115,21.750,24.005,16.656,2.948,250.0,250.0,71.649,18.994,8.850,55.964,40.197,24.922,15.275,24.628,6.909,0.610,6.299,6.289,0.000,0.000,0.000,
17.11.2025,19:7:28.118,65.251,27.933,20.370,3.140,250.0,250.0,70.339,22.928,8.857,70.881,49.327,30.587,18.740,30.220,7.144,0.757,6.387,6.380,0.000,0.000,0.000,
17.11.2025,19:7:29.126,21.750,27.667,20.069,3.122,250.0,250.0,75.341,19.218,8.839,56.737,40.681,25.220,15.461,24.914,6.994,0.634,6.360,6.340,0.000,0.000,0.000,
17.11.2025,19:7:30.130,23.110,26.040,18.480,3.096,250.0,250.0,76.223,23.298,8.932,72.313,50.250,31.157,19.093,30.791,7.031,0.621,6.410,6.380,0.001,0.000,0.000,
17.11.2025,19:7:31.123,20.391,26.280,18.686,3.117,250.0,250.0,77.981,33.595,8.894,72.112,50.121,31.075,19.046,30.696,58.692,13.805,44.887,6.621,0.000,0.000,0.000,
17.11.2025,19:7:32.131,24.469,27.943,20.284,3.165,250.0,250.0,77.221,23.392,8.934,72.667,50.484,31.312,19.172,30.933,7.010,0.620,6.390,6.400,0.000,0.000,0.000,
17.11.2025,19:7:33.119,23.110,28.029,20.367,3.190,250.0,250.0,69.398,12.651,8.887,34.167,26.715,16.559,10.156,16.362,4.771,0.591,4.180,4.119,0.000,0.000,0.000,
17.11.2025,19:7:34.128,21.750,28.353,20.568,3.228,250.0,250.0,51.937,11.098,8.859,28.452,23.138,14.351,8.787,14.180,4.625,0.651,3.974,3.966,0.000,0.002,0.000,
17.11.2025,19:7:35.122,25.829,27.463,17.584,3.212,250.0,250.0,52.144,19.549,4.377,38.945,26.852,16.655,10.197,16.459,16.269,3.357,12.912,49.468,0.000,0.000,0.000,
17.11.2025,19:7:36.130,23.110,28.788,18.993,3.152,250.0,250.0,48.639,22.026,3.950,54.057,35.952,22.289,13.663,22.020,32.017,5.244,26.773,4.291,0.000,0.000,0.000,
17.11.2025,19:7:37.133,23.110,29.413,19.787,3.117,250.0,250.0,42.448,5.101,3.121,10.942,8.728,5.413,3.315,5.352,4.941,0.684,4.257,4.257,0.000,0.000,0.000,0.375,
17.11.2025,19:7:38.127,20.391,29.697,20.107,3.150,250.0,250.0,45.218,4.734,3.280,9.617,7.999,4.969,3.030,4.908,4.683,0.563,4.120,4.170,0.000,0.000,0.000,0.000,
17.11.2025,19:7:39.118,24.469,28.419,18.693,3.184,250.0,250.0,49.848,11.251,4.365,33.090,23.228,14.410,8.818,14.238,5.007,0.611,4.396,4.344,0.000,0.000,0.000,0.000,
17.11.2025,19:7:40.130,14.953,32.283,22.422,3.177,250.0,250.0,49.294,5.662,3.463,12.719,10.051,6.235,3.816,6.149,4.924,0.589,4.335,4.335,0.000,0.000,2.125,0.000,
17.11.2025,19:7:41.120,23.110,29.730,19.906,3.207,250.0,250.0,44.687,21.435,4.183,43.857,29.799,18.480,11.319,18.247,31.466,6.341,25.125,25.527,0.000,0.000,0.000,0.000,
17.11.2025,19:7:42.129,28.547,27.975,18.223,3.185,250.0,250.0,45.801,25.094,3.950,39.612,27.013,16.750,10.263,16.554,44.578,7.961,36.617,47.638,0.000,0.005,0.000,0.000,
17.11.2025,19:7:43.121,23.110,29.481,19.770,3.127,250.0,250.0,42.764,32.761,3.852,53.361,35.453,21.985,13.468,21.728,86.777,17.393,69.384,4.205,0.000,0.000,0.000,0.000,
17.11.2025,19:7:44.130,19.032,28.837,19.127,3.169,250.0,250.0,45.162,33.450,4.047,57.586,38.195,23.686,14.509,23.404,84.356,16.843,67.513,4.362,0.000,0.000,0.000,0.000,
17.11.2025,19:7:45.123,23.110,29.220,19.348,3.204,250.0,250.0,46.903,25.982,4.377,62.946,41.736,25.875,15.861,25.569,39.620,6.469,33.151,4.214,0.000,0.000,0.000,0.000,
17.11.2025,19:7:46.127,23.110,28.643,18.887,3.204,250.0,250.0,48.327,4.754,3.243,9.310,7.792,4.835,2.957,4.774,5.100,0.670,4.430,4.430,0.000,0.000,0.500,0.000,
17.11.2025,19:7:47.120,17.672,31.628,21.729,3.220,250.0,250.0,44.533,29.184,4.229,46.818,31.649,19.624,12.025,19.391,40.673,8.217,32.456,76.756,0.000,0.001,0.000,0.000,
17.11.2025,19:7:48.129,23.110,27.919,18.231,3.194,250.0,250.0,48.750,32.671,4.226,65.558,43.246,26.817,16.429,26.499,68.816,14.977,53.839,6.299,0.000,0.000,0.375,0.000,
17.11.2025,19:7:49.120,20.391,32.395,22.469,3.265,250.0,250.0,46.227,35.667,4.119,68.237,44.843,27.800,17.043,27.470,81.500,16.450,65.050,4.154,0.000,0.000,0.000,0.000,
17.11.2025,19:7:50.116,28.547,30.220,20.414,3.233,250.0,250.0,48.596,34.245,4.069,57.395,38.086,23.618,14.468,23.336,88.553,17.724,70.829,4.370,0.000,0.000,0.000,0.000,
17.11.2025,19:7:51.119,25.829,31.201,21.238,3.290,250.0,250.0,48.531,36.320,4.351,66.992,44.222,27.431,16.791,27.100,85.996,17.510,68.486,4.326,0.000,0.000,0.000,1.000,
17.11.2025,19:7:52.126,20.391,31.359,21.468,3.243,250.0,250.0,54.229,7.505,3.682,19.451,14.351,8.905,5.446,8.795,5.031,0.502,4.529,4.362,0.000,0.000,0.000,0.000,
17.11.2025,19:7:53.117,23.110,30.471,20.617,3.226,250.0,250.0,38.389,18.515,4.376,44.511,30.316,18.793,11.523,18.572,19.914,3.749,16.165,17.235,0.000,0.000,0.000,0.500,
17.11.2025,19:7:54.136,6.797,28.090,18.491,3.100,250.0,250.0,46.116,6.955,3.768,17.538,13.221,8.193,5.028,8.095,4.750,0.467,4.283,4.205,0.000,0.000,0.000,0.000,
17.11.2025,19:7:55.133,23.110,27.845,18.305,3.100,250.0,250.0,37.821,16.004,3.889,50.096,33.451,20.745,12.706,20.500,7.141,0.951,6.190,4.370,0.000,0.000,0.375,0.000,
17.11.2025,19:7:56.141,23.110,27.248,17.532,3.123,250.0,250.0,44.923,15.399,3.875,49.417,33.028,20.483,12.545,20.226,5.091,0.592,4.499,4.239,0.000,0.000,0.000,0.000,
17.11.2025,19:7:57.136,28.547,25.996,16.268,3.178,250.0,250.0,45.169,17.764,4.205,58.221,38.697,23.992,14.705,23.698,4.852,0.473,4.379,4.415,0.000,0.000,0.000,0.000,
17.11.2025,19:7:58.142,28.547,34.586,24.570,3.411,250.0,250.0,53.509,13.354,5.051,39.478,27.612,17.129,10.483,16.921,5.224,0.667,4.557,6.420,0.000,0.000,2.000,0.000,
17.11.2025,19:7:59.134,27.188,35.620,27.480,3.544,250.0,250.0,74.975,19.538,8.893,57.646,41.273,25.590,15.683,25.283,7.273,0.769,6.504,6.470,0.000,0.000,0.000,0.000,
17.11.2025,19:8:0.138,24.469,31.483,23.677,3.316,250.0,250.0,77.278,28.788,8.925,72.123,50.161,31.104,19.057,30.725,34.622,9.532,25.090,6.540,0.000,0.000,0.000,0.000,
17.11.2025,19:8:1.146,21.750,30.609,22.510,3.517,250.0,250.0,77.040,28.659,8.937,73.726,51.150,31.720,19.430,31.329,31.870,4.852,27.018,6.560,0.000,0.000,0.000,0.000,
17.11.2025,19:8:2.139,25.829,33.471,25.293,3.599,250.0,250.0,63.896,15.380,8.831,44.787,33.152,20.558,12.594,20.302,4.752,0.511,4.241,4.068,0.000,0.000,0.000,0.000,
17.11.2025,19:8:3.132,33.985,28.712,20.100,3.190,250.0,250.0,48.622,18.062,3.855,36.610,25.087,15.560,9.527,15.376,35.254,7.065,28.189,4.096,0.000,0.002,0.000,0.000,
17.11.2025,19:8:4.141,29.907,28.662,18.911,3.176,250.0,250.0,47.238,5.247,3.390,11.309,9.127,5.655,3.472,5.582,4.874,0.688,4.186,4.186,0.000,0.000,0.000,2.250,
17.11.2025,19:8:5.135,25.829,28.021,18.172,3.210,250.0,250.0,45.380,20.152,3.584,26.382,18.588,11.526,7.062,11.379,37.095,6.695,30.400,48.806,0.000,0.000,0.875,0.000,
17.11.2025,19:8:6.141,27.188,29.901,20.193,3.157,250.0,250.0,45.642,25.916,3.619,36.743,25.029,15.525,9.504,15.341,59.885,11.216,48.669,33.633,0.000,0.000,0.000,0.000,
17.11.2025,19:8:7.132,25.829,29.741,19.953,3.183,250.0,250.0,44.024,30.492,3.632,42.164,28.401,17.610,10.791,17.401,67.730,12.684,55.046,49.460,0.000,0.000,0.000,0.000,
17.11.2025,19:8:8.143,38.063,28.031,18.253,3.246,250.0,250.0,43.822,5.390,3.233,12.011,9.461,5.866,3.595,5.792,4.827,0.536,4.291,4.291,0.000,0.000,0.000,0.000,
17.11.2025,19:8:9.134,38.063,30.399,20.625,3.247,250.0,250.0,44.415,5.878,3.513,13.015,10.252,6.352,3.900,6.278,5.329,0.521,4.808,4.808,0.000,0.000,0.000,0.000,
17.11.2025,19:8:10.143,24.469,28.794,18.928,3.213,250.0,250.0,44.860,16.126,3.903,52.162,34.742,21.544,13.198,21.287,5.043,0.607,4.436,4.335,0.000,0.000,0.000,0.000,
17.11.2025,19:8:11.135,23.110,28.682,18.965,3.199,250.0,250.0,39.165,30.288,3.974,67.404,44.258,27.437,16.821,27.106,55.848,9.527,46.321,4.188,0.000,0.000,0.000,0.375,
17.11.2025,19:8:12.143,29.907,30.187,20.313,3.241,250.0,250.0,45.464,16.344,3.705,50.430,33.558,20.811,12.747,20.554,8.687,1.152,7.535,4.265,0.000,0.000,0.000,0.000,
17.11.2025,19:8:13.134,21.750,29.268,19.539,3.195,250.0,250.0,45.874,30.463,3.791,51.742,34.428,21.338,13.090,21.081,77.362,15.010,62.352,4.432,0.000,0.000,0.000,0.000,
17.11.2025,19:8:14.145,23.110,27.281,17.461,3.234,250.0,250.0,44.902,15.898,3.718,50.589,33.645,20.866,12.779,20.621,6.209,0.808,5.401,4.344,0.000,0.000,0.000,0.000,
17.11.2025,19:8:15.137,27.188,26.733,16.993,3.175,250.0,250.0,43.520,42.921,3.851,63.168,41.557,25.768,15.789,25.449,80.239,14.923,65.316,93.149,0.000,0.000,0.000,0.000,
17.11.2025,19:8:16.144,24.469,28.007,18.213,3.189,250.0,250.0,44.860,12.032,4.014,36.653,25.209,15.633,9.576,15.449,4.783,0.509,4.274,4.222,0.000,0.001,0.000,0.000,
17.11.2025,19:8:17.138,23.110,27.789,17.943,3.257,250.0,250.0,47.640,27.933,3.913,56.001,37.126,23.023,14.103,22.741,59.002,10.722,48.280,4.421,0.000,0.000,1.375,0.000,
17.11.2025,19:8:18.144,31.266,28.076,18.602,3.136,250.0,250.0,42.554,22.420,4.180,76.144,49.789,30.876,18.913,30.508,4.766,0.509,4.257,4.257,0.000,0.000,0.000,0.000,
17.11.2025,19:8:19.138,29.907,29.001,19.360,3.193,250.0,250.0,42.247,21.988,4.267,74.429,48.797,30.259,18.538,29.891,4.725,0.503,4.222,4.248,0.000,0.000,0.000,0.000,
17.11.2025,19:8:20.132,23.110,27.855,18.119,3.161,250.0,250.0,43.045,8.390,3.585,23.158,16.580,10.289,6.291,10.166,4.813,0.632,4.181,4.205,0.000,0.000,0.000,0.000,
17.11.2025,19:8:21.140,27.188,26.931,17.204,3.136,250.0,250.0,43.342,14.288,4.096,45.196,30.554,18.947,11.607,18.714,4.778,0.495,4.283,4.213,0.000,0.000,0.000,1.125,
17.11.2025,19:8:22.143,27.188,30.681,20.944,3.269,250.0,250.0,41.534,8.273,3.854,22.297,16.231,10.060,6.171,9.937,4.988,0.723,4.265,4.205,0.000,0.000,0.000,0.000,
17.11.2025,19:8:23.146,25.829,26.750,16.963,3.217,250.0,250.0,45.821,18.245,4.204,60.098,39.856,24.712,15.144,24.406,4.861,0.483,4.378,4.309,0.000,0.000,0.000,0.000,
17.11.2025,19:8:24.134,29.907,28.203,18.451,3.163,250.0,250.0,48.218,11.475,4.364,33.775,23.656,14.667,8.989,14.496,5.179,0.747,4.432,4.441,0.000,0.000,0.000,0.000,
17.11.2025,19:8:25.142,21.750,27.716,18.012,3.139,250.0,250.0,47.317,11.996,4.366,36.074,25.077,15.549,9.528,15.365,4.855,0.476,4.379,4.291,0.000,0.000,0.000,0.000,
17.11.2025,19:8:26.131,21.750,26.564,16.868,3.143,250.0,250.0,47.781,22.209,3.927,38.706,26.423,16.385,10.038,16.189,42.082,8.387,33.695,26.257,0.000,0.000,0.000,0.000,
17.11.2025,19:8:27.140,28.547,27.077,17.269,3.179,250.0,250.0,49.086,25.602,4.313,60.822,40.372,25.032,15.340,24.726,40.552,6.778,33.774,4.309,0.000,0.000,0.000,0.000,
17.11.2025,19:8:28.135,29.907,26.470,16.730,3.151,250.0,250.0,46.586,18.367,4.375,60.386,40.133,24.888,15.245,24.594,4.839,0.469,4.370,4.370,0.000,0.000,0.000,0.000,
17.11.2025,19:8:29.143,31.266,29.663,19.879,3.252,250.0,250.0,45.591,6.345,3.622,15.148,11.646,7.228,4.418,7.142,4.976,0.685,4.291,4.291,0.000,0.000,0.000,0.000,
17.11.2025,19:8:30.134,27.188,29.913,20.094,3.166,250.0,250.0,48.544,17.746,4.363,58.006,38.669,23.973,14.696,23.679,4.849,0.470,4.379,4.379,0.000,0.000,0.000,0.000,
17.11.2025,19:8:31.144,38.063,28.590,18.779,3.182,250.0,250.0,46.129,18.770,3.999,33.417,23.204,14.390,8.814,14.206,21.086,3.955,17.131,47.502,0.000,0.000,0.000,0.000,
17.11.2025,19:8:32.137,25.829,29.905,20.127,3.224,250.0,250.0,50.906,8.800,4.022,24.014,17.389,10.779,6.610,10.656,5.004,0.486,4.518,4.518,0.000,0.000,0.000,0.000,
17.11.2025,19:8:33.143,21.750,30.494,20.655,3.211,250.0,250.0,50.022,24.212,4.141,59.238,39.274,24.353,14.921,24.059,35.868,5.858,30.010,4.396,0.000,0.000,0.000,0.000,
17.11.2025,19:8:34.132,35.344,26.756,16.912,3.196,250.0,250.0,42.452,8.527,4.047,22.970,16.758,10.383,6.375,10.260,5.073,0.738,4.335,4.335,0.000,0.000,0.000,0.000,
17.11.2025,19:8:35.142,23.110,26.756,16.912,3.196,250.0,250.0,48.580,19.063,4.363,63.056,41.787,25.905,15.882,25.599,4.866,0.554,4.312,4.309,0.000,0.000,0.000,0.000,
17.11.2025,19:8:36.134,23.110,28.118,18.261,3.229,250.0,250.0,52.361,18.306,4.363,39.303,27.083,16.797,10.286,16.588,7.282,1.226,6.056,54.081,0.000,0.000,0.000,0.000,
17.11.2025,19:8:37.142,25.829,27.898,18.082,3.191,250.0,250.0,50.929,15.570,4.352,49.790,33.554,20.809,12.745,20.563,4.786,0.469,4.317,4.317,0.000,0.001,0.375,0.000,
17.11.2025,19:8:38.133,21.750,26.775,16.957,3.166,250.0,250.0,47.997,18.645,4.364,61.423,40.792,25.287,15.505,24.981,4.925,0.660,4.265,4.248,0.000,0.000,0.000,0.000,
17.11.2025,19:8:39.142,29.907,29.243,19.458,3.234,250.0,250.0,45.648,10.854,4.367,31.460,22.221,13.784,8.437,13.612,5.051,0.489,4.562,4.562,0.000,0.000,0.000,0.000,
17.11.2025,19:8:40.138,23.110,27.424,17.695,3.156,250.0,250.0,50.118,22.313,4.348,75.093,49.246,30.543,18.703,30.175,5.390,0.953,4.437,4.239,0.000,0.000,0.000,2.250,
17.11.2025,19:8:41.144,19.032,29.136,19.341,3.202,250.0,250.0,45.961,18.619,4.387,61.140,40.623,25.182,15.441,24.876,5.101,0.650,4.451,4.343,0.000,0.000,0.375,0.000,
17.11.2025,19:8:42.138,25.829,28.563,18.774,3.222,250.0,250.0,51.422,6.756,3.791,16.581,12.645,7.837,4.808,7.739,4.778,0.530,4.248,4.601,0.000,0.000,0.875,0.000,
17.11.2025,19:8:43.147,23.110,28.563,18.774,3.222,250.0,250.0,46.524,12.707,4.302,38.778,26.711,16.561,10.150,16.365,4.894,0.473,4.421,4.414,0.000,0.000,0.000,0.000,
17.11.2025,19:8:44.158,19.032,28.753,18.901,3.171,250.0,250.0,47.811,19.495,4.338,64.539,42.692,26.468,16.224,26.150,5.086,0.657,4.429,4.369,0.000,0.000,0.000,0.000,
17.11.2025,19:8:45.153,25.829,27.775,18.190,3.163,250.0,250.0,48.839,4.889,3.364,9.910,8.245,5.104,3.141,5.042,4.890,0.476,4.414,4.309,0.000,0.000,2.000,0.000,
17.11.2025,19:8:46.147,27.188,27.775,18.190,3.163,250.0,250.0,46.006,17.884,4.206,58.635,38.947,24.155,14.792,23.861,4.944,0.478,4.466,4.352,0.000,0.000,0.000,0.000,
17.11.2025,19:8:47.153,29.907,26.354,16.604,3.187,250.0,250.0,50.964,5.255,3.427,11.186,9.063,5.617,3.446,5.556,4.931,0.517,4.414,4.388,0.000,0.000,0.000,0.000,
17.11.2025,19:8:48.162,21.750,28.044,18.251,3.158,250.0,250.0,45.902,17.006,4.328,55.271,36.943,22.909,14.034,22.639,4.837,0.476,4.361,4.265,0.000,0.000,0.000,0.000,
17.11.2025,19:8:49.165,17.672,32.795,22.959,3.233,250.0,250.0,53.141,16.913,4.084,26.208,18.787,11.650,7.137,11.515,5.046,0.630,4.416,79.659,0.000,0.000,0.000,0.000,
17.11.2025,19:8:50.172,9.516,29.236,19.455,3.197,250.0,250.0,49.332,14.532,4.376,45.747,31.077,19.271,11.806,19.038,4.836,0.475,4.361,4.335,0.000,0.000,0.000,0.000,
17.11.2025,19:8:51.166,24.469,29.236,19.455,3.197,250.0,250.0,49.157,28.173,4.131,55.365,36.866,22.862,14.004,22.592,60.694,11.209,49.485,4.518,0.000,0.000,0.000,0.000,
17.11.2025,19:8:52.174,20.391,27.728,17.895,3.178,250.0,250.0,51.010,18.255,4.240,59.998,39.812,24.691,15.121,24.397,4.984,0.650,4.334,4.326,0.000,0.000,0.000,0.000,
17.11.2025,19:8:53.166,23.110,28.963,19.263,3.187,250.0,250.0,49.414,11.844,4.363,35.000,24.413,15.143,9.270,14.960,5.354,0.680,4.674,4.580,0.000,0.000,0.000,0.000,
17.11.2025,19:8:54.174,16.313,28.985,19.116,3.214,250.0,250.0,56.015,14.413,4.361,45.180,30.718,19.049,11.669,18.816,4.956,0.534,4.422,4.421,0.000,0.000,0.000,0.500,
17.11.2025,19:8:55.166,16.313,27.004,17.189,3.219,250.0,250.0,46.866,7.887,3.875,20.554,15.154,9.392,5.762,9.282,5.147,0.592,4.555,4.554,0.000,0.000,0.000,0.000,
17.11.2025,19:8:56.174,27.188,28.816,18.923,3.190,250.0,250.0,48.416,23.260,4.227,58.746,39.032,24.196,14.836,23.902,31.607,5.039,26.568,4.448,0.000,0.000,0.000,0.000,
17.11.2025,19:8:57.164,19.032,28.816,18.923,3.190,250.0,250.0,54.247,8.577,3.947,22.945,16.684,10.347,6.337,10.212,5.273,0.522,4.751,4.751,0.000,0.000,1.125,0.000,
17.11.2025,19:8:58.171,23.110,28.195,18.345,3.214,250.0,250.0,55.667,48.449,4.372,58.374,38.885,24.110,14.775,23.829,84.367,17.630,66.737,151.414,0.000,0.000,0.000,0.000,
17.11.2025,19:8:59.174,21.750,30.903,20.966,3.225,250.0,250.0,57.779,18.838,4.276,61.742,40.913,25.376,15.537,25.070,5.475,0.876,4.599,4.519,0.000,0.000,0.000,0.000,
17.11.2025,19:9:0.168,28.547,28.992,19.179,3.229,250.0,250.0,51.289,19.604,4.334,65.020,42.995,26.662,16.333,26.332,5.008,0.663,4.345,4.343,0.000,0.000,0.000,0.000,
17.11.2025,19:9:1.163,27.188,29.954,20.083,3.214,250.0,250.0,49.767,19.604,4.215,44.687,30.321,18.800,11.521,18.567,4.919,0.498,4.421,4.421,0.000,0.000,0.000,0.000,
17.11.2025,19:9:2.174,28.547,32.995,22.672,3.552,250.0,250.0,43.159,14.237,3.766,15.820,12.149,7.527,4.622,7.441,5.030,0.642,4.388,4.387,0.000,0.000,0.000,0.000,
17.11.2025,19:9:3.178,13.594,29.294,19.547,3.218,250.0,250.0,48.877,6.577,4.373,65.479,43.294,26.849,16.445,26.530,4.906,0.553,4.353,4.343,0.000,0.000,0.000,0.000,
17.11.2025,19:9:4.174,19.032,26.554,16.763,3.132,250.0,250.0,48.877,19.713,4.373,65.479,43.294,26.849,16.445,26.530,4.906,0.553,4.353,4.343,0.000,0.000,0.000,0.000,
17.11.2025,19:9:5.165,19.032,26.554,16.763,3.132,250.0,250.0,42.533,20.884,4.165,57.287,38.093,23.623,14.470,23.329,21.751,3.335,18.416,4.369,0.000,0.000,0.000,0.000,
17.11.2025,19:9:6.174,21.750,27.087,17.416,3.133,250.0,250.0,49.430,7.522,3.826,18.800,14.040,8.706,5.334,8.595,5.540,0.697,4.843,4.843,0.000,0.000,0.000,0.000,
17.11.2025,19:9:7.169,33.985,28.640,18.764,3.224,250.0,250.0,49.740,9.283,4.131,25.484,18.367,11.391,6.976,11.256,5.336,0.783,4.553,4.553,0.000,0.000,0.000,0.000,
17.11.2025,19:9:8.177,20.391,26.407,16.600,3.206,250.0,250.0,53.828,15.437,4.348,48.721,32.897,20.408,12.489,20.163,5.286,0.480,4.806,4.770,0.000,0.000,0.000,0.000,
17.11.2025,19:9:9.171,25.829,28.659,18.760,3.209,250.0,250.0,53.073,13.770,4.362,42.616,29.125,18.056,11.069,17.848,5.044,0.481,4.563,4.537,0.000,0.001,0.000,0.000,
17.11.2025,19:9:10.178,25.829,30.850,20.966,3.236,250.0,250.0,53.060,18.136,4.215,59.571,39.529,24.518,15.011,24.224,4.948,0.482,4.466,4.394,0.000,0.000,0.000,0.000,
17.11.2025,19:9:11.164,20.391,30.850,20.966,3.236,250.0,250.0,45.737,9.066,4.034,25.056,18.051,11.184,6.867,11.049,4.827,0.485,4.342,4.762,0.000,0.000,1.125,0.000,
17.11.2025,19:9:12.175,16.313,28.517,18.755,3.154,250.0,250.0,55.248,6.198,3.621,14.313,11.126,6.906,4.220,6.820,5.230,0.523,4.707,4.519,0.000,0.000,2.000,0.000,
17.11.2025,19:9:13.165,16.313,29.751,19.907,3.228,250.0,250.0,52.647,28.145,3.642,42.866,28.820,17.870,10.950,17.650,71.304,15.274,56.030,17.047,0.000,0.001,0.000,0.000,
17.11.2025,19:9:14.170,19.032,28.047,18.226,3.189,250.0,250.0,48.975,18.349,4.180,60.294,39.962,24.778,15.184,24.484,5.051,0.500,4.551,4.509,0.000,0.000,0.000,0.000,
17.11.2025,19:9:15.175,23.110,27.626,17.856,3.170,250.0,250.0,52.505,19.249,4.374,63.294,41.940,26.012,15.928,25.694,5.255,0.611,4.644,4.742,0.000,0.000,0.000,0.000,
17.11.2025,19:9:16.170,23.110,28.904,19.040,3.178,250.0,250.0,55.799,18.377,4.190,60.280,39.951,24.772,15.179,24.477,5.173,0.496,4.677,4.572,0.000,0.001,0.000,0.500,
17.11.2025,19:9:17.174,23.110,28.482,18.695,3.194,250.0,250.0,51.850,16.784,4.361,53.916,36.119,22.397,13.722,22.127,5.243,0.483,4.760,4.715,0.000,0.000,0.000,0.000,
17.11.2025,19:9:18.166,19.032,28.833,18.911,3.205,250.0,250.0,56.351,6.819,3.682,16.484,12.510,7.764,4.746,7.666,5.325,0.536,4.789,4.689,0.000,0.000,0.000,0.000,
17.11.2025,19:9:19.171,19.032,29.138,19.351,3.143,250.0,250.0,52.995,29.233,4.373,53.190,35.683,22.130,13.553,21.860,61.029,12.847,48.182,19.482,0.000,0.001,0.000,0.000,
17.11.2025,19:9:20.164,19.032,29.874,20.073,3.155,250.0,250.0,55.671,17.829,4.092,58.058,38.511,23.886,14.625,23.592,5.363,0.581,4.782,4.795,0.000,0.000,0.000,0.000,
17.11.2025,19:9:21.169,42.141,31.492,21.722,3.190,250.0,250.0,52.691,16.326,3.718,26.206,18.554,11.508,7.046,11.361,19.475,3.670,15.805,45.922,0.001,0.000,0.000,0.375,
17.11.2025,19:9:22.174,25.829,30.481,20.610,3.187,250.0,250.0,47.802,33.763,4.178,59.875,39.698,24.615,15.083,24.321,82.720,16.505,66.215,4.421,0.000,0.000,1.125,0.000,
17.11.2025,19:9:23.177,23.110,35.212,25.218,3.324,250.0,250.0,51.472,19.443,4.348,64.410,42.607,26.424,16.183,26.105,4.944,0.478,4.466,4.466,0.000,0.000,0.000,0.000,
17.11.2025,19:9:24.171,20.391,28.926,19.212,3.158,250.0,250.0,48.645,30.126,4.326,66.190,43.704,27.102,16.602,26.771,56.072,10.259,45.813,4.421,0.000,0.000,0.000,0.000,
17.11.2025,19:9:25.174,19.032,27.510,17.798,3.127,250.0,250.0,50.784,14.443,4.338,45.325,30.791,19.098,11.693,18.865,4.939,0.494,4.445,4.445,0.000,0.000,0.000,0.000,
17.11.2025,19:9:26.169,35.344,27.518,17.814,3.122,250.0,250.0,49.066,27.023,4.287,62.902,41.641,25.825,15.816,25.507,44.731,7.712,37.019,4.789,0.000,0.000,0.000,0.000,
17.11.2025,19:9:27.178,24.469,28.440,18.739,3.160,250.0,250.0,50.127,8.483,3.913,22.814,16.586,10.280,6.306,10.157,5.091,0.495,4.596,4.596,0.000,0.000,0.000,1.625,
17.11.2025,19:9:28.187,27.188,28.978,19.167,3.138,250.0,250.0,45.603,19.904,4.314,42.255,28.870,17.903,10.967,17.682,23.922,4.411,19.511,29.207,0.000,0.000,0.000,0.000,
17.11.2025,19:9:29.179,25.829,27.055,17.393,3.141,250.0,250.0,51.694,16.366,4.142,52.935,35.365,21.927,13.438,21.670,4.893,0.499,4.394,4.394,0.000,0.000,0.000,0.000,
17.11.2025,19:9:30.188,31.266,28.738,18.964,3.160,250.0,250.0,47.468,27.080,4.093,46.389,31.313,19.408,11.905,19.175,55.921,10.157,45.764,26.675,0.000,0.000,0.000,0.000,
17.11.2025,19:9:31.191,46.219,29.716,19.832,3.232,250.0,250.0,52.539,17.684,4.069,57.341,38.055,23.598,14.457,23.316,5.763,0.761,5.002,4.483,0.000,0.000,0.000,0.500,
17.11.2025,19:9:32.189,10.875,26.972,17.179,3.187,250.0,250.0,37.206,6.255,3.610,15.135,11.629,7.213,4.416,7.127,4.632,0.479,4.153,4.153,0.000,0.000,0.000,0.000,
17.11.2025,19:9:33.186,19.032,19.122,9.491,3.288,250.0,250.0,16.691,7.500,3.903,19.623,14.592,9.049,5.543,8.939,4.610,0.482,4.128,4.128,0.000,0.000,0.000,0.000,
17.11.2025,19:9:34.186,19.032,13.132,4.081,2.889,250.0,250.0,13.823,8.142,4.085,21.879,16.101,9.982,6.119,9.871,4.622,0.486,4.136,4.136,0.000,0.000,0.000,0.000,
17.11.2025,19:9:35.186,9.516,14.670,5.532,2.901,250.0,250.0,18.327,9.161,4.318,25.545,18.531,11.491,7.040,11.344,4.600,0.472,4.128,4.136,0.000,0.000,0.375,0.000,
Date,Time,"VR VCC 전류 (SVID IOUT) [A]","CPU 패키지 전력 소비 [W]","IA 코어 전력 소비 [W]","시스템 에이전트 전력 소비 [W]","PL1 전력 제한 (Static) [W]","PL2 전력 제한 (Static) [W]","GPU 전력 소비 [W]","GPU 라인 전력 소비 (avg) [W]","GPU PCIe +12V 입력 전력 소비 [W]","GPU 12VHPWR 전력 소비 [W]","GPU Unknown Rail (D6) 전력 소비 (sum) [W]","GPU Core (NVVDD) 입력 전력 소비 (sum) [W]","GPU Unknown Rail (D4) 전력 소비 (sum) [W]","GPU Misc0 입력 전력 소비 (sum) [W]","GPU Unknown Rail (D) 전력 소비 (sum) [W]","GPU Unknown Rail (10) 전력 소비 [W]","GPU Core (NVVDD) 출력 전력 소비 [W]","GPU Core (NVVDD) 출력 전력 소비 [W]","나머지 칩 전력 소비 [W]","PCH 전력 소비 [W]","총 전력 소비 [W]","총 전력 소비 [W]",
,,CPU [#0]: Intel Core Ultra 7 265KF: Enhanced,CPU [#0]: Intel Core Ultra 7 265KF: Enhanced,CPU [#0]: Intel Core Ultra 7 265KF: Enhanced,CPU [#0]: Intel Core Ultra 7 265KF: Enhanced,CPU [#0]: Intel Core Ultra 7 265KF: Enhanced,CPU [#0]: Intel Core Ultra 7 265KF: Enhanced,GPU [#1]: NVIDIA GeForce RTX 5090: GIGABYTE GeForce RTX 5090 GAMING OC 32G (GV-N5090GAMING OC-32GD),GPU [#1]: NVIDIA GeForce RTX 5090: GIGABYTE GeForce RTX 5090 GAMING OC 32G (GV-N5090GAMING OC-32GD),GPU [#1]: NVIDIA GeForce RTX 5090: GIGABYTE GeForce RTX 5090 GAMING OC 32G (GV-N5090GAMING OC-32GD),GPU [#1]: NVIDIA GeForce RTX 5090: GIGABYTE GeForce RTX 5090 GAMING OC 32G (GV-N5090GAMING OC-32GD),GPU [#1]: NVIDIA GeForce RTX 5090: GIGABYTE GeForce RTX 5090 GAMING OC 32G (GV-N5090GAMING OC-32GD),GPU [#1]: NVIDIA GeForce RTX 5090: GIGABYTE GeForce RTX 5090 GAMING OC 32G (GV-N5090GAMING OC-32GD),GPU [#1]: NVIDIA GeForce RTX 5090: GIGABYTE GeForce RTX 5090 GAMING OC 32G (GV-N5090GAMING OC-32GD),GPU [#1]: NVIDIA GeForce RTX 5090: GIGABYTE GeForce RTX 5090 GAMING OC 32G (GV-N5090GAMING OC-32GD),GPU [#1]: NVIDIA GeForce RTX 5090: GIGABYTE GeForce RTX 5090 GAMING OC 32G (GV-N5090GAMING OC-32GD),GPU [#1]: NVIDIA GeForce RTX 5090: GIGABYTE GeForce RTX 5090 GAMING OC 32G (GV-N5090GAMING OC-32GD),GPU [#1]: NVIDIA GeForce RTX 5090: GIGABYTE GeForce RTX 5090 GAMING OC 32G (GV-N5090GAMING OC-32GD),GPU [#1]: NVIDIA GeForce RTX 5090: GIGABYTE GeForce RTX 5090 GAMING OC 32G (GV-N5090GAMING OC-32GD),CPU [#0]: Intel Core Ultra 7 265KF: Enhanced,CPU [#0]: Intel Core Ultra 7 265KF: Enhanced,DDR5 DIMM [#1]: Micron CP32G64C40U5B.M8B1 (BANK 1/DIMMB2),DDR5 DIMM [#3]: Micron CP32G64C40U5B.M8B1 (BANK 0/DIMMA2),
