Date,Time,"VR VCC 전류 (SVID IOUT) [A]","CPU 패키지 전력 소비 [W]","IA 코어 전력 소비 [W]","시스템 에이전트 전력 소비 [W]","나머지 칩 전력 소비 [W]","PL1 전력 제한 (Static) [W]","PL2 전력 제한 (Static) [W]","GPU 전력 소비 [W]","GPU 라인 전력 소비 (avg) [W]","GPU PCIe +12V 입력 전력 소비 [W]","GPU 12VHPWR 전력 소비 [W]","GPU Unknown Rail (D6) 전력 소비 (sum) [W]","GPU Core (NVVDD) 입력 전력 소비 (sum) [W]","GPU Unknown Rail (D4) 전력 소비 (sum) [W]","GPU Misc0 입력 전력 소비 (sum) [W]","GPU Unknown Rail (D) 전력 소비 (sum) [W]","GPU Unknown Rail (10) 전력 소비 [W]","GPU Core (NVVDD) 출력 전력 소비 [W]","GPU Core (NVVDD) 출력 전력 소비 [W]","PCH 전력 소비 [W]","총 전력 소비 [W]","총 전력 소비 [W]",
11.11.2025,10:6:1.814,32.625,11.412,2.431,2.869,0.000,250.0,250.0,11.512,3.944,2.795,8.114,6.765,4.202,2.563,4.152,3.746,0.392,3.354,3.354,0.001,0.000,0.000,
11.11.2025,10:6:2.810,53.016,20.215,10.893,3.061,0.000,250.0,250.0,16.200,7.015,3.543,19.084,14.030,8.698,5.332,8.588,3.755,0.392,3.363,3.363,0.000,1.125,0.500,
11.11.2025,10:6:3.811,9.516,13.784,4.782,2.873,0.000,250.0,250.0,19.497,3.662,2.857,6.976,6.098,3.782,2.316,3.745,3.746,0.392,3.354,3.354,0.000,0.000,0.000,
11.11.2025,10:6:4.809,6.797,11.442,2.436,2.869,0.000,250.0,250.0,11.006,3.707,2.771,7.239,6.205,3.853,2.352,3.804,3.746,0.392,3.354,3.354,0.001,0.000,0.000,
11.11.2025,10:6:5.816,14.953,12.137,3.103,2.857,0.000,250.0,250.0,11.483,3.801,2.820,7.544,6.428,3.990,2.438,3.940,3.746,0.392,3.354,3.354,0.000,0.000,0.000,
11.11.2025,10:6:6.814,20.391,13.559,4.448,2.936,0.000,250.0,250.0,11.345,3.893,2.685,8.029,6.653,4.127,2.526,4.065,3.746,0.392,3.354,3.354,0.000,0.000,0.000,
11.11.2025,10:6:7.816,12.235,13.902,4.776,2.947,0.000,250.0,250.0,12.424,5.990,3.053,15.661,11.593,7.180,4.413,7.094,3.772,0.409,3.363,3.363,0.000,0.000,0.000,
11.11.2025,10:6:8.816,20.391,13.902,4.776,2.947,0.000,250.0,250.0,13.474,4.497,2.759,10.220,8.056,4.989,3.067,4.927,3.794,0.425,3.369,3.363,0.000,0.000,0.000,
11.11.2025,10:6:9.815,25.829,12.110,3.053,2.902,0.000,250.0,250.0,12.988,3.681,2.710,7.200,6.144,3.817,2.327,3.767,3.746,0.392,3.354,3.354,0.000,0.000,0.000,
11.11.2025,10:6:10.813,23.110,11.855,2.871,2.857,0.000,250.0,250.0,10.810,3.819,2.796,7.641,6.473,4.012,2.461,3.963,3.746,0.392,3.354,3.354,0.000,0.000,0.000,
11.11.2025,10:6:11.814,16.313,11.363,2.347,2.864,0.000,250.0,250.0,11.148,3.820,2.832,7.607,6.473,4.012,2.461,3.963,3.746,0.392,3.354,3.354,0.001,0.000,0.000,
11.11.2025,10:6:12.822,28.547,17.843,8.419,3.213,0.000,250.0,250.0,10.720,3.689,2.697,7.238,6.160,3.819,2.341,3.783,3.746,0.392,3.354,3.354,0.000,0.000,0.000,
11.11.2025,10:6:13.813,33.985,17.068,7.668,3.159,0.000,250.0,250.0,10.741,3.748,2.746,7.423,6.301,3.913,2.388,3.864,3.746,0.392,3.354,3.354,0.000,0.000,0.000,
11.11.2025,10:6:14.812,20.391,11.198,2.244,2.849,0.000,250.0,250.0,10.721,3.694,2.722,7.237,6.178,3.827,2.351,3.778,3.746,0.392,3.354,3.354,0.000,0.000,0.000,
11.11.2025,10:6:15.821,29.907,11.481,2.462,2.853,0.000,250.0,250.0,10.583,3.686,2.697,7.225,6.161,3.820,2.341,3.771,3.746,0.392,3.354,3.354,0.000,0.000,0.000,
11.11.2025,10:6:16.818,38.063,11.330,2.312,2.845,0.000,250.0,250.0,10.850,3.730,2.648,7.451,6.256,3.879,2.377,3.842,3.746,0.392,3.354,3.354,0.000,0.000,0.000,
11.11.2025,10:6:17.813,29.907,12.336,3.339,2.890,0.000,250.0,250.0,11.351,3.712,2.624,7.401,6.219,3.855,2.364,3.806,3.746,0.392,3.354,3.354,0.000,0.000,0.000,
11.11.2025,10:6:18.843,29.907,12.040,2.992,2.883,0.000,250.0,250.0,10.741,3.926,2.832,8.003,6.730,4.166,2.564,4.117,3.746,0.392,3.354,3.354,0.000,0.000,0.000,
11.11.2025,10:6:19.854,29.907,11.574,2.551,2.864,0.000,250.0,250.0,10.947,3.959,2.783,8.189,6.806,4.221,2.585,4.160,3.746,0.392,3.354,3.354,0.000,0.000,0.000,
11.11.2025,10:6:20.854,19.032,11.227,2.223,2.839,0.000,250.0,250.0,11.094,3.887,2.759,7.929,6.631,4.117,2.514,4.068,3.746,0.392,3.354,3.354,0.000,0.000,0.000,
11.11.2025,10:6:21.855,21.750,11.754,2.747,2.865,0.000,250.0,250.0,11.041,3.816,2.697,7.719,6.470,4.005,2.465,3.956,3.746,0.392,3.354,3.354,0.000,0.000,0.000,
11.11.2025,10:6:22.853,10.875,11.227,2.259,2.844,0.000,250.0,250.0,10.736,3.911,2.661,8.127,6.689,4.151,2.538,4.102,3.746,0.392,3.354,3.354,0.000,0.000,0.000,
11.11.2025,10:6:23.853,13.594,11.498,2.518,2.860,0.000,250.0,250.0,10.750,3.875,2.710,7.936,6.606,4.092,2.514,4.043,3.746,0.392,3.354,3.354,0.000,0.000,0.000,
11.11.2025,10:6:24.863,27.188,11.493,2.499,2.853,0.000,250.0,250.0,10.665,3.929,2.759,8.095,6.728,4.177,2.551,4.128,3.746,0.392,3.354,3.354,0.000,0.000,0.000,
11.11.2025,10:6:25.861,24.469,11.489,2.506,2.858,0.000,250.0,250.0,10.832,4.066,2.660,8.720,7.054,4.370,2.684,4.321,3.746,0.392,3.354,3.354,0.000,0.000,0.000,
11.11.2025,10:6:26.859,25.829,12.000,2.947,2.887,0.000,250.0,250.0,11.031,3.902,2.783,7.964,6.666,4.140,2.526,4.090,3.746,0.392,3.354,3.354,0.000,0.000,0.000,
11.11.2025,10:6:27.873,16.313,11.426,2.425,2.843,0.000,250.0,250.0,10.644,3.817,2.808,7.622,6.464,4.014,2.450,3.964,3.746,0.392,3.354,3.354,0.000,0.000,0.000,
11.11.2025,10:6:28.871,13.594,12.578,3.597,2.873,0.000,250.0,250.0,10.791,3.732,2.661,7.443,6.261,3.883,2.378,3.846,3.746,0.392,3.354,3.354,0.001,0.000,0.000,
11.11.2025,10:6:29.859,12.235,11.348,2.309,2.860,0.000,250.0,250.0,10.923,3.809,2.661,7.727,6.454,3.998,2.456,3.949,3.746,0.392,3.354,3.354,0.000,0.000,0.000,
11.11.2025,10:6:30.858,13.594,10.988,2.032,2.845,0.000,250.0,250.0,10.893,3.916,2.612,8.196,6.703,4.152,2.551,4.103,3.746,0.392,3.354,3.354,0.000,0.000,0.000,
11.11.2025,10:6:31.872,10.875,12.280,3.231,2.861,0.000,250.0,250.0,11.034,3.878,2.673,7.980,6.614,4.097,2.517,4.048,3.746,0.392,3.354,3.354,0.001,0.000,0.000,
11.11.2025,10:6:32.869,9.516,11.657,2.624,2.856,0.000,250.0,250.0,11.290,3.712,2.587,7.434,6.219,3.862,2.357,3.813,3.746,0.392,3.354,3.354,0.000,0.000,0.000,
11.11.2025,10:6:33.870,12.235,11.157,2.178,2.867,0.000,250.0,250.0,10.729,3.771,2.636,7.616,6.359,3.943,2.416,3.894,3.746,0.392,3.354,3.354,0.000,0.000,0.000,
11.11.2025,10:6:34.862,10.875,11.721,2.705,2.866,0.000,250.0,250.0,10.771,3.750,2.734,7.430,6.315,3.910,2.405,3.861,3.746,0.392,3.354,3.354,0.001,0.000,0.000,
11.11.2025,10:6:35.867,13.594,12.847,3.807,2.876,0.000,250.0,250.0,10.762,3.709,2.612,7.400,6.213,3.858,2.355,3.809,3.746,0.392,3.354,3.354,0.000,0.000,0.000,
11.11.2025,10:6:36.863,10.875,11.533,2.513,2.871,0.000,250.0,250.0,10.556,3.833,2.612,7.873,6.508,4.030,2.478,3.981,3.746,0.392,3.354,3.354,0.000,0.000,0.000,
11.11.2025,10:6:37.864,27.188,11.443,2.413,2.900,0.000,250.0,250.0,10.555,3.641,2.489,7.265,6.050,3.758,2.292,3.709,3.746,0.392,3.354,3.354,0.000,0.000,0.000,
11.11.2025,10:6:38.863,13.594,11.402,2.366,2.881,0.000,250.0,250.0,10.573,3.690,2.526,7.412,6.164,3.821,2.343,3.784,3.746,0.392,3.354,3.354,0.000,0.000,0.000,
11.11.2025,10:6:39.859,19.032,11.307,2.303,2.864,0.000,250.0,250.0,10.726,3.977,2.562,8.469,6.849,4.250,2.599,4.189,3.746,0.392,3.354,3.354,0.000,0.000,0.000,
11.11.2025,10:6:40.857,9.516,11.652,2.599,2.883,0.000,250.0,250.0,10.539,3.994,2.624,8.484,6.883,4.272,2.611,4.223,3.746,0.392,3.354,3.354,0.000,0.000,0.000,
11.11.2025,10:6:41.856,10.875,11.131,2.160,2.866,0.000,250.0,250.0,10.829,4.028,2.759,8.469,6.970,4.322,2.648,4.261,3.746,0.392,3.354,3.354,0.000,0.000,0.000,
11.11.2025,10:6:42.869,9.516,11.509,2.430,2.872,0.000,250.0,250.0,11.038,4.006,2.734,8.409,6.914,4.289,2.625,4.240,3.746,0.392,3.354,3.354,0.000,0.000,0.000,
11.11.2025,10:6:43.867,9.516,11.509,2.430,2.872,0.000,250.0,250.0,10.860,3.953,2.526,8.410,6.795,4.205,2.590,4.156,3.746,0.392,3.354,3.354,0.000,0.000,0.000,
11.11.2025,10:6:44.867,19.032,10.433,1.489,2.866,0.000,250.0,250.0,10.696,3.953,2.661,8.489,6.919,4.292,2.627,4.242,3.746,0.392,3.354,3.354,0.000,0.000,0.000,
11.11.2025,10:6:45.865,10.875,11.513,2.422,2.896,0.000,250.0,250.0,10.646,4.008,2.636,8.002,6.601,4.089,2.512,4.039,3.746,0.392,3.354,3.354,0.000,0.000,0.000,
11.11.2025,10:6:46.866,10.875,12.041,3.080,2.884,0.000,250.0,250.0,10.646,3.873,2.636,8.002,6.601,4.089,2.512,4.039,3.746,0.392,3.354,3.354,0.000,0.000,0.000,
11.11.2025,10:6:47.859,9.516,12.425,3.394,2.865,0.000,250.0,250.0,10.299,3.723,2.587,7.473,6.249,3.870,2.379,3.821,3.746,0.392,3.354,3.354,0.000,0.000,0.000,
11.11.2025,10:6:48.859,9.516,11.638,2.619,2.870,0.000,250.0,250.0,10.174,3.639,2.599,7.146,6.045,3.755,2.290,3.705,3.746,0.392,3.354,3.354,0.000,0.000,0.000,
11.11.2025,10:6:49.870,9.516,11.149,2.161,2.888,0.000,250.0,250.0,10.494,3.638,2.599,7.150,6.041,3.753,2.288,3.704,3.746,0.392,3.354,3.354,0.000,0.000,0.000,
11.11.2025,10:6:50.871,24.469,11.102,2.095,2.905,0.000,250.0,250.0,10.729,3.782,2.881,7.412,6.380,3.953,2.427,3.916,3.746,0.392,3.354,3.354,0.000,0.000,0.000,
11.11.2025,10:6:51.862,6.797,12.690,3.612,2.889,0.000,250.0,250.0,10.636,3.584,2.661,6.881,5.925,3.671,2.254,3.621,3.738,0.392,3.346,3.354,0.000,0.000,0.000,
11.11.2025,10:6:52.865,12.235,11.162,2.127,2.872,0.000,250.0,250.0,10.473,3.667,2.636,7.210,6.114,3.796,2.318,3.747,3.746,0.392,3.354,3.354,0.000,0.000,0.000,
11.11.2025,10:6:53.866,9.516,11.148,2.104,2.921,0.000,250.0,250.0,10.548,3.574,2.440,7.053,5.893,3.649,2.244,3.612,3.746,0.392,3.354,3.354,0.000,0.000,0.000,
11.11.2025,10:6:54.866,8.156,11.651,2.589,2.957,0.000,250.0,250.0,10.318,3.682,2.575,7.342,6.146,3.818,2.328,3.769,3.746,0.392,3.354,3.346,0.000,0.000,0.000,
11.11.2025,10:6:55.864,10.875,11.527,2.434,2.920,0.000,250.0,250.0,10.584,4.206,2.611,9.298,7.389,4.581,2.808,4.520,3.746,0.392,3.354,3.354,0.000,0.000,0.000,
11.11.2025,10:6:56.860,10.875,13.162,4.105,2.917,0.000,250.0,250.0,10.455,3.991,2.575,8.518,6.880,4.259,2.621,4.210,3.746,0.392,3.354,3.354,0.000,0.000,0.000,
11.11.2025,10:6:57.871,16.313,11.519,2.463,2.901,0.000,250.0,250.0,10.399,4.082,2.697,8.743,7.092,4.396,2.696,4.347,3.746,0.392,3.354,3.354,0.000,0.000,0.000,
11.11.2025,10:6:58.864,10.875,12.594,3.539,2.862,0.000,250.0,250.0,10.567,4.138,2.575,9.077,7.230,4.483,2.747,4.421,3.746,0.392,3.354,3.354,0.000,0.000,0.000,
11.11.2025,10:6:59.865,9.516,11.097,2.080,2.917,0.000,250.0,250.0,10.473,4.112,2.660,8.892,7.170,4.447,2.723,4.385,3.746,0.392,3.354,3.354,0.000,0.000,0.000,
11.11.2025,10:7:0.861,12.235,11.404,2.299,2.937,0.000,250.0,250.0,10.647,3.981,2.624,8.430,6.854,4.253,2.601,4.203,3.746,0.392,3.354,3.354,0.000,0.000,0.000,
11.11.2025,10:7:1.858,9.516,11.857,2.745,2.902,0.000,250.0,250.0,10.554,3.991,2.624,8.471,6.875,4.263,2.612,4.214,3.746,0.392,3.354,3.354,0.000,0.000,0.000,
11.11.2025,10:7:2.862,9.516,12.475,3.474,2.855,0.000,250.0,250.0,10.447,3.963,2.550,8.440,6.820,4.230,2.590,4.180,3.738,0.392,3.346,3.346,0.000,0.000,0.000,
11.11.2025,10:7:3.863,12.235,11.507,2.495,2.884,0.000,250.0,250.0,10.552,4.064,2.648,8.716,7.054,4.378,2.676,4.317,3.746,0.392,3.354,3.354,0.000,0.000,0.000,
11.11.2025,10:7:4.856,9.516,12.401,3.390,2.849,0.000,250.0,250.0,10.560,4.043,2.661,8.604,6.981,4.334,2.647,4.284,3.785,0.429,3.356,3.354,0.001,0.000,0.000,
11.11.2025,10:7:5.872,10.875,13.837,4.806,2.825,0.000,250.0,250.0,10.585,3.702,2.648,7.338,6.200,3.846,2.354,3.796,3.746,0.392,3.354,3.346,0.000,0.000,0.000,
11.11.2025,10:7:6.867,13.594,12.320,3.324,2.897,0.000,250.0,250.0,10.309,3.731,2.612,7.492,6.258,3.881,2.377,3.844,3.746,0.392,3.354,3.354,0.000,0.000,0.000,
11.11.2025,10:7:7.863,10.875,11.378,2.301,2.883,0.000,250.0,250.0,10.439,3.774,2.575,7.690,6.369,3.942,2.427,3.893,3.746,0.392,3.354,3.354,0.000,0.000,0.000,
11.11.2025,10:7:8.861,10.875,11.664,2.608,2.919,0.000,250.0,250.0,10.371,3.697,2.526,7.438,6.188,3.834,2.354,3.785,3.746,0.392,3.354,3.354,0.000,0.000,0.000,
11.11.2025,10:7:9.873,10.875,11.278,2.230,2.907,0.000,250.0,250.0,10.194,3.791,2.661,7.659,6.411,3.970,2.441,3.920,3.746,0.392,3.354,3.354,0.000,0.000,0.000,
11.11.2025,10:7:10.864,14.953,11.667,2.609,2.927,0.000,250.0,250.0,10.481,3.812,2.624,7.791,6.461,4.000,2.461,3.951,3.738,0.392,3.346,3.354,0.000,0.000,0.000,
11.11.2025,10:7:11.864,10.875,11.189,2.106,2.933,0.000,250.0,250.0,10.335,3.800,2.795,7.566,6.426,3.988,2.438,3.939,3.746,0.392,3.354,3.354,0.000,0.000,0.000,
11.11.2025,10:7:12.869,14.953,12.707,3.555,2.984,0.000,250.0,250.0,10.566,3.884,2.832,7.844,6.630,4.104,2.526,4.055,3.746,0.392,3.354,3.354,0.000,0.000,0.000,
11.11.2025,10:7:13.862,12.235,21.358,11.748,3.413,0.000,250.0,250.0,10.569,3.798,2.808,7.553,6.430,3.991,2.439,3.942,3.738,0.392,3.346,3.346,0.000,0.000,0.000,
11.11.2025,10:7:14.866,10.875,12.274,3.147,2.928,0.000,250.0,250.0,10.811,3.687,2.783,7.148,6.158,3.818,2.340,3.781,3.746,0.392,3.354,3.354,0.000,0.000,0.000,
11.11.2025,10:7:15.865,10.875,11.052,2.040,2.863,0.000,250.0,250.0,10.370,3.714,2.599,7.434,6.220,3.855,2.365,3.819,3.746,0.392,3.354,3.354,0.000,0.000,0.000,
11.11.2025,10:7:16.867,8.156,11.875,2.806,2.926,0.000,250.0,250.0,10.509,3.672,2.575,7.296,6.124,3.795,2.329,3.758,3.746,0.392,3.354,3.354,0.000,0.000,0.000,
11.11.2025,10:7:17.866,14.953,11.553,2.548,2.892,0.000,250.0,250.0,10.651,3.779,2.648,7.622,6.368,3.954,2.414,3.905,3.755,0.392,3.363,3.363,0.000,0.000,0.000,
11.11.2025,10:7:18.863,9.516,11.836,2.785,2.911,0.000,250.0,250.0,10.925,3.698,2.661,7.303,6.192,3.836,2.356,3.786,3.746,0.392,3.354,3.354,0.000,0.000,0.000,
11.11.2025,10:7:19.862,6.797,11.314,2.297,2.891,0.000,250.0,250.0,10.542,3.646,2.575,7.198,6.061,3.758,2.303,3.721,3.746,0.392,3.354,3.354,0.000,0.000,0.000,
11.11.2025,10:7:20.861,9.516,11.259,2.235,2.887,0.000,250.0,250.0,10.465,3.619,2.685,6.987,5.996,3.718,2.278,3.681,3.746,0.392,3.354,3.354,0.000,0.000,0.000,
11.11.2025,10:7:21.862,19.032,11.748,2.683,2.862,0.000,250.0,250.0,10.309,3.900,2.648,8.099,6.665,4.139,2.526,4.090,3.739,0.393,3.346,3.354,0.000,0.000,0.000,
11.11.2025,10:7:22.873,12.235,11.302,2.318,2.887,0.000,250.0,250.0,10.436,3.723,2.673,7.394,6.242,3.878,2.364,3.829,3.746,0.392,3.354,3.354,0.000,0.000,0.000,
11.11.2025,10:7:23.872,13.594,11.309,2.292,2.917,0.000,250.0,250.0,10.380,3.707,2.636,7.370,6.205,3.853,2.352,3.804,3.746,0.392,3.354,3.354,0.000,0.000,0.000,
11.11.2025,10:7:24.872,5.438,13.465,4.392,2.909,0.000,250.0,250.0,10.227,3.724,2.697,7.374,6.248,3.882,2.366,3.832,3.746,0.392,3.354,3.346,0.000,0.000,0.000,
11.11.2025,10:7:25.874,13.594,11.319,2.278,2.899,0.000,250.0,250.0,10.435,3.748,2.673,7.495,6.300,3.913,2.387,3.864,3.746,0.392,3.354,3.354,0.000,0.000,0.000,
11.11.2025,10:7:26.869,14.953,13.604,4.557,2.888,0.000,250.0,250.0,10.369,3.771,2.734,7.517,6.362,3.938,2.424,3.888,3.746,0.392,3.354,3.354,0.000,0.000,0.000,
11.11.2025,10:7:27.863,10.875,12.492,3.363,2.936,0.000,250.0,250.0,10.490,3.694,2.685,7.269,6.179,3.828,2.351,3.779,3.746,0.392,3.354,3.354,0.000,0.000,0.000,
11.11.2025,10:7:28.861,10.875,11.395,2.360,2.901,0.000,250.0,250.0,10.358,3.817,2.612,7.813,6.467,4.016,2.451,3.966,3.746,0.392,3.354,3.354,0.000,0.000,0.000,
11.11.2025,10:7:29.859,10.875,11.226,2.256,2.869,0.000,250.0,250.0,10.404,3.751,2.477,7.699,6.318,3.916,2.402,3.867,3.738,0.392,3.346,3.354,0.000,0.000,0.000,
11.11.2025,10:7:30.869,9.516,11.642,2.610,2.866,0.000,250.0,250.0,10.280,3.798,2.660,7.691,6.425,3.976,2.449,3.927,3.746,0.392,3.354,3.354,0.000,0.000,0.000,
11.11.2025,10:7:31.866,10.875,11.818,2.794,2.869,0.000,250.0,250.0,10.215,3.699,2.673,7.302,6.188,3.833,2.355,3.796,3.746,0.392,3.354,3.354,0.000,0.000,0.000,
11.11.2025,10:7:32.863,10.875,11.418,2.464,2.864,0.000,250.0,250.0,10.574,3.775,2.771,7.509,6.375,3.950,2.425,3.901,3.738,0.392,3.346,3.346,0.000,0.000,0.000,
11.11.2025,10:7:33.864,10.875,11.317,2.302,2.881,0.000,250.0,250.0,10.873,3.641,2.673,7.078,6.051,3.759,2.292,3.709,3.746,0.392,3.354,3.354,0.000,0.000,0.000,
11.11.2025,10:7:34.859,17.672,11.712,2.702,2.860,0.000,250.0,250.0,10.834,3.869,2.869,7.758,6.587,4.087,2.500,4.038,3.746,0.392,3.354,3.354,0.000,0.000,0.000,
11.11.2025,10:7:35.871,16.313,11.990,2.972,2.859,0.000,250.0,250.0,10.883,3.747,2.979,7.195,6.306,3.909,2.397,3.860,3.738,0.392,3.346,3.346,0.001,0.000,0.000,
11.11.2025,10:7:36.871,10.875,12.172,3.162,2.895,0.000,250.0,250.0,10.833,3.826,2.845,7.617,6.484,4.018,2.466,3.981,3.746,0.392,3.354,3.354,0.000,0.000,0.000,
11.11.2025,10:7:37.867,8.156,11.536,2.517,2.863,0.000,250.0,250.0,10.738,3.848,2.697,7.846,6.542,4.053,2.489,4.004,3.746,0.392,3.354,3.354,0.000,0.000,0.000,
11.11.2025,10:7:38.867,9.516,11.513,2.482,2.893,0.000,250.0,250.0,10.645,3.878,2.746,7.916,6.611,4.100,2.511,4.051,3.746,0.392,3.354,3.354,0.000,0.000,0.000,
11.11.2025,10:7:39.868,10.875,10.778,1.780,2.873,0.000,250.0,250.0,10.734,3.889,2.661,8.043,6.637,4.113,2.524,4.063,3.746,0.392,3.354,3.354,0.000,0.000,0.000,
11.11.2025,10:7:40.867,10.875,11.411,2.414,2.879,0.000,250.0,250.0,10.873,3.874,2.575,8.074,6.602,4.102,2.500,4.053,3.738,0.392,3.346,3.354,0.001,0.000,0.000,
11.11.2025,10:7:41.869,13.594,11.723,2.630,2.899,0.000,250.0,250.0,10.797,3.818,2.624,7.804,6.469,4.017,2.452,3.968,3.746,0.392,3.354,3.354,0.000,0.000,0.000,
11.11.2025,10:7:42.861,9.516,12.080,3.068,2.845,0.000,250.0,250.0,10.664,3.896,2.759,7.963,6.655,4.128,2.527,4.079,3.746,0.392,3.354,3.354,0.000,0.000,0.000,
11.11.2025,10:7:43.863,9.516,11.102,2.180,2.834,0.000,250.0,250.0,11.093,3.688,2.697,7.238,6.161,3.820,2.341,3.783,3.746,0.392,3.354,3.346,0.001,0.000,0.000,
11.11.2025,10:7:44.858,13.594,11.920,2.924,2.845,0.000,250.0,250.0,10.647,3.709,2.612,7.402,6.210,3.856,2.354,3.807,3.746,0.392,3.354,3.354,0.000,0.000,0.000,
11.11.2025,10:7:45.872,9.516,11.372,2.341,2.839,0.000,250.0,250.0,10.504,3.774,2.759,7.507,6.369,3.942,2.427,3.893,3.746,0.392,3.354,3.354,0.000,0.000,0.000,
11.11.2025,10:7:46.871,12.235,12.487,3.497,2.867,0.000,250.0,250.0,10.648,3.724,2.648,7.424,6.247,3.881,2.366,3.832,3.746,0.392,3.354,3.346,0.000,0.000,0.000,
11.11.2025,10:7:47.866,8.156,12.143,3.147,2.820,0.000,250.0,250.0,10.778,3.796,2.612,7.732,6.420,3.980,2.440,3.931,3.746,0.392,3.354,3.354,0.000,0.000,0.000,
11.11.2025,10:7:48.866,20.391,11.377,2.394,2.845,0.000,250.0,250.0,10.670,3.849,2.661,7.896,6.547,4.069,2.478,4.019,3.738,0.392,3.346,3.346,0.000,0.000,0.000,
11.11.2025,10:7:49.864,10.875,11.513,2.577,2.816,0.000,250.0,250.0,10.740,4.021,2.722,8.482,6.950,4.313,2.637,4.263,3.746,0.392,3.354,3.354,0.000,0.000,0.000,
11.11.2025,10:7:50.863,14.953,10.985,1.992,2.832,0.000,250.0,250.0,10.815,3.982,2.697,8.358,6.860,4.249,2.611,4.199,3.746,0.392,3.354,3.354,0.001,0.000,0.000,
11.11.2025,10:7:51.869,8.156,11.825,2.796,2.815,0.000,250.0,250.0,10.970,3.842,2.513,8.014,6.533,4.055,2.478,4.006,3.735,0.389,3.346,3.346,0.000,0.000,0.000,
11.11.2025,10:7:52.860,13.594,11.461,2.470,2.812,0.000,250.0,250.0,10.755,3.805,2.661,7.722,6.441,3.990,2.451,3.941,3.746,0.392,3.354,3.354,0.000,0.000,0.000,
11.11.2025,10:7:53.863,12.235,11.128,2.211,2.796,0.000,250.0,250.0,10.870,3.848,2.562,7.983,6.543,4.054,2.489,4.004,3.746,0.392,3.354,3.354,0.000,0.000,0.000,
11.11.2025,10:7:54.859,10.875,11.765,2.764,2.829,0.000,250.0,250.0,10.635,3.722,2.538,7.533,6.247,3.881,2.366,3.832,3.738,0.392,3.346,3.346,0.001,0.000,0.000,
11.11.2025,10:7:55.865,9.516,11.534,2.630,2.815,0.000,250.0,250.0,10.585,3.857,2.636,7.945,6.564,4.064,2.500,4.014,3.746,0.392,3.354,3.354,0.000,0.000,0.000,
11.11.2025,10:7:56.861,6.797,12.543,3.466,2.878,0.000,250.0,250.0,10.832,3.949,2.710,8.222,6.791,4.203,2.588,4.154,3.738,0.392,3.346,3.346,0.000,0.000,0.000,
11.11.2025,10:7:57.873,10.875,10.772,1.810,2.846,0.000,250.0,250.0,10.799,3.942,2.759,8.144,6.760,4.199,2.561,4.150,3.746,0.392,3.354,3.354,0.000,0.000,0.000,
11.11.2025,10:7:58.866,12.235,11.416,2.432,2.816,0.000,250.0,250.0,10.613,4.103,2.967,8.548,7.146,4.436,2.710,4.374,3.746,0.392,3.354,3.354,0.000,0.000,0.000,
11.11.2025,10:7:59.869,10.875,11.027,2.141,2.811,0.000,250.0,250.0,10.856,3.927,2.734,8.124,6.736,4.174,2.562,4.125,3.735,0.389,3.346,3.346,0.000,0.000,0.000,
11.11.2025,10:8:0.866,16.313,12.679,3.603,2.862,0.000,250.0,250.0,11.269,3.818,2.697,7.733,6.469,4.017,2.452,3.967,3.746,0.392,3.354,3.354,0.000,0.000,0.000,
11.11.2025,10:8:1.866,14.953,10.862,1.925,2.809,0.000,250.0,250.0,10.878,3.806,2.575,7.816,6.437,4.000,2.437,3.951,3.746,0.392,3.354,3.354,0.000,0.000,0.000,
11.11.2025,10:8:2.864,14.953,11.381,2.461,2.835,0.000,250.0,250.0,10.915,3.816,2.599,7.835,6.473,4.012,2.461,3.962,3.738,0.392,3.346,3.346,0.000,0.000,0.000,
11.11.2025,10:8:3.862,14.953,11.483,2.505,2.810,0.000,250.0,250.0,11.024,3.811,2.661,7.738,6.455,4.004,2.451,3.955,3.746,0.392,3.354,3.354,0.000,0.000,0.000,
11.11.2025,10:8:4.861,13.594,11.677,2.711,2.805,0.000,250.0,250.0,10.902,3.775,2.661,7.607,6.370,3.955,2.415,3.906,3.738,0.392,3.346,3.354,0.000,0.000,0.000,
11.11.2025,10:8:5.861,23.110,11.484,2.560,2.827,0.000,250.0,250.0,11.188,3.732,2.697,7.414,6.272,3.894,2.378,3.844,3.738,0.392,3.346,3.346,0.001,0.000,0.000,
11.11.2025,10:8:6.870,10.875,11.776,2.769,2.859,0.000,250.0,250.0,10.726,3.738,2.746,7.371,6.286,3.895,2.391,3.845,3.746,0.392,3.354,3.354,0.000,0.000,0.000,
11.11.2025,10:8:7.862,9.516,11.449,2.461,2.842,0.000,250.0,250.0,10.842,3.773,2.746,7.517,6.368,3.954,2.414,3.905,3.735,0.389,3.346,3.354,0.000,0.000,0.000,
11.11.2025,10:8:8.869,10.875,11.604,2.627,2.791,0.000,250.0,250.0,10.994,3.677,2.599,7.296,6.149,3.808,2.341,3.758,3.738,0.392,3.346,3.346,0.001,0.000,0.000,
11.11.2025,10:8:9.867,13.594,11.106,2.168,2.813,0.000,250.0,250.0,10.750,3.753,2.697,7.488,6.321,3.918,2.403,3.869,3.738,0.392,3.346,3.354,0.000,0.000,0.000,
11.11.2025,10:8:10.861,13.594,11.798,2.820,2.845,0.000,250.0,250.0,10.691,3.685,2.477,7.448,6.164,3.822,2.342,3.772,3.738,0.392,3.346,3.346,0.000,0.000,0.000,
11.11.2025,10:8:11.859,13.594,11.549,2.589,2.844,0.000,250.0,250.0,10.736,3.804,2.722,7.659,6.440,3.990,2.450,3.941,3.746,0.392,3.354,3.346,0.000,0.000,0.000,
11.11.2025,10:8:12.869,10.875,12.039,2.975,2.887,0.000,250.0,250.0,11.073,3.881,2.648,8.033,6.629,4.103,2.526,4.053,3.738,0.392,3.346,3.346,0.000,0.000,0.000,
11.11.2025,10:8:13.866,14.953,16.326,7.009,3.141,0.000,250.0,250.0,10.892,3.856,2.587,8.000,6.564,4.076,2.488,4.027,3.738,0.392,3.346,3.346,0.000,0.000,0.000,
11.11.2025,10:8:14.862,14.953,16.326,7.009,3.141,0.000,250.0,250.0,10.837,3.948,2.624,8.304,6.777,4.202,2.575,4.153,3.746,0.392,3.354,3.354,0.000,0.000,0.000,
11.11.2025,10:8:15.858,14.953,18.866,9.442,3.182,0.000,250.0,250.0,10.864,3.890,2.660,8.035,6.643,4.116,2.527,4.067,3.746,0.392,3.354,3.354,0.000,0.000,0.000,
11.11.2025,10:8:16.857,12.235,12.208,3.106,2.890,0.000,250.0,250.0,10.876,3.779,2.526,7.764,6.387,3.958,2.429,3.908,3.738,0.392,3.346,3.346,0.000,0.000,0.000,
11.11.2025,10:8:17.856,20.391,11.444,2.466,2.839,0.000,250.0,250.0,11.115,3.767,2.550,7.689,6.345,3.942,2.403,3.893,3.746,0.392,3.354,3.354,0.000,0.000,0.000,
11.11.2025,10:8:18.868,13.594,12.165,3.134,2.869,0.000,250.0,250.0,10.781,3.860,2.746,7.862,6.577,4.077,2.500,4.027,3.735,0.389,3.346,3.346,0.000,0.000,0.000,
11.11.2025,10:8:19.866,13.594,11.917,2.956,2.804,0.000,250.0,250.0,10.643,3.860,2.759,8.123,6.746,4.186,2.560,4.137,3.738,0.392,3.346,3.346,0.000,0.000,0.000,
11.11.2025,10:8:20.870,10.875,12.677,3.782,2.801,0.000,250.0,250.0,10.643,3.933,2.759,8.123,6.746,4.186,2.560,4.137,3.738,0.392,3.346,3.346,0.000,0.000,0.000,
11.11.2025,10:8:21.869,16.313,14.621,5.656,2.784,0.000,250.0,250.0,10.958,3.842,2.808,7.720,6.532,4.055,2.477,4.005,3.738,0.392,3.346,3.346,0.001,0.000,0.000,
11.11.2025,10:8:22.864,13.594,11.403,2.408,2.873,0.000,250.0,250.0,11.009,3.814,2.832,7.595,6.464,4.014,2.450,3.964,3.738,0.392,3.346,3.346,0.000,0.000,0.000,
11.11.2025,10:8:23.863,13.594,11.186,2.260,2.815,0.000,250.0,250.0,11.028,3.843,2.734,7.798,6.528,4.052,2.476,4.003,3.746,0.392,3.354,3.346,0.000,0.000,0.000,
11.11.2025,10:8:24.860,16.313,11.780,2.797,2.810,0.000,250.0,250.0,10.712,3.618,2.599,7.082,5.996,3.718,2.278,3.681,3.738,0.392,3.346,3.346,0.000,0.000,0.000,
11.11.2025,10:8:25.870,19.032,12.006,3.113,2.827,0.000,250.0,250.0,10.715,3.737,2.538,7.593,6.282,3.892,2.390,3.855,3.738,0.392,3.346,3.346,0.000,0.000,0.000,
11.11.2025,10:8:26.871,12.235,12.856,3.871,2.813,0.000,250.0,250.0,10.708,3.859,2.599,7.990,6.565,4.077,2.488,4.028,3.746,0.392,3.354,3.354,0.000,0.000,0.000,
11.11.2025,10:8:27.866,10.875,12.066,3.052,2.814,0.000,250.0,250.0,10.694,3.761,2.697,7.521,6.345,3.930,2.415,3.881,3.735,0.389,3.346,3.346,0.000,0.000,0.000,
11.11.2025,10:8:28.864,4.078,11.865,2.909,2.837,0.000,250.0,250.0,10.977,3.776,2.710,7.572,6.379,3.953,2.426,3.903,3.738,0.392,3.346,3.346,0.000,0.000,0.000,
11.11.2025,10:8:29.861,10.875,11.692,2.748,2.817,0.000,250.0,250.0,10.704,4.075,2.685,8.742,7.080,4.396,2.684,4.346,3.738,0.392,3.346,3.346,0.000,0.000,0.000,
11.11.2025,10:8:30.858,13.594,11.449,2.464,2.819,0.000,250.0,250.0,10.800,4.238,2.697,9.352,7.466,4.632,2.834,4.583,3.735,0.389,3.346,3.346,0.001,0.000,0.000,
11.11.2025,10:8:31.871,9.516,11.897,2.965,2.825,0.000,250.0,250.0,10.776,4.243,2.709,9.353,7.482,4.639,2.843,4.578,3.738,0.392,3.346,3.346,0.000,0.000,0.000,
11.11.2025,10:8:32.861,13.594,11.618,2.694,2.812,0.000,250.0,250.0,10.737,4.231,2.636,9.380,7.450,4.618,2.832,4.569,3.738,0.392,3.346,3.346,0.000,0.000,0.000,
11.11.2025,10:8:33.859,16.313,11.357,2.354,2.835,0.000,250.0,250.0,10.823,4.255,2.624,9.490,7.506,4.651,2.855,4.602,3.738,0.392,3.346,3.346,0.000,0.000,0.000,
11.11.2025,10:8:34.874,9.516,11.366,2.369,2.815,0.000,250.0,250.0,10.751,4.236,2.611,9.410,7.459,4.628,2.831,4.567,3.747,0.393,3.354,3.354,0.000,0.000,0.000,
11.11.2025,10:8:35.869,14.953,11.398,2.445,2.814,0.000,250.0,250.0,10.872,4.557,2.636,10.635,8.219,5.094,3.125,5.033,3.740,0.394,3.346,3.346,0.000,0.000,0.000,
11.11.2025,10:8:36.873,9.516,12.276,3.301,2.838,0.000,250.0,250.0,10.901,4.152,2.722,8.998,7.262,4.505,2.757,4.456,3.738,0.392,3.346,3.346,0.000,0.000,0.000,
11.11.2025,10:8:37.866,9.516,11.499,2.505,2.816,0.000,250.0,250.0,10.696,4.106,2.587,8.949,7.157,4.434,2.723,4.385,3.738,0.392,3.346,3.346,0.000,0.000,0.000,
11.11.2025,10:8:38.865,9.516,12.104,3.155,2.790,0.000,250.0,250.0,10.418,4.210,2.648,9.285,7.409,4.598,2.811,4.536,3.735,0.389,3.346,3.346,0.000,0.000,0.000,
11.11.2025,10:8:39.864,9.516,11.487,2.596,2.802,0.000,250.0,250.0,10.478,3.838,2.501,8.010,6.529,4.040,2.489,3.991,3.738,0.392,3.346,3.346,0.000,0.000,0.000,
11.11.2025,10:8:40.859,13.594,11.674,2.685,2.810,0.000,250.0,250.0,10.210,3.713,2.550,7.494,6.226,3.863,2.363,3.814,3.738,0.392,3.346,3.346,0.000,0.000,0.000,
11.11.2025,10:8:41.873,12.235,11.352,2.440,2.803,0.000,250.0,250.0,10.499,3.720,2.685,7.380,6.243,3.879,2.364,3.829,3.738,0.392,3.346,3.346,0.000,0.000,0.000,
11.11.2025,10:8:42.870,13.594,11.232,2.256,2.825,0.000,250.0,250.0,10.478,3.767,2.673,7.566,6.353,3.940,2.413,3.890,3.746,0.392,3.354,3.346,0.000,0.000,0.000,
11.11.2025,10:8:43.871,14.953,11.052,2.089,2.822,0.000,250.0,250.0,10.693,3.896,2.955,7.777,6.665,4.127,2.538,4.078,3.738,0.392,3.346,3.346,0.001,0.000,0.000,
11.11.2025,10:8:44.866,13.594,11.738,2.732,2.835,0.000,250.0,250.0,10.815,3.821,2.783,7.668,6.479,4.015,2.464,3.978,3.738,0.392,3.346,3.346,0.000,0.000,0.000,
11.11.2025,10:8:45.866,10.875,11.521,2.542,2.822,0.000,250.0,250.0,10.549,3.804,2.722,7.666,6.436,3.999,2.437,3.950,3.738,0.392,3.346,3.354,0.000,0.000,0.000,
11.11.2025,10:8:46.869,16.313,12.426,3.424,2.849,0.000,250.0,250.0,10.444,3.771,2.759,7.503,6.366,3.952,2.414,3.903,3.735,0.389,3.346,3.346,0.000,0.000,0.000,
11.11.2025,10:8:47.865,14.953,11.875,2.936,2.842,0.000,250.0,250.0,10.592,3.849,2.697,7.857,6.551,4.064,2.487,4.015,3.738,0.392,3.346,3.346,0.000,0.000,0.000,
11.11.2025,10:8:48.861,9.516,11.943,2.897,2.847,0.000,250.0,250.0,10.394,3.734,2.636,7.478,6.280,3.891,2.389,3.842,3.738,0.392,3.346,3.346,0.000,0.000,0.000,
11.11.2025,10:8:49.860,10.875,11.246,2.325,2.821,0.000,250.0,250.0,10.253,3.748,2.587,7.590,6.311,3.912,2.399,3.863,3.735,0.389,3.346,3.346,0.000,0.000,0.000,
11.11.2025,10:8:50.858,12.235,11.323,2.378,2.831,0.000,250.0,250.0,10.513,3.680,2.697,7.218,6.151,3.814,2.337,3.765,3.738,0.392,3.346,3.346,0.001,0.000,0.000,
11.11.2025,10:8:51.859,10.875,11.552,2.597,2.829,0.000,250.0,250.0,10.490,3.695,2.673,7.296,6.183,3.830,2.353,3.793,3.738,0.392,3.346,3.346,0.000,0.000,0.000,
11.11.2025,10:8:52.871,12.235,11.419,2.383,2.836,0.000,250.0,250.0,10.435,3.612,2.599,7.050,5.990,3.710,2.280,3.673,3.738,0.392,3.346,3.346,0.000,0.000,0.000,
11.11.2025,10:8:53.868,14.953,11.553,2.613,2.822,0.000,250.0,250.0,10.641,3.730,2.648,7.449,6.256,3.879,2.377,3.843,3.746,0.392,3.354,3.354,0.000,0.000,0.000,
11.11.2025,10:8:54.865,10.875,12.227,3.216,2.864,0.000,250.0,250.0,10.728,3.641,2.636,7.125,6.059,3.756,2.303,3.707,3.738,0.392,3.346,3.346,0.000,0.000,0.000,
11.11.2025,10:8:55.866,10.875,11.419,2.449,2.836,0.000,250.0,250.0,10.520,3.646,2.550,7.230,6.064,3.759,2.305,3.723,3.738,0.392,3.346,3.346,0.000,0.000,0.000,
11.11.2025,10:8:56.868,9.516,13.670,4.600,2.884,0.000,250.0,250.0,10.743,3.763,2.734,7.493,6.349,3.933,2.416,3.883,3.738,0.392,3.346,3.346,0.000,0.000,0.000,
11.11.2025,10:8:57.861,16.313,11.547,2.574,2.832,0.000,250.0,250.0,10.859,3.867,2.746,7.884,6.592,4.091,2.501,4.041,3.735,0.389,3.346,3.346,0.000,0.000,0.000,
11.11.2025,10:8:58.864,13.594,12.068,3.070,2.830,0.000,250.0,250.0,11.124,3.785,2.710,7.598,6.401,3.971,2.430,3.922,3.738,0.392,3.346,3.346,0.000,0.000,0.000,
11.11.2025,10:8:59.866,13.594,11.558,2.608,2.806,0.000,250.0,250.0,10.719,3.792,2.746,7.591,6.415,3.977,2.438,3.927,3.738,0.392,3.346,3.346,0.000,0.000,0.000,
11.11.2025,10:9:0.866,13.594,11.894,2.884,2.854,0.000,250.0,250.0,11.023,3.794,2.611,7.735,6.423,3.974,2.449,3.925,3.738,0.392,3.346,3.346,0.000,0.000,0.000,
11.11.2025,10:9:1.862,9.516,11.717,2.762,2.824,0.000,250.0,250.0,11.171,4.014,2.648,8.530,6.936,4.300,2.636,4.251,3.746,0.392,3.354,3.346,0.000,0.000,0.000,
11.11.2025,10:9:2.863,10.875,11.567,2.629,2.825,0.000,250.0,250.0,10.901,3.790,2.673,7.660,6.405,3.979,2.426,3.930,3.738,0.392,3.346,3.346,0.000,0.000,0.000,
11.11.2025,10:9:3.860,13.594,11.543,2.609,2.797,0.000,250.0,250.0,10.804,3.834,2.734,7.760,6.515,4.039,2.476,3.990,3.738,0.392,3.346,3.346,0.000,0.000,0.000,
11.11.2025,10:9:4.859,10.875,11.279,2.311,2.829,0.000,250.0,250.0,10.634,3.820,2.796,7.652,6.474,4.012,2.462,3.975,3.738,0.392,3.346,3.354,0.001,0.000,0.000,
11.11.2025,10:9:5.867,12.235,11.429,2.449,2.807,0.000,250.0,250.0,10.723,3.807,2.783,7.612,6.452,4.002,2.450,3.952,3.735,0.389,3.346,3.346,0.000,0.000,0.000,
11.11.2025,10:9:6.868,4.078,13.360,4.394,2.839,0.000,250.0,250.0,11.126,3.909,2.943,7.842,6.690,4.152,2.538,4.102,3.738,0.392,3.346,3.346,0.000,0.000,0.000,
11.11.2025,10:9:7.865,13.594,11.886,2.899,2.821,0.000,250.0,250.0,10.936,3.954,3.028,7.935,6.800,4.218,2.582,4.157,3.738,0.392,3.346,3.346,0.000,0.000,0.000,
11.11.2025,10:9:8.865,13.594,11.514,2.557,2.825,0.000,250.0,250.0,10.848,3.796,2.661,7.696,6.421,3.986,2.435,3.937,3.738,0.392,3.346,3.346,0.001,0.000,0.000,
11.11.2025,10:9:9.860,2.719,11.259,2.286,2.817,0.000,250.0,250.0,10.940,3.863,2.587,8.014,6.585,4.074,2.511,4.025,3.746,0.392,3.354,3.346,0.000,0.000,0.000,
11.11.2025,10:9:10.858,14.953,11.493,2.534,2.827,0.000,250.0,250.0,10.885,3.824,2.611,7.846,6.490,4.027,2.463,3.978,3.738,0.392,3.346,3.346,0.000,0.000,0.000,
11.11.2025,10:9:11.871,12.235,11.547,2.549,2.840,0.000,250.0,250.0,10.847,3.829,2.697,7.785,6.500,4.038,2.462,3.989,3.738,0.392,3.346,3.346,0.000,0.000,0.000,
11.11.2025,10:9:12.871,10.875,12.017,3.000,2.859,0.000,250.0,250.0,10.681,3.682,2.660,7.251,6.150,3.813,2.337,3.764,3.746,0.392,3.354,3.354,0.000,0.000,0.000,
11.11.2025,10:9:13.866,12.235,11.403,2.482,2.822,0.000,250.0,250.0,10.683,3.760,2.685,7.527,6.342,3.928,2.414,3.879,3.738,0.392,3.346,3.346,0.000,0.000,0.000,
11.11.2025,10:9:14.869,10.875,11.323,2.347,2.831,0.000,250.0,250.0,10.890,3.727,2.624,7.468,6.256,3.879,2.377,3.843,3.738,0.392,3.346,3.346,0.000,0.000,0.000,
11.11.2025,10:9:15.862,23.110,20.764,11.234,3.276,0.000,250.0,250.0,10.772,3.871,2.697,7.937,6.604,4.091,2.513,4.042,3.738,0.392,3.346,3.346,0.000,0.000,0.000,
11.11.2025,10:9:16.860,9.516,14.724,5.627,2.957,0.000,250.0,250.0,10.867,3.685,2.648,7.288,6.159,3.819,2.340,3.782,3.735,0.389,3.346,3.346,0.000,0.000,0.000,
11.11.2025,10:9:17.860,13.594,14.409,5.344,2.879,0.000,250.0,250.0,10.641,3.789,2.624,7.709,6.402,3.977,2.425,3.928,3.738,0.392,3.346,3.346,0.000,0.000,0.000,
11.11.2025,10:9:18.861,12.235,11.593,2.668,2.819,0.000,250.0,250.0,11.167,3.696,2.513,7.458,6.186,3.833,2.353,3.796,3.738,0.392,3.346,3.346,0.000,0.000,0.000,
11.11.2025,10:9:19.858,9.516,11.221,2.257,2.827,0.000,250.0,250.0,10.706,3.700,2.587,7.398,6.202,3.847,2.355,3.797,3.735,0.389,3.346,3.346,0.000,0.000,0.000,
11.11.2025,10:9:20.871,14.953,11.621,2.642,2.864,0.000,250.0,250.0,10.871,3.769,2.722,7.530,6.362,3.945,2.417,3.896,3.738,0.392,3.346,3.346,0.000,0.000,0.000,
11.11.2025,10:9:21.871,13.594,11.485,2.481,2.842,0.000,250.0,250.0,10.973,3.652,2.661,7.141,6.087,3.770,2.317,3.721,3.738,0.392,3.346,3.346,0.000,0.000,0.000,
11.11.2025,10:9:22.869,10.875,11.761,2.760,2.843,0.000,250.0,250.0,10.633,3.612,2.612,7.041,5.986,3.707,2.279,3.670,3.738,0.392,3.346,3.346,0.000,0.000,0.000,
11.11.2025,10:9:23.867,10.875,11.113,2.157,2.814,0.000,250.0,250.0,10.658,3.715,2.587,7.457,6.230,3.866,2.364,3.817,3.738,0.392,3.346,3.354,0.000,0.000,0.000,
11.11.2025,10:9:24.867,12.235,11.934,2.941,2.847,0.000,250.0,250.0,10.830,3.760,2.722,7.497,6.343,3.929,2.414,3.879,3.735,0.389,3.346,3.346,0.000,0.000,0.000,
11.11.2025,10:9:25.861,13.594,11.595,2.621,2.840,0.000,250.0,250.0,10.898,3.895,2.698,8.033,6.660,4.132,2.528,4.082,3.738,0.392,3.346,3.346,0.000,0.000,0.000,
11.11.2025,10:9:26.861,17.672,11.867,2.850,2.867,0.000,250.0,250.0,11.146,3.918,2.771,8.046,6.714,4.164,2.550,4.114,3.738,0.392,3.346,3.346,0.000,0.000,0.000,
11.11.2025,10:9:27.855,14.953,12.647,3.666,2.843,0.000,250.0,250.0,10.812,3.667,2.673,7.192,6.118,3.791,2.327,3.754,3.735,0.389,3.346,3.346,0.000,0.000,0.000,
11.11.2025,10:9:28.859,9.516,11.884,2.872,2.877,0.000,250.0,250.0,10.858,3.787,2.845,7.472,6.407,3.967,2.440,3.918,3.738,0.392,3.346,3.346,0.000,0.000,0.000,
11.11.2025,10:9:29.857,10.875,11.310,2.347,2.846,0.000,250.0,250.0,10.902,3.729,2.881,7.216,6.264,3.889,2.375,3.839,3.738,0.392,3.346,3.346,0.000,0.000,0.000,
11.11.2025,10:9:30.859,14.953,12.438,3.439,2.845,0.000,250.0,250.0,11.004,4.046,2.992,8.316,7.019,4.347,2.672,4.297,3.735,0.389,3.346,3.346,0.000,0.000,0.000,
11.11.2025,10:9:31.858,4.078,11.615,2.626,2.854,0.000,250.0,250.0,10.869,4.034,2.857,8.404,6.976,4.331,2.645,4.282,3.746,0.392,3.354,3.354,0.001,0.000,0.000,
11.11.2025,10:9:32.856,10.875,11.301,2.322,2.843,0.000,250.0,250.0,10.919,3.957,2.648,8.325,6.811,4.225,2.586,4.163,3.735,0.389,3.346,3.346,0.000,0.000,0.000,
11.11.2025,10:9:33.870,12.235,10.994,2.012,2.843,0.000,250.0,250.0,10.823,3.895,2.722,8.005,6.663,4.126,2.537,4.077,3.735,0.389,3.346,3.346,0.000,0.000,0.000,
11.11.2025,10:9:34.864,10.875,11.636,2.642,2.819,0.000,250.0,250.0,10.523,3.956,2.722,8.239,6.807,4.222,2.585,4.160,3.738,0.392,3.346,3.346,0.000,0.000,0.000,
11.11.2025,10:9:35.864,14.953,12.403,3.481,2.786,0.000,250.0,250.0,10.761,3.925,2.746,8.105,6.730,4.171,2.559,4.121,3.735,0.389,3.346,3.346,0.000,0.000,0.000,
11.11.2025,10:9:36.861,8.156,15.452,6.391,2.825,0.000,250.0,250.0,10.742,4.011,2.685,8.489,6.931,4.297,2.634,4.248,3.738,0.392,3.346,3.346,0.000,0.000,0.000,
11.11.2025,10:9:37.866,10.875,11.685,2.690,2.851,0.000,250.0,250.0,10.885,4.027,2.832,8.404,6.971,4.323,2.648,4.273,3.738,0.392,3.346,3.346,0.000,0.000,0.000,
11.11.2025,10:9:38.870,14.953,11.047,2.029,2.867,0.000,250.0,250.0,10.948,3.854,2.611,7.972,6.559,4.073,2.486,4.024,3.735,0.389,3.346,3.346,0.000,0.000,0.000,
11.11.2025,10:9:39.866,13.594,11.407,2.412,2.842,0.000,250.0,250.0,10.753,3.979,2.661,8.393,6.858,4.248,2.610,4.199,3.738,0.392,3.346,3.346,0.000,0.000,0.000,
11.11.2025,10:9:40.864,13.594,11.168,2.196,2.871,0.000,250.0,250.0,10.871,3.670,2.550,7.332,6.124,3.795,2.329,3.758,3.735,0.389,3.346,3.346,0.000,0.000,0.000,
11.11.2025,10:9:41.860,6.797,11.168,2.196,2.871,0.000,250.0,250.0,10.681,3.694,2.771,7.194,6.187,3.833,2.354,3.784,3.735,0.389,3.346,3.346,0.000,0.000,0.000,
11.11.2025,10:9:42.876,5.438,11.480,2.474,2.870,0.000,250.0,250.0,10.592,3.853,2.759,7.808,6.561,4.070,2.491,4.020,3.738,0.392,3.346,3.346,0.000,0.000,0.000,
11.11.2025,10:9:43.877,5.438,11.616,2.618,2.842,0.000,250.0,250.0,10.779,3.773,2.685,7.587,6.370,3.955,2.415,3.905,3.735,0.389,3.346,3.346,0.000,0.000,0.000,
11.11.2025,10:9:44.885,5.438,11.950,2.890,2.881,0.000,250.0,250.0,10.906,3.840,2.685,7.833,6.532,4.042,2.490,3.993,3.738,0.392,3.346,3.346,0.000,0.000,0.000,
11.11.2025,10:9:45.897,5.438,11.184,2.191,2.858,0.000,250.0,250.0,10.907,3.751,2.685,7.498,6.320,3.918,2.402,3.868,3.735,0.389,3.346,3.346,0.000,0.000,0.000,
11.11.2025,10:9:46.895,9.516,12.408,3.356,2.896,0.000,250.0,250.0,10.855,3.669,2.599,7.269,6.127,3.797,2.330,3.748,3.735,0.389,3.346,3.346,0.001,0.000,0.000,
11.11.2025,10:9:47.894,10.875,11.586,2.541,2.857,0.000,250.0,250.0,10.675,3.712,2.563,7.461,6.224,3.858,2.366,3.809,3.746,0.392,3.354,3.346,0.000,0.000,0.000,
11.11.2025,10:9:48.891,10.875,11.738,2.789,2.865,0.000,250.0,250.0,10.922,4.106,2.624,8.914,7.157,4.434,2.723,4.385,3.738,0.392,3.346,3.346,0.000,0.000,0.000,
11.11.2025,10:9:49.888,8.156,11.084,2.064,2.846,0.000,250.0,250.0,10.942,3.960,2.746,8.228,6.819,4.230,2.589,4.168,3.735,0.389,3.346,3.346,0.000,0.000,0.000,
11.11.2025,10:9:50.908,9.516,11.823,2.785,2.865,0.000,250.0,250.0,11.115,3.876,2.697,7.960,6.614,4.101,2.513,4.052,3.738,0.392,3.346,3.346,0.000,0.000,0.000,
11.11.2025,10:9:51.904,10.875,11.415,2.455,2.870,0.000,250.0,250.0,10.780,3.900,2.967,7.788,6.671,4.135,2.536,4.086,3.735,0.389,3.346,3.346,0.000,0.000,0.000,
11.11.2025,10:9:52.917,12.235,11.739,2.696,2.873,0.000,250.0,250.0,10.818,3.821,2.795,7.659,6.484,4.023,2.461,3.974,3.735,0.389,3.346,3.346,0.000,0.000,0.000,
11.11.2025,10:9:53.913,8.156,11.601,2.594,2.873,0.000,250.0,250.0,11.140,3.947,2.808,8.122,6.785,4.199,2.586,4.150,3.735,0.389,3.346,3.346,0.000,0.000,0.000,
11.11.2025,10:9:54.909,10.875,11.871,2.868,2.879,0.000,250.0,250.0,10.967,3.819,2.575,7.875,6.474,4.013,2.461,3.976,3.735,0.389,3.346,3.346,0.001,0.000,0.000,
11.11.2025,10:9:55.907,10.875,11.885,2.823,2.904,0.000,250.0,250.0,10.802,3.896,2.611,8.125,6.665,4.127,2.538,4.078,3.735,0.389,3.346,3.346,0.000,0.000,0.000,
11.11.2025,10:9:56.911,10.875,11.754,2.733,2.859,0.000,250.0,250.0,10.783,3.880,2.673,8.001,6.630,4.104,2.526,4.054,3.735,0.389,3.346,3.346,0.000,0.000,0.000,
11.11.2025,10:9:57.910,10.875,11.754,2.733,2.859,0.000,250.0,250.0,10.540,3.792,2.734,7.605,6.417,3.978,2.439,3.929,3.735,0.389,3.346,3.346,0.000,0.000,0.000,
11.11.2025,10:9:58.911,20.391,11.426,2.450,2.835,0.000,250.0,250.0,10.374,3.796,2.661,7.694,6.430,3.979,2.451,3.929,3.738,0.392,3.346,3.346,0.000,0.000,0.000,
11.11.2025,10:9:59.910,16.313,11.422,2.433,2.849,0.000,250.0,250.0,10.375,3.825,2.746,7.716,6.495,4.030,2.465,3.981,3.735,0.389,3.346,3.346,0.000,0.000,0.000,
11.11.2025,10:10:0.905,13.594,11.523,2.591,2.817,0.000,250.0,250.0,10.736,3.710,2.697,7.321,6.226,3.859,2.367,3.810,3.735,0.389,3.346,3.346,0.000,0.000,0.000,
11.11.2025,10:10:1.902,10.875,13.367,4.317,2.875,0.000,250.0,250.0,10.460,3.758,2.710,7.494,6.334,3.931,2.403,3.881,3.738,0.392,3.346,3.354,0.000,0.000,0.000,
11.11.2025,10:10:2.917,13.594,11.508,2.502,2.846,0.000,250.0,250.0,10.720,3.635,2.648,7.088,6.050,3.746,2.304,3.696,3.735,0.389,3.346,3.346,0.000,0.000,0.000,
11.11.2025,10:10:3.917,13.594,11.621,2.665,2.851,0.000,250.0,250.0,10.744,3.635,2.538,7.354,6.144,3.805,2.339,3.756,3.738,0.392,3.346,3.346,0.000,0.000,0.000,
11.11.2025,10:10:4.913,4.078,11.720,2.761,2.798,0.000,250.0,250.0,10.744,3.676,2.538,7.354,6.144,3.805,2.339,3.756,3.738,0.392,3.346,3.346,0.000,0.000,0.000,
11.11.2025,10:10:5.912,5.438,11.252,2.234,2.853,0.000,250.0,250.0,10.723,3.710,2.648,7.382,6.219,3.854,2.365,3.817,3.735,0.389,3.346,3.346,0.000,0.000,0.000,
11.11.2025,10:10:6.905,12.235,11.773,2.786,2.847,0.000,250.0,250.0,10.735,3.723,2.857,7.225,6.248,3.874,2.374,3.837,3.735,0.389,3.346,3.346,0.000,0.000,0.000,
11.11.2025,10:10:7.906,10.875,11.523,2.496,2.848,0.000,250.0,250.0,10.953,3.727,2.685,7.409,6.255,3.878,2.377,3.841,3.738,0.392,3.346,3.346,0.000,0.000,0.000,
11.11.2025,10:10:8.921,2.719,11.829,2.871,2.852,0.000,250.0,250.0,10.897,3.826,2.710,7.757,6.496,4.031,2.465,3.982,3.735,0.389,3.346,3.346,0.000,0.000,0.000,
11.11.2025,10:10:9.921,4.078,11.255,2.251,2.852,0.000,250.0,250.0,10.801,4.399,2.611,9.783,7.679,4.763,2.916,4.714,4.088,0.717,3.371,3.346,0.000,0.000,0.000,
11.11.2025,10:10:10.926,25.829,11.926,2.951,2.876,0.000,250.0,250.0,10.559,4.178,2.660,9.097,7.291,4.520,2.771,4.470,3.809,0.445,3.364,3.354,0.001,0.000,0.000,
Date,Time,"VR VCC 전류 (SVID IOUT) [A]","CPU 패키지 전력 소비 [W]","IA 코어 전력 소비 [W]","시스템 에이전트 전력 소비 [W]","나머지 칩 전력 소비 [W]","PL1 전력 제한 (Static) [W]","PL2 전력 제한 (Static) [W]","GPU 전력 소비 [W]","GPU 라인 전력 소비 (avg) [W]","GPU PCIe +12V 입력 전력 소비 [W]","GPU 12VHPWR 전력 소비 [W]","GPU Unknown Rail (D6) 전력 소비 (sum) [W]","GPU Core (NVVDD) 입력 전력 소비 (sum) [W]","GPU Unknown Rail (D4) 전력 소비 (sum) [W]","GPU Misc0 입력 전력 소비 (sum) [W]","GPU Unknown Rail (D) 전력 소비 (sum) [W]","GPU Unknown Rail (10) 전력 소비 [W]","GPU Core (NVVDD) 출력 전력 소비 [W]","GPU Core (NVVDD) 출력 전력 소비 [W]","PCH 전력 소비 [W]","총 전력 소비 [W]","총 전력 소비 [W]",
,,CPU [#0]: Intel Core Ultra 7 265KF: Enhanced,CPU [#0]: Intel Core Ultra 7 265KF: Enhanced,CPU [#0]: Intel Core Ultra 7 265KF: Enhanced,CPU [#0]: Intel Core Ultra 7 265KF: Enhanced,CPU [#0]: Intel Core Ultra 7 265KF: Enhanced,CPU [#0]: Intel Core Ultra 7 265KF: Enhanced,CPU [#0]: Intel Core Ultra 7 265KF: Enhanced,GPU [#1]: NVIDIA GeForce RTX 5090: GIGABYTE GeForce RTX 5090 GAMING OC 32G (GV-N5090GAMING OC-32GD),GPU [#1]: NVIDIA GeForce RTX 5090: GIGABYTE GeForce RTX 5090 GAMING OC 32G (GV-N5090GAMING OC-32GD),GPU [#1]: NVIDIA GeForce RTX 5090: GIGABYTE GeForce RTX 5090 GAMING OC 32G (GV-N5090GAMING OC-32GD),GPU [#1]: NVIDIA GeForce RTX 5090: GIGABYTE GeForce RTX 5090 GAMING OC 32G (GV-N5090GAMING OC-32GD),GPU [#1]: NVIDIA GeForce RTX 5090: GIGABYTE GeForce RTX 5090 GAMING OC 32G (GV-N5090GAMING OC-32GD),GPU [#1]: NVIDIA GeForce RTX 5090: GIGABYTE GeForce RTX 5090 GAMING OC 32G (GV-N5090GAMING OC-32GD),GPU [#1]: NVIDIA GeForce RTX 5090: GIGABYTE GeForce RTX 5090 GAMING OC 32G (GV-N5090GAMING OC-32GD),GPU [#1]: NVIDIA GeForce RTX 5090: GIGABYTE GeForce RTX 5090 GAMING OC 32G (GV-N5090GAMING OC-32GD),GPU [#1]: NVIDIA GeForce RTX 5090: GIGABYTE GeForce RTX 5090 GAMING OC 32G (GV-N5090GAMING OC-32GD),GPU [#1]: NVIDIA GeForce RTX 5090: GIGABYTE GeForce RTX 5090 GAMING OC 32G (GV-N5090GAMING OC-32GD),GPU [#1]: NVIDIA GeForce RTX 5090: GIGABYTE GeForce RTX 5090 GAMING OC 32G (GV-N5090GAMING OC-32GD),GPU [#1]: NVIDIA GeForce RTX 5090: GIGABYTE GeForce RTX 5090 GAMING OC 32G (GV-N5090GAMING OC-32GD),CPU [#0]: Intel Core Ultra 7 265KF: Enhanced,DDR5 DIMM [#1]: Micron CP32G64C40U5B.M8B1 (BANK 1/DIMMB2),DDR5 DIMM [#3]: Micron CP32G64C40U5B.M8B1 (BANK 0/DIMMA2),
